crdb;brand;folder;name;seasons;name_source;seasons_source;prestige_cup_info;remark
Abarth_500_2014;Abarth;Abarth 500;Abarth 500;;repository;;;
Acura_IntegraGSRF1_1998;Acura;Acura Integra GS-R;Acura Integra GS-R;;repository;;;
Acura_IntegraTypeRDB8F1_1995;Acura;Acura Integra LS Sedan;Acura Integra LS Sedan;;repository;;;
Acura_NSXF9_2018;Acura;Acura NSX;Acura NSX;;repository;;;
Acura_NSXTypeSReward_2022;Acura;Acura NSX Type S 2022;Acura NSX Type S 2022;171;repository;repository;;
Acura_NSXTypeSRewardRecycled_2022;Acura;Acura NSX Type S 2022;Acura NSX Type S 2022;171;repository;repository;;
AlfaRomeo_4CCoupeCrew_2013;Alfa Romeo;#Summer's Alfa Romeo 4C 'Launch Edition';Summer's Alfa Romeo 4C 'Launch Edition';;repository;;;
AlfaRomeo_4CCoupeCrewRecycled_2013;Alfa Romeo;Alfa Romeo 4C;Alfa Romeo 4C;;repository;;;
AlfaRomeo_4CSpider_2016;Alfa Romeo;Alfa Romeo 4C Spider;Alfa Romeo 4C Spider;;repository;;;
AlfaRomeo_8CCompetizione_2007;Alfa Romeo;Alfa Romeo 8C Competizione;Alfa Romeo 8C Competizione;;repository;;;
AlfaRomeo_8CSpiderReward_2009;Alfa Romeo;Alfa Romeo 8C Spider;Alfa Romeo 8C Spider;108;repository;repository;;
AlfaRomeo_8CSpiderRewardRecycled_2009;Alfa Romeo;Alfa Romeo 8C Spider;Alfa Romeo 8C Spider;108;repository;repository;;
AlfaRomeo_GiuliaGTAmReward_2021;Alfa Romeo;Alfa Romeo Giulia GTAm;Alfa Romeo Giulia GTAm;121;repository;repository;;
AlfaRomeo_GiuliaGTAmRewardRecycled_2021;Alfa Romeo;Alfa Romeo Giulia GTAm;Alfa Romeo Giulia GTAm;121;repository;repository;;
AlfaRomeo_GiuliaQuadrifoglio_2017;Alfa Romeo;Alfa Romeo Guilia Quadrifoglio;Alfa Romeo Guilia Quadrifoglio;;repository;;;
Alpine_A110_2018;Alpine;Alpine A110;Alpine A110;;repository;;;
AMC_RingbrothersJavelinDefiant_1972;AMC;AMC Ringbrothers Prestone Javelin AMX 'Defiant!';AMC Ringbrothers Prestone Javelin AMX 'Defiant!';;repository;;;
Apollo_IntensaEmozione_2019;Apollo;Apollo Intensa Emozione;Apollo Intensa Emozione;;repository;;;
Apollo_IntensaEmozioneCarbon_2019;Apollo;Apollo Intensa Emozione Carbon;Apollo Intensa Emozione Carbon;;repository;;;
Apollo_IntensaEmozioneOrangeDragon_2019;Apollo;Apollo Intensa Emozione 'Orange Dragon';Apollo Intensa Emozione 'Orange Dragon';;repository;;;
Apollo_ProjectEvo_2022;Apollo;Apollo Project Evo;Apollo Project Evo;;repository;;;
Apollo_S_2008;Apollo;Apollo S;Apollo S;;repository;;;
Arrinera_HussaryaReward_2020;Arrinera;Arrinera Hussarya;Arrinera Hussarya;129;repository;repository;;
Arrinera_HussaryaRewardRecycled_2020;Arrinera;Arrinera Hussarya;Arrinera Hussarya;129;repository;repository;;
Aspark_Owl_2021;Aspark;Aspark Owl;Aspark Owl;;repository;;;
Aspark_OwlSP600_2024;Aspark;Aspark Owl SP600;Aspark Owl SP600;;automatic;;;
AstonMartin_DB11Reward_2017;Aston Martin;Aston Martin DB11;Aston Martin DB11;024;repository;repository;;
AstonMartin_DB11RewardRecycled_2017;Aston Martin;Aston Martin DB11;Aston Martin DB11;024;repository;repository;;
AstonMartin_DB12_2023;Aston Martin;Aston Martin DB12;Aston Martin DB12;;repository;;;
AstonMartin_DB12VolanteReward_2024;Aston Martin;Aston Martin DB12 Volante;Aston Martin DB12 Volante;212;repository;repository;;
AstonMartin_DB12VolanteRewardRecycled_2024;Aston Martin;Aston Martin DB12 Volante;Aston Martin DB12 Volante;212;repository;repository;;
AstonMartin_DB5Classic_1964;Aston Martin;Aston Martin DB5;Aston Martin DB5;;repository;;;
AstonMartin_DBR22_2023;Aston Martin;Aston Martin DBR22;Aston Martin DBR22;;repository;;;
AstonMartin_DBS770UltimateReward_2023;Aston Martin;Aston Martin DBS 770 Ultimate;Aston Martin DBS 770 Ultimate;209;repository;repository;;
AstonMartin_DBS770UltimateRewardRecycled_2023;Aston Martin;Aston Martin DBS 770 Ultimate;Aston Martin DBS 770 Ultimate;209;repository;repository;;
AstonMartin_DBSGTZagato_2020;Aston Martin;Aston Martin DBS GT Zagato;Aston Martin DBS GT Zagato;;repository;;;
AstonMartin_DBSSuperleggeraReward_2019;Aston Martin;Aston Martin DBS Superleggera;Aston Martin DBS Superleggera;068;repository;repository;;
AstonMartin_DBSSuperleggeraRewardRecycled_2019;Aston Martin;Aston Martin DBS Superleggera;Aston Martin DBS Superleggera;068;repository;repository;;
AstonMartin_DBSVolanteReward_2020;Aston Martin;Aston Martin DBS Volante;Aston Martin DBS Volante;145;repository;repository;;
AstonMartin_DBSVolanteRewardRecycled_2020;Aston Martin;Aston Martin DBS Volante;Aston Martin DBS Volante;145;repository;repository;;
AstonMartin_DBX707Reward_2023;Aston Martin;Aston Martin DBX 707;Aston Martin DBX 707;186;repository;repository;;
AstonMartin_DBX707RewardRecycled_2023;Aston Martin;Aston Martin DBX 707;Aston Martin DBX 707;186;repository;repository;;
AstonMartin_DBXReward_2019;Aston Martin;Aston Martin DBX;Aston Martin DBX;103;repository;repository;;
AstonMartin_DBXRewardRecycled_2019;Aston Martin;Aston Martin DBX;Aston Martin DBX;103;repository;repository;;
AstonMartin_DBXSReward_2026;Aston Martin;Aston Martin DBX S;Aston Martin DBX S;253;repository;repository;;
AstonMartin_DBXSRewardRecycled_2026;Aston Martin;Aston Martin DBX S;Aston Martin DBX S;253;repository;repository;;
AstonMartin_One77Reward_2010;Aston Martin;Aston Martin One-77;Aston Martin One-77;037;repository;repository;;
AstonMartin_One77RewardRecycled_2010;Aston Martin;Aston Martin One-77;Aston Martin One-77;037;repository;repository;;
AstonMartin_V12Speedster_2021;Aston Martin;Aston Martin V12 Speedster;Aston Martin V12 Speedster;;repository;;;
AstonMartin_V12SpeedsterDBR1_2021;Aston Martin;Aston Martin V12 Speedster 'DBR1';Aston Martin V12 Speedster 'DBR1';;repository;;;
AstonMartin_V12Vantage_2023;Aston Martin;Aston Martin V12 Vantage;Aston Martin V12 Vantage;;repository;;;
AstonMartin_V12VantageRReward_2023;Aston Martin;Aston Martin V12 Vantage Roadster;Aston Martin V12 Vantage Roadster;231;repository;repository;;
AstonMartin_V12VantageRRewardRecycled_2023;Aston Martin;Aston Martin V12 Vantage Roadster;Aston Martin V12 Vantage Roadster;231;repository;repository;;
AstonMartin_Valhalla_2020;Aston Martin;Aston Martin Valhalla Concept;Aston Martin Valhalla Concept;;repository;;;
AstonMartin_Valhalla_2025;Aston Martin;Aston Martin Valhalla;Aston Martin Valhalla;;repository;;;
AstonMartin_ValhallaGold_2020;Aston Martin;Aston Martin Valhalla Concept;Aston Martin Valhalla Concept;;repository;;;
AstonMartin_Valiant_2025;Aston Martin;Aston Martin Valiant;Aston Martin Valiant;;repository;;;
AstonMartin_Valkyrie_2020;Aston Martin;Aston Martin Valkyrie;Aston Martin Valkyrie;;repository;;;
AstonMartin_ValkyrieAMRPro_2022;Aston Martin;Aston Martin Valkyrie AMR Pro;Aston Martin Valkyrie AMR Pro;;repository;;;
AstonMartin_ValkyrieAMRProConcept_2020;Aston Martin;Aston Martin Valkyrie AMR Pro Concept;Aston Martin Valkyrie AMR Pro Concept;;repository;;;
AstonMartin_ValkyrieSpider_2022;Aston Martin;Aston Martin Valkyrie Spider;Aston Martin Valkyrie Spider;;repository;;;
AstonMartin_ValkyrieSpirit_2020;Aston Martin;Aston Martin Valkyrie 'Spirit - Designer Spec';Aston Martin Valkyrie 'Spirit - Designer Spec';;repository;;;
AstonMartin_ValkyrieTrackPack_2020;Aston Martin;Aston Martin Valkyrie 'TrackPack';Aston Martin Valkyrie 'TrackPack';;repository;;;
AstonMartin_ValkyrieTrackPackAMR_2020;Aston Martin;Aston Martin Valkyrie Track Pack AMR;Aston Martin Valkyrie Track Pack AMR;;repository;;;
AstonMartin_Valour_2024;Aston Martin;Aston Martin Valour;Aston Martin Valour;;repository;;;
AstonMartin_ValourReward_2024;Aston Martin;Aston Martin Valour;Aston Martin Valour;222;repository;repository;;
AstonMartin_ValourRewardRecycled_2024;Aston Martin;Aston Martin Valour;Aston Martin Valour;222;repository;repository;;
AstonMartin_Vanquish_2014;Aston Martin;Aston Martin Vanquish;Aston Martin Vanquish;;repository;;;
AstonMartin_Vanquish_2025;Aston Martin;Aston Martin Vanquish 2025;Aston Martin Vanquish 2025;;repository;;;
AstonMartin_VanquishVReward_2025;Aston Martin;Aston Martin Vanquish Volante 2025;Aston Martin Vanquish Volante 2025;243;repository;repository;;
AstonMartin_VanquishVRewardRecycled_2025;Aston Martin;Aston Martin Vanquish Volante 2025;Aston Martin Vanquish Volante 2025;243;repository;repository;278;
AstonMartin_VanquishZagatoReward_2017;Aston Martin;Aston Martin Vanquish Zagato Coupe;Aston Martin Vanquish Zagato Coupe;083;repository;repository;;
AstonMartin_VanquishZagatoRewardRecycled_2017;Aston Martin;Aston Martin Vanquish Zagato Coupe;Aston Martin Vanquish Zagato Coupe;083;repository;repository;;
AstonMartin_VanquishZagatoSB_2017;Aston Martin;Aston Martin Vanquish Zagato Shooting Brake;Aston Martin Vanquish Zagato Shooting Brake;;repository;;;
AstonMartin_Vantage_2024;Aston Martin;Aston Martin Vantage 2024;Aston Martin Vantage 2024;;repository;;;
AstonMartin_VantageGT12_2016;Aston Martin;Aston Martin Vantage GT12;Aston Martin Vantage GT12;;repository;;;
AstonMartin_VantageGTE_2020;Aston Martin;Aston Martin Vantage GTE;Asston Marting Vantage GTE;;repository;;;
AstonMartin_VantageRoadsterReward_2021;Aston Martin;Aston Martin Vantage Roadster;Aston Martin Vantage Roadster;114;repository;repository;;
AstonMartin_VantageRoadsterRewardRecycled_2021;Aston Martin;Aston Martin Vantage Roadster;AstonMartin Vantage Roadster;114;repository;repository;;
AstonMartin_VantageRReward_2025;Aston Martin;Aston Martin Vantage Roadster 2025;Aston Martin Vantage Roadster 2025;238;repository;pair AstonMartin_VantageRRewardRecycled_2025;;
AstonMartin_VantageRRewardRecycled_2025;Aston Martin;Aston Martin Vantage Roadster 2025;Aston Martin Vantage Roadster 2025;238;repository;repository Stage6 file;;
AstonMartin_VantageV8Reward_2018;Aston Martin;Aston Martin Vantage;Aston Martin Vantage;048;repository;repository;;
AstonMartin_VantageV8RewardRecycled_2018;Aston Martin;Aston Martin Vantage;Aston Martin Vantage;048;repository;repository;;
AstonMartin_Victor_2020;Aston Martin;Aston Martin Victor;Aston Martin Victor;;repository;;;
AstonMartin_VulcanReward_2016;Aston Martin;Aston Martin Vulcan AMR Pro;Aston Martin Vulcan AMR Pro;034;repository;repository;;
AstonMartin_VulcanRewardGold_2016;Aston Martin;Aston Martin Vulcan AMR Pro;Aston Martin Vulcan AMR Pro;;repository;;;
AstonMartin_VulcanRewardRecycled_2016;Aston Martin;Aston Martin Vulcan;Aston Martin Vulcan;034;repository;repository;;
ATSAutomobili_GTReward_2018;ATS Automobili;ATS Automobili GT;ATS Automobili GT;087;repository;repository;;
ATSAutomobili_GTRewardRecycled_2018;ATS Automobili;ATS Automobili GT;ATS Automobili GT;087;repository;repository;;
ATSAutomobili_RRTurbo_2020;ATS Automobili;ATS Automobili RR Turbo;ATS Automobili RR Turbo;;repository;;;
Audi_ABTRS6RReward_2020;Audi;Audi ABT RS6-R;Audi ABT RS6-R;135;repository;repository;;
Audi_ABTRS6RRewardRecycled_2020;Audi;Audi ABT RS6-R;Audi ABT RS6-R;135;repository;repository;;
Audi_ABTRS7RReward_2020;Audi;Audi ABT RS7-R 'Daniel Abt Edition';Audi ABT RS7-R 'Daniel Abt Edition';160;repository;repository;;
Audi_ABTRS7RRewardRecycled_2020;Audi;Audi ABT RS7-R;Audi ABT RS7-R;160;repository;repository;;
Audi_LBR8V10PlusCoupeElite_2014;Audi;#Ruby Rose's Audi LB R8 V10 plus Coupe;Ruby Rose's Audi LB R8 V10 plus Coupe;;repository;;;
Audi_LBR8V10PlusCoupeReward_2014;Audi;Audi LB R8 V10 plus Coupe 2014;Audi LB R8 V10 plus Coupe 2014;047;repository;repository;;
Audi_LBR8V10PlusCoupeRewardRecycled_2014;Audi;Audi LB R8 V10 Plus Coupe 2014;Audi LB R8 V10 Plus Coupe 2014;047;repository;repository;;
Audi_LBRS5Coupe_2014;Audi;Audi LB RS 5 Coupe;Audi LB RS 5 Coupe;;repository;;;
Audi_LBRS5CoupeElite_2014;Audi;#Ruby Rose's Audi LB RS 5 Coupe;Ruby Rose's Audi LB RS 5 Coupe;;repository;;;
Audi_NEWINGR8RSRReward_2016;Audi;Audi NEWING Alpil R8 RSR;Audi NEWING Alpil R8 RSR;117;repository;repository;;
Audi_NEWINGR8RSRRewardRecycled_2016;Audi;Audi NEWING Alpil R8 RSR;Audi NEWING Alpil R8 RSR;117;repository;repository;;
Audi_R18_2014;Audi;Audi R18 e-tron quattro;Audi R18 e-tron quattro;;repository;;;
Audi_R8LMSGT3_2019;Audi;Audi R8 LMS GT3;Audi R8 LMS GT3;;repository;;;
Audi_R8SpyderReward_2020;Audi;Audi R8 Spyder V10;Audi R8 Spyder V10;138;repository;repository;;
Audi_R8SpyderRewardRecycled_2020;Audi;Audi R8 Spyder V10;Audi R8 Spyder V10;138;repository;repository;;
Audi_R8V10Decennium_2019;Audi;Audi R8 V10 Decennium;Audi R8 V10 Decennium;;repository;;;
Audi_R8V10GreenHell_2020;Audi;Audi R8 Green Hell;Audi R8 Green Hell;;repository;;;
Audi_R8V10GTReward_2023;Audi;Audi R8 Coupe V10 GT RWD;Audi R8 Coupe V10 GT RWD;203;repository;repository;;
Audi_R8V10GTRewardRecycled_2023;Audi;Audi R8 Coupe V10 GT RWD;Audi R8 Coupe V10 GT RWD;203;repository;repository;;
Audi_R8V10PlusCoupe_2014;Audi;Audi R8 V10 Plus Coupe 2014;Audi R8 V10 Plus Coupe 2014;;repository;;;
Audi_R8V10PlusCoupe_2016;Audi;Audi R8 V10 Plus Coupe 2016;Audi R8 V10 Plus Coupe 2016;;repository;;;
Audi_R8V10PlusCoupeReward_2016;Audi;Audi Vorsteiner R8 VRS;Audi Vorsteiner R8 VRS;028;repository;repository;;
Audi_R8V10PlusCoupeRewardRecycled_2016;Audi;Audi Vorsteiner R8 VRS;Audi Vorsteiner R8 VRS;028;repository;repository;;
Audi_RS3SedanReward_2023;Audi;Audi RS3 Sedan performance edition;Audi RS 3 performance edition;200;repository;repository;;
Audi_RS3SedanRewardRecycled_2023;Audi;Audi RS3 Sedan performance edition;Audi RS 3 performance edition;200;repository;repository;;
Audi_RS3SportbackReward_2023;Audi;Audi RS3 Sportback performance edition;Audi RS3 Sportback performance edition;258;repository;repository;;
Audi_RS3SportbackRewardRecycled_2023;Audi;Audi RS3 Sportback performance edition;Audi RS3 Sportback performance edition;258;repository;repository;;
Audi_RS5Coupe_2014;Audi;Audi RS 5 Coupe;Audi RS 5 Coupe;;repository;;;
Audi_RS5CoupeReward_2020;Audi;Audi RS 5 Coupe;Audi RS 5 Coupe;140;repository;repository;;
Audi_RS5CoupeRewardRecycled_2020;Audi;Audi RS 5 Coupe;Audi RS 5 Coupe;140;repository;repository;;
Audi_RS6AvantGTReward_2024;Audi;Audi RS 6 Avant GT;Audi RS 6 Avant GT;224;repository;repository;;
Audi_RS6AvantGTRewardRecycled_2024;Audi;Audi RS 6 Avant GT;Audi RS 6 Avant GT;224;repository;repository;;
Audi_RS6AvantReward_2020;Audi;Audi RS6 Avant;Audi RS6 Avant;106;repository;repository;;
Audi_RS6AvantRewardRecycled_2020;Audi;Audi RS6 Avant;Audi RS6 Avant;106;repository;repository;;
Audi_RS7SportbackReward_2020;Audi;Audi RS7 Sportback;Audi RS 7 Sportback;147;repository;repository;;
Audi_RS7SportbackRewardRecycled_2020;Audi;Audi RS7 Sportback;Audi RS 7 Sportback;147;repository;repository;;
Audi_RSetronGTReward_2022;Audi;Audi RS e-tron GT;Audi RS e-tron GT;166;repository;repository;;
Audi_RSetronGTRewardRecycled_2022;Audi;Audi RS e-tron GT;Audi RS e-tron GT;166;repository;repository;;
Audi_S1ETronQuattroHoonitron_2022;Audi;Audi S1 Hoonitron;Audi S1 Hoonitron;;repository;;;
Audi_TTRSCoupeIEReward_2023;Audi;Audi TT RS Coupe iconic edition;Audi TT RS Coupé iconic edition;237;repository;repository Stage6 file;;
Audi_TTRSCoupeIERewardRecycled_2023;Audi;Audi TT RS Coupe iconic edition;Audi TT RS Coupé iconic edition;237;repository;repository Stage6 file;;
Audi_TTRSPlusCoupe_2014;Audi;Audi TT RS;Audi TT RS;;repository;;;
BAC_MonoReward_2017;BAC;BAC Mono;BAC Mono;038;repository;repository;;
BAC_MonoRewardRecycled_2017;BAC;BAC Mono;BAC Mono;038;repository;repository;;
Bentley_BaturConvertibleReward_2025;Bentley;Bentley Batur Convertible by Mulliner;Bentley Batur Convertible by Mulliner;251;repository;repository;;
Bentley_BaturConvertibleRewardRecycled_2025;Bentley;Bentley Batur Convertible by Mulliner;Bentley Batur Convertible by Mulliner;251;repository;repository;;
Bentley_BentaygaReward_2018;Bentley;Bentley Bentayga Pikes Peak;Bentley Bentayga Pikes Peak;066;repository;repository;;
Bentley_BentaygaRewardRecycled_2018;Bentley;Bentayga;Bentley Bentayga;066;repository;repository;;
Bentley_ContinentalGT3PikesPeak_2021;Bentley;Bentley Continental GT3 Pikes Peak Race Car;Bentley Continental GT3 Pikes Peak Race Car;;repository;;;
Bentley_ContinentalGT3RaceCar_2020;Bentley;Bentley Continental GT3 RaceCar;Bentley Continental GT3 RaceCar;;repository;;;
Bentley_ContinentalGT3RReward_2015;Bentley;Bentley Continental GT3-R;Bentley Continental GT3-R;001;repository;repository;;
Bentley_ContinentalGT3RRewardRecycled_2015;Bentley;Continental GT3-R;Bentley Continental GT3-R;001;repository;repository;;
Bentley_ContinentalGTConvertibleReward_2019;Bentley;Bentley Continental GT Convertible Number 1 Edition by Mulliner;Bentley Continental GT Convertible Number 1 Edition by Mulliner;094;repository;repository;;
Bentley_ContinentalGTConvertibleRewardRecycled_2019;Bentley;Continental GT Convertible;Bentley Continental GT Convertible;094;repository;repository;;
Bentley_ContinentalGTCSpeedReward_2022;Bentley;Bentley Continental GT Speed Convertible;Bentley Continental GT Speed Convertible;181;repository;repository;;
Bentley_ContinentalGTCSpeedRewardRecycled_2022;Bentley;Bentley Continental GT Speed Convertible;Bentley Continental GT Speed Convertible;181;repository;repository;;
Bentley_ContinentalGTEVO_2026;Bentley;Bentley Supersports #199;Bentley Supersports #199;;repository;;;
Bentley_ContinentalGTReward_2018;Bentley;Bentley Continental GT First Edition;Bentley Continental GT First Edition;053;repository;repository;;
Bentley_ContinentalGTRewardRecycled_2018;Bentley;Continental GT;Bentley Continental GT;053;repository;repository;;
Bentley_ContinentalGTSpeed_2016;Bentley;Bentley Continental GT Speed;Bentley Continental GT Speed;;repository;;;
Bentley_ContinentalGTSpeedReward_2021;Bentley;Bentley Continental GT Speed;Bently Continental GT Speed;151;repository;repository;;
Bentley_ContinentalGTSpeedReward_2025;Bentley;Bentley Continental GT Speed Coupe;Bentley Continental GT Speed Coupe;249;repository;repository;;
Bentley_ContinentalGTSpeedRewardRecycled_2021;Bentley;Bentley Continental GT Speed;Bently Continental GT Speed;151;repository;repository;;
Bentley_ContinentalGTSpeedRewardRecycled_2025;Bentley;Bentley Continental GT Speed Coupe;Bentley Continental GT Speed Coupe;249;repository;repository;;
Bentley_ContinentalGTV8SF8_2014;Bentley;Bentley BR9;Bentley BR9;;repository;;;
Bentley_MullinerBacalarReward_2021;Bentley;Bentley Mulliner Bacalar;Bentley Mulliner Bacalar;113;repository;repository;;
Bentley_MullinerBacalarRewardRecycled_2021;Bentley;Bentley Mulliner Bacalar;Bentley Mulliner Bacalar;113;repository;repository;;
Bentley_MullinerBaturReward_2023;Bentley;Bentley Batur by Mulliner;Bentley Batur by Mulliner;205;repository;repository;;
Bentley_MullinerBaturRewardRecycled_2023;Bentley;Bentley Batur by Mulliner;Bentley Batur by Mulliner;205;repository;repository;;
Bentley_SupersportsReward_2026;Bentley;Bentley Supersports;Bentley Supersports;264;repository;repository;;
Bentley_SupersportsRewardRecycled_2026;Bentley;Bentley Supersports;Bentley Supersports;264;repository;repository;;
BMW_30CSLE9LP_1973;BMW;BMW 3.0 CSL;BMW 3.0 CSL;;repository;;;
BMW_ACSchnitzerM2Coupe_2016;BMW;BMW ACS2 Sport;BMW ACS2 Sport;;repository;;;
BMW_ACSchnitzerZ4_2019;BMW;BMW ACS4;BMW ACS4;;repository;;;
BMW_i8Elite_2017;BMW;#Rico's BMW i8;Rico's BMW i8;;repository;;;
BMW_i8Reward_2017;BMW;BMW ACS8;BMW ACS8;041;repository;repository;;
BMW_i8RewardHoliday_2017;BMW;BMW ACS8;BMW AC Schnitzer ACS8;;repository;;;
BMW_i8RewardRecycled_2017;BMW;BMW i8;BMW i8;041;repository;repository;;
BMW_i8RewardSilver_2017;BMW;BMW ACS8;BMW ACS8;;repository;;;
BMW_LBi8Reward_2017;BMW;BMW LB i8;BMW LB i8;096;repository;repository;;
BMW_LBi8RewardRecycled_2017;BMW;BMW LB i8;BMW LB i8;096;repository;repository;;
BMW_LBM4CoupeCrew_2014;BMW;#Amelia's BMW LB M4 Coupe;Amelia's BMW  LB M4 Coupe;;repository;;;
BMW_LBM4CoupeCrewRecycled_2014;BMW;BMW LB M4 Coupe;BMW LB M4 Coupe;;repository;;;
BMW_M1_1985;BMW;BMW M1;BMW M1;;repository;;;
BMW_M235iCoupe_2014;BMW;BMW M235i Coupe;BMW M235i Coupe;;repository;;;
BMW_M2Competition_2018;BMW;BMW M2 Competition;BMW M2 Competition;;repository;;;
BMW_M2CoupeG87Reward_2023;BMW;BMW M2 G87 Coupe;BMW M2 G87 Coupe;167;repository;repository;;
BMW_M2CoupeG87RewardRecycled_2023;BMW;BMW M2 G87 Coupe;BMW M2 G87 Coupe;167;repository;repository;;
BMW_M2CSG87Reward_2025;BMW;BMW 2025 M2 CS;BMW 2025 M2 CS;252;repository;repository;;
BMW_M2CSG87RewardRecycled_2025;BMW;BMW 2025 M2 CS;BMW 2025 M2 CS;252;repository;repository;;
BMW_M2G87MPerformance_2023;BMW;BMW M2 (G87) Coupe 'M Performance';BMW M2 (G87) Coupe 'M Performance';;repository;;;
BMW_M2G87TNR_2023;BMW;BMW M2 Coupe 2023 (TNR);BMW M2 Coupe 2023;;repository;;;
BMW_M3CSTouringReward_2025;BMW;BMW M3 CS Touring;BMW M3 CS Touring;248;repository;repository;;
BMW_M3CSTouringRewardRecycled_2025;BMW;BMW M3 CS Touring;BMW M3 CS Touring;248;repository;repository;;
BMW_M3E46GTR_2005;BMW;BMW M3 GTR;BMW M3 GTR;;automatic;;;
BMW_M3E92CoupeGTSElite_2011;BMW;#Rico's BMW LB M3 GTS;Rico's BMW LB M3 GTS;;repository;;;
BMW_M3E92CoupeGTSReward_2011;BMW;BMW LB M3 GTS;BMW LB M3 GTS;009;repository;repository;;
BMW_M3E92CoupeGTSRewardRecycled_2011;BMW;BMW LB M3 GTS;BMW LB M3 GTS;009;repository;repository;;
BMW_M3SportEvoE30_1990;BMW;BMW 1990 M3 Sport Evolution;BMW 1990 M3 Sport Evolution;;repository;;;
BMW_M3TouringReward_2022;BMW;BMW M3 Touring (G81) Competition;BMW M3 Touring (G81) Competition;164;repository;repository;;
BMW_M3TouringRewardRecycled_2022;BMW;BMW M3 Touring (G81) Competition;BMW M3 Touring (G81) Competition;164;repository;repository;;
BMW_M4CompetitionG82TNR_2021;BMW;BMW M4 Competition (TNR);BMW M4 Competition;;repository;;;
BMW_M4Coupe_2014;BMW;BMW M4 Coupe;BMW M4 Coupe;;repository;;;
BMW_M4CoupeMPerformance_2021;BMW;BMW M4 Coupe M Performance;BMW M4 Coupe M Performance;;repository;;;
BMW_M4CoupeReward_2021;BMW;BMW M4 Competition (G82) 2021;BMW M4 Competition (G82)  2021 SaoPauloYellow);118;repository;repository;;
BMW_M4CoupeRewardRecycled_2021;BMW;BMW M4 Competition (G82) 2021;BMW M4 Competition (G82) 2021;118;repository;repository;;
BMW_M4CSLReward_2022;BMW;BMW M4 CSL;BMW M4 (G82) CSL;175;repository;repository;;
BMW_M4CSLRewardRecycled_2022;BMW;BMW M4 CSL;BMW M4 (G82) CSL;175;repository;repository;;
BMW_M4GT3_2022;BMW;BMW M4 GT3;BMW M4 GT3;;repository;;;
BMW_M4GTS_2016;BMW;BMW M4 GTS;BMW M4 GTS;;repository;;;
BMW_M5CompetitionReward_2019;BMW;BMW M5 Competition;BMW M5 Competition;075;repository;repository;;
BMW_M5CompetitionRewardRecycled_2019;BMW;BMW M5 Competition;BMW M5 Competition;075;repository;repository;;
BMW_M5CSReward_2022;BMW;BMW M5 CS;BMW M5 CS;142;repository;repository;;
BMW_M5CSRewardRecycled_2022;BMW;BMW M5 CS;BMW M5 CS;142;repository;repository;;
BMW_M5G99Touring_2024;BMW;BMW M5 Touring;BMW M5 Touring;;repository;;;
BMW_M5SedanReward_2024;BMW;BMW 2024 M5 Sedan;BMW 2024 M5 Sedan;211;repository;repository;;
BMW_M5SedanRewardRecycled_2024;BMW;BMW 2024 M5 Sedan;BMW 2024 M5 Sedan;211;repository;repository;;
BMW_M8Competition_2020;BMW;BMW M8 Competition Coupe;BMW M8 Competition Coupe;;repository;;;
BMW_M8ConvertiblePride_2021;BMW;BMW M8 Convertible Pride;BMW M8 Convertible Pride;;repository;;;
BMW_M8ConvertibleReward_2021;BMW;BMW M8 Competition Convertible;BMW M8 Competition Convertible;159;repository;repository;;
BMW_M8ConvertibleRewardRecycled_2021;BMW;BMW M8 Competition Convertible;BMW M8 Competition Convertible;159;repository;repository;;
BMW_M8Reward_2020;BMW;BMW M8 Coupe;BMW M8 Coupe;089;repository;repository;;
BMW_M8RewardRecycled_2020;BMW;BMW M8 Coupe;BMW M8 Coupe;089;repository;repository;;
BMW_RBM3E92Reward_2011;BMW;BMW RB M3 (E92) GTS;BMW RB M3 (E92) GTS;187;repository;repository;;
BMW_RBM3E92RewardRecycled_2011;BMW;BMW RB M3 (E92) GTS;BMW RB M3 (E92) GTS;187;repository;repository;;
BMW_VarisM4GTSReward_2016;BMW;BMW Varis M4 GTS;BMW Varis M4 GTS;105;repository;repository;;
BMW_VarisM4GTSRewardRecycled_2016;BMW;BMW Varis M4 GTS;BMW VARIS M4 GTS;105;repository;repository;;
BMW_Z4_2019;BMW;BMW Z4 M40i;BMW Z4 M40i;;repository;;;
BMW_Z4MCoupeCrew_2006;BMW;BMW Z4 M Coupe;BMW Z4 M Coupe;;repository;;;
Brabham_BT62_2019;Brabham;Brabham BT62;Brabham BT62;;repository;;;
Brabham_BT62Evo_2019;Brabham;Brabham BT62 Goodyear Edition;Brabham BT62 Goodyear Edition;;repository;;;
Brabham_BT62RReward_2020;Brabham;Brabham BT62R;Brabham BT62R;123;repository;repository;;
Brabham_BT62RRewardRecycled_2020;Brabham;Brabham BT62R;Brabham BT62R;123;repository;repository;;
BTTF_TimeMachine1_1985;Back To The Future;BTTF 'Time Machine';BTTF 'Time Machine';;repository;;;
BTTF_TimeMachine2_2015;Back To The Future;BTTF Part II 'Time Machine';BTTF Part II 'Time Machine';;repository;;;
BTTF_TimeMachine3_1885;Back To The Future;BTTF Part III 'Time Machine';BTTF Part III 'Time Machine';;repository;;;
Bugatti_AtlanticConcept_2015;Bugatti;Bugatti Atlantic Concept;Bugatti Atlantic Concept;;repository;;;
Bugatti_AtlanticConceptReward_2015;Bugatti;Bugatti Atlantic Concept;Bugatti Atlantic Concept;207;repository;repository;;
Bugatti_AtlanticConceptRewardRecycled_2015;Bugatti;Bugatti Atlantic Concept;Bugatti Atlantic Concept;207;repository;repository;;
Bugatti_Chiron42Seconds_2016;Bugatti;Bugatti Chiron '42 Seconds';Bugatti Chiron ''42 Seconds'';;repository;;;
Bugatti_ChironProfilee_2022;Bugatti;Bugatti Chiron Pur Sport Profilee;Bugatti Chiron Pur Sport Profilee;;repository;;;
Bugatti_ChironProjectHero_2016;Bugatti;Bugatti Chiron (CSR2)RED Edition;Bugatti Chiron (CSR2-RED) Edition;;repository;;;
Bugatti_ChironPurSportEditionGP_2022;Bugatti;Bugatti Chiron Pur Sport GP Edition;Bugatti Chiron Pur Sport GP Edition;;repository;;;
Bugatti_ChironReward_2016;Bugatti;Bugatti Chiron;Bugatti Chiron;005;repository;repository;;
Bugatti_ChironRewardGold_2016;Bugatti;Bugatti Chiron Sport Launch Specification;Bugatti Chiron Sport Launch Specification;;repository;;;
Bugatti_ChironRewardRecycled_2016;Bugatti;Bugatti Chiron;Bugatti Chiron;005;repository;repository;;
Bugatti_ChironRLB_2020;Bugatti;Bugatti Chiron Pur Sport;Bugatti Chiron Pur Sport;;repository;;;
Bugatti_ChironRMS_2020;Bugatti;Bugatti Chiron Pur Sport;Bugatti Chiron Pur Sport;;repository;;;
Bugatti_ChironSport110_2018;Bugatti;Bugatti Chiron Sport 110 ans Bugatti;Bugatti Chiron Sport 110 ans Bugatti;;repository;;;
Bugatti_ChironSport_2016;Bugatti;Bugatti Chiron Sport;Bugatti Chiron Sport;;repository;;;
Bugatti_ChironSuperSport_2022;Bugatti;Bugatti Chiron Super Sport;Bugatti Chiron Super Sport;;repository;;;
Bugatti_ChironSuperSportWRE_2020;Bugatti;Bugatti Chiron Super Sport 300;Bugatti Chiron Super Sport 300;;repository;;;
Bugatti_Divo110_2019;Bugatti;Bugatti Divo 'CSR2 Bugatti 110 ans';Bugatti Divo 'CSR2 Bugatti 110 ans';;repository;;;
Bugatti_Divo_2019;Bugatti;Bugatti Divo;Bugatti Divo;;repository;;;
Bugatti_DivoGold_2019;Bugatti;Bugatti Divo;Bugatti Divo;;repository;;;
Bugatti_EB110HomageLB_2019;Bugatti;Bugatti Centodieci (LB);Bugatti Centodieci;;repository;;;
Bugatti_EB110HomageMS_2019;Bugatti;Bugatti Centodieci (MS);Bugatti Centodieci;;repository;;;
Bugatti_EB110SSClassic_1992;Bugatti;Bugatti EB110 Super Sport;Bugatti EB110 Super Sport;;repository;;;
Bugatti_LaVoitureNoire_2019;Bugatti;Bugatti La Voiture Noire;Bugatti La Voiture Noire;;repository;;;
Bugatti_LaVoitureNoire_2022;Bugatti;Bugatti La Voiture Noire 2022;Bugatti La Voiture Noire;;repository;;;
Bugatti_Tourbillon_2026;Bugatti;Bugatti Tourbillon Show Car 2026;Bugatti Tourbillon Show Car 2026;;repository;;;
Bugatti_VeyronGrandSportVitesse_2012;Bugatti;Bugatti Veyron Grand Sport Vitesse;Bugatti Veyron Grand Sport Vitesse;;repository;;;
Bugatti_VeyronGrandSportVitesseAndroid_2012;Bugatti;Bugatti Veyron 'Ettore Bugatti' Android;Bugatti Veyron ''Ettore Bugatti'' Android;;repository;;;
Bugatti_VeyronGrandSportVitesseiOS_2012;Bugatti;Bugatti Veyron 'Jean Bugatti' iOS;Bugatti Veyron ''Jean Bugatti'' iOS;;repository;;;
Bugatti_VeyronGrandSportVitesseWRE_2012;Bugatti;Bugatti Veyron Grand Sport Vitesse WRC Edition;Bugatti Veyron Grand Sport Vitesse WRC Edition;;repository;;;
Bugatti_VeyronSuperSport_2012;Bugatti;Bugatti Veyron Super Sport;Bugatti Veyron Super Sport;;repository;;;
Bugatti_VeyronSuperSportGold_2012;Bugatti;Bugatti Veyron Super Sport WRE;Bugatti Veyron Super Sport WRE;;repository;;;
Bugatti_W16Mistral_2023;Bugatti;Bugatti W16 Mistral;Bugatti W16 Mistral;;repository;;;
Bugatti_W16MistralReward_2023;Bugatti;Bugatti W16 Mistral;Bugatti W16 Mistral;230;repository;repository;;
Bugatti_W16MistralRewardRecycled_2023;Bugatti;Bugatti W16 Mistral;Bugatti W16 Mistral;230;repository;repository;;
Bugatti_W16MistralWRE_2024;Bugatti;Bugatti W16 Mistral ''World Record Edition'';Bugatti W16 Mistral ''World Record Edition'';;repository;;;
Bugatti_X16_2024;Bugatti;Bugatti Bolide;Bugatti Bolide;;repository;;;
Bugatti_X16Gold_2024;Bugatti;Bugatti Bolide (Gold);Bugatti Bolide;;repository;;;
Buick_GNX_1987;Buick;Buick GNX;Buick GNX;;repository;;;
Buick_GrandNationalF4_1987;Buick;Buick Dom Toretto's Grand National;Buick Dom Toretto's Grand National;;automatic;;;
Buick_RingbrothersGNX_1987;Buick;Buick Ringbrothers Grand National 'INVADR';Buick Ringbrothers Grand National 'INVADR';;repository;;;
Buick_RoadstershopGrandNational_1987;Buick;Buick Roadster Shops Grand National;Buick Roadster Shops Grand National;;repository;;;
Cadillac_CT5VBlackwingReward_2022;Cadillac;Cadillac CT5-V Blackwing;Cadillac CT5-V Blackwing;162;repository;repository;;
Cadillac_CT5VBlackwingRewardRecycled_2022;Cadillac;Cadillac CT5-V Blackwing;Cadillac CT5-V Blackwing;162;repository;repository;;
Cadillac_CTSVReward_2017;Cadillac;Cadillac CTS-V 'Pedestal Edition';Cadillac CTS-V ''Pedestal Edition'';079;repository;repository;;
Cadillac_CTSVRewardRecycled_2017;Cadillac;Cadillac CTS-V;Cadillac CTS-V;079;repository;repository;;
Chevrolet_AlphaSixCamaroSSCrew_2016;Chevrolet;#Petah's Chevrolet Label Motorsports Camaro;Petah's Chevrolet Label Motorsports Chevrolet Camaro;;repository;;;
Chevrolet_AlphaSixCamaroSSCrewRecycled_2016;Chevrolet;Chevrolet Label Motorsport Camaro;Chevrolet Label Motorsport Camaro;;repository;;;
Chevrolet_AmericanLegendsChevelle_1966;Chevrolet;Chevrolet American Legends Chevelle 'Phoenix';Chevrolet American Legends Chevelle 'Phoenix';;repository;;;
Chevrolet_BBTImpala_1959;Chevrolet;Chevrolet BBT Fabrications Impala;Chevrolet BBT Fabrications Impala;;repository;;;
Chevrolet_BlazinRodsChevelle_1970;Chevrolet;Chevrolet Blazin Rodz Chevelle 'Doughboy';Chevrolet Blazin Rodz Chevelle 'Doughboy';;repository;;;
Chevrolet_C10Elite_2016;Chevrolet;#Rico's Chevrolet C10 ''Tiffany'';Rico's Chevrolet C10 ''Tiffany'';;repository;;;
Chevrolet_C10Halloween_2016;Chevrolet;Chevrolet C10 ''Tiffany'';Chevrolet C10 ''Tiffany'';;repository;;;
Chevrolet_C10Reward_2016;Chevrolet;Chevrolet C10 ''Tifany'';Chevrolet C10 ''Tifany'';036;repository;repository;;
Chevrolet_C10RewardRecycled_2016;Chevrolet;Chevrolet C10 'Tifany';Chevrolet C10 Tiffany;036;repository;repository;;
Chevrolet_C10RewardVIP_2016;Chevrolet;Chevrolet C10 ''Tiffany'' (VIP);Chevrolet C10 ''Tifany'';;repository;;;
Chevrolet_Camaro632_1988;Chevrolet;Chevrolet Hoonigan Camaro '632';Chevrolet Hoonigan Camaro '632';;repository;;;
Chevrolet_CamaroSS_2016;Chevrolet;Chevrolet Camaro SS;Chevrolet Camaro SS;;repository;;;
Chevrolet_CamaroSSNASCARXfinity_2021;Chevrolet;Chevrolet Camaro SS NASCAR® Xfinity ForeverLawn Zero;Chevrolet Camaro SS NASCAR® Xfinity ForeverLawn Zero;;repository;;;
Chevrolet_CamaroZ28_2015;Chevrolet;Chevrolet Camaro Z28;Chevrolet Camaro Z28;;repository;;;
Chevrolet_CamaroZ28ASC_2015;Chevrolet;Chevrolet ASC Camaro Z28;Chevrolet ASC Camaro Z28;;repository;;;
Chevrolet_CamaroZL11LEReward_2018;Chevrolet;Chevrolet Camaro ZL1 1LE;Chevrolet Camaro ZL1 1LE;030;repository;repository;;
Chevrolet_CamaroZL11LERewardRecycled_2018;Chevrolet;Chevrolet Camaro ZL1 1LE;Chevrolet Camaro ZL1 1LE;030;repository;repository;;
Chevrolet_CamaroZL1Crew_2017;Chevrolet;#Ashleigh's Chevrolet Camaro ZL1;Ashleigh's Chevrolet Camaro ZL1;;repository;;;
Chevrolet_CamaroZL1CrewRecycled_2017;Chevrolet;Chevrolet Camaro ZL1;Chevrolet Camaro ZL1;;repository;;;
Chevrolet_CamaroZL1NASCAR_2022;Chevrolet;Chevrolet NASCAR Next Gen Camaro ZL1;Chevrolet NASCAR Next Gen Camaro ZL1;;repository;;;
Chevrolet_CapriceDonk_1971;Chevrolet;Chevrolet Hoonigan Caprice 'DONK';Chevrolet Hoonigan Caprice 'DONK';;repository;;;
Chevrolet_COPOCamaroReward_2019;Chevrolet;Chevrolet COPO Camaro;Chevrolet COPO Camaro;081,180;repository;repository;;
Chevrolet_COPOCamaroRewardEvo_2019;Chevrolet;Chevrolet COPO Camaro 50th Anniversary Edition;Chevrolet COPO Camaro 50th Anniversary Edition;;repository;;;
Chevrolet_COPOCamaroRewardRecycled_2019;Chevrolet;Chevrolet COPO Camaro;Chevrolet COPO Camaro;081,180;repository;repository;;
Chevrolet_CorvetteC1LPClassic_1958;Chevrolet;Chevrolet Corvette (C1);Chevrolet Corvette (C1);;repository;;;
Chevrolet_CorvetteC4ZR1_1994;Chevrolet;Chevrolet Corvette (C4) ZR-1;Chevrolet Corvette (C4) ZR-1;;repository;;;
Chevrolet_CorvetteC6ZR1_2012;Chevrolet;Chevrolet Corvette ZR1 (C6);Chevrolet Corvette ZR1 (C6);;repository;;;
Chevrolet_CorvetteC7REditionReward_2015;Chevrolet;Chevrolet Corvette C7R;Chevrolet Corvette C7R;002;repository;repository;;
Chevrolet_CorvetteC7REditionRewardRecycled_2015;Chevrolet;Chevrolet Corvette Z06;Chevrolet Corvette Z06;002;repository;repository;;
Chevrolet_CorvetteC8Convertible_2020;Chevrolet;Chevrolet Corvette C8 Convertible;Chevrolet Corvette C8 Convertible;;repository;;;
Chevrolet_CorvetteC8Reward_2020;Chevrolet;Chevrolet Corvette Stingray 2020;Chevrolet Corvette Stingray 2020;092;repository;repository;;
Chevrolet_CorvetteC8RewardRecycled_2020;Chevrolet;Chevrolet Corvette Stingray 2020;Chevrolet Corvette Stingray 2020;092;repository;repository;;
Chevrolet_CorvetteC8RLB_2020;Chevrolet;Chevrolet Corvette C8 R (LB);Chevrolet Corvette C8 R;;repository;;;
Chevrolet_CorvetteC8RMS_2020;Chevrolet;Chevrolet Corvette C8 R (MS);Chevrolet Corvette C8 R;;repository;;;
Chevrolet_CorvetteC8ZR1_2024;Chevrolet;Chevrolet Corvette ZR1 2024;Chevrolette Corvette ZR1 2024;;repository;;;
Chevrolet_CorvetteC8ZR1Reward_2024;Chevrolet;Chevrolet Corvette ZR1 2025;Chevrolet Corvette ZR1 2025;255;repository;repository;;
Chevrolet_CorvetteC8ZR1RewardRecycled_2024;Chevrolet;Chevrolet Corvette ZR1 2025;Chevrolet Corvette ZR1 2025;255;repository;repository;;
Chevrolet_CorvetteGrandSport_2017;Chevrolet;Chevrolet Corvette Grand Sport Convertible;Chevrolet Corvette Grand Sport Convertible;;repository;;;
Chevrolet_CorvetteStingray_2015;Chevrolet;Chevrolet Corvette Stingray;Chevrolet Corvette Stingray;;repository;;;
Chevrolet_CorvetteStingRayC2F8_1966;Chevrolet;Chevrolet Sting Ray;Chevrolet Sting Ray;;repository;;;
Chevrolet_CorvetteStingrayTNR_2020;Chevrolet;Chevrolet Corvette Stingray 2020 (TNR);Chevrolet Corvette Stingray 2020 (TNR);;repository;;;
Chevrolet_CorvetteZ06C8CReward_2023;Chevrolet;Chevrolet Corvetter Z06 Convertible;Chevrolet Corvetter Z06 Convertible;185;repository;repository;;
Chevrolet_CorvetteZ06C8CRewardRecycled_2023;Chevrolet;Chevrolet Corvetter Z06 Convertible;Chevrolet Corvetter Z06 Convertible;185;repository;repository;;
Chevrolet_CorvetteZ06Reward_2023;Chevrolet;Chevrolet Chorvette Z06 2023;Chevrolet Chorvette Z06 2023;155;repository;repository;;
Chevrolet_CorvetteZ06RewardRecycled_2023;Chevrolet;Chevrolet Chorvette Z06 2023;Chevrolet Chorvette Z06 2023;155;repository;repository;;
Chevrolet_CorvetteZ06Z07Package_2023;Chevrolet;Chevrolet Corvette Z06 Z07 Package 2023;Chevrolet Corvette Z06 Z07 Package 2023;;repository;;;
Chevrolet_CorvetteZR1Classic_1970;Chevrolet;Chevrolet Corvette (C3) ZR1;Chevrolet Corvette (C3) ZR1;;repository;;;
Chevrolet_CorvetteZR1Reward_2018;Chevrolet;Chevrolet Corvette ZR1;Chevrolet Corvette ZR1;042;repository;repository;;
Chevrolet_CorvetteZR1RewardRecycled_2018;Chevrolet;Chevrolet Corvette ZR1;Chevrolet Corvette ZR1;042;repository;repository;;
Chevrolet_CorvetteZR1SH1_2018;Chevrolet;Chevrolet Corvette ZR1;Chevrolet Corvette ZR1;;repository;;;
Chevrolet_DuSoldDesignCamaro_1967;Chevrolet;Chevrolet Camaro 'DuSold Design';Chevrolet Camaro 'DuSold Design';;repository;;;
Chevrolet_DutchboysCamaroLB_1969;Chevrolet;Chevrolet Dutchboys Hotrods Camaro (LB);Chevrolet Dutchboys Hotrods Camaro;;repository;;;
Chevrolet_DutchboysCamaroMS_1969;Chevrolet;Chevrolet Dutchboys Hotrods Camaro (MS);Chevrolet Dutchboys Hotrods Camaro;;repository;;;
Chevrolet_EddiesCorvetteC2_1963;Chevrolet;Chevrolet Eddie's Rod & Custom Corvette C2 'XP-63';Chevrolet Eddie's Rod & Custom Corvette C2 'XP-63';;repository;;;
Chevrolet_GAPCorvette_1972;Chevrolet;Chevrolet GAP Industries Corvette (C3);Chevrolet GAP Industries Corvette (C3);;repository;;;
Chevrolet_GarretCamaro_1972;Chevrolet;Chevrolet Garret's Rod Shop Camaro Z28 'Slammer';Chevrolet Garret's Rod Shop Camaro Z28 'Slammer';;repository;;;
Chevrolet_GreeningCamaroIROCZ_1985;Chevrolet;Chevrolet Greening Auto Company Camaro IROC Z28;Chevrolet Greening Auto Company Camaro IROC Z28;;repository;;;
Chevrolet_HSCustomsCamaroReward_2016;Chevrolet;Chevrolet HS Customs ''Under Pressure'';Chevrolet HS Customs ''Under Pressure'';032;repository;repository;;
Chevrolet_HSCustomsCamaroRewardRecycled_2016;Chevrolet;Chevrolet HS Customs 'Under Pressure';Chevrolet HS Customs ''Under Pressure'';032;repository;repository;;
Chevrolet_HSCustomsChevelle_1968;Chevrolet;Chevrolet HS Customs Chevelle 'CHIZZLD';Chevrolet HS Customs Chevelle 'CHIZZLD';;repository;;;
Chevrolet_KellySonBelAir_1957;Chevrolet;Chevrolet Kelly & Son Bel Air Sport Coupe 'Executioner';Chevrolet Kelly & Son Bel Air Sport Coupe 'Executioner';;repository;;;
Chevrolet_LBCamaroIROCZReward_1987;Chevrolet;Chevrolet LB-Works Camaro IROC Z28;Chevrolet LB-Works Camaro IROC Z28;265;repository;repository;;
Chevrolet_LBCamaroIROCZRewardRecycled_1987;Chevrolet;Chevrolet LB-Works Camaro IROC Z28;Chevrolet LB-Works Camaro IROC Z28;265;repository;repository;;
Chevrolet_LMCorvetteC8_2020;Chevrolet;Chevrolet Label Motorsports Corvette Stingray;Chevrolet Label Motorsports Corvette Stingray;;repository;;;
Chevrolet_LMCorvetteZ06Reward_2023;Chevrolet;Chevrolet Label Motorsports Corvette C8 Z06;Chevrolet Label Motorsports Corvette C8 Z06;234;repository;repository;;
Chevrolet_LMCorvetteZ06RewardRecycled_2023;Chevrolet;Chevrolet Label Motorsports Corvette C8 Z06;Chevrolet Label Motorsports Corvette C8 Z06;234;repository;repository;;
Chevrolet_LostAngelsCamaro_1970;Chevrolet;Chevrolet Lost Angels Camaro;Chevrolet Lost Angels Camaro;;automatic;;;
Chevrolet_LowerLevelGarageApache_1959;Chevrolet;Chevrolet Lower Level Garage Apache 'Bug Killa';Chevrolet Lower Level Garage Apache 'Bug Killa';;repository;;;
Chevrolet_MonteCarloRaceCarF9_1995;Chevrolet;Chevrolet Monte Carlo;Chevrolet Monte Carlo;;repository;;;
Chevrolet_NapalmNova_1972;Chevrolet;Chevrolet Hoonigan Napalm Nova;Chevrolet Hoonigan Napalm Nova;;repository;;;
Chevrolet_NASCARCamaroZL1_2020;Chevrolet;Chevrolet Camaro ZL1 1LE NASCAR;Chevrolet Camaro ZL1;;repository;;;
Chevrolet_NASCARCamaroZL1JE_2020;Chevrolet;Chevrolet Camaro ZL1 1LE NASCAR®ForeverLawn Zero;Chevrolet Camaro ZL1 1LE NASCAR®ForeverLawn Zero;;repository;;;
Chevrolet_NovaSSF9_1970;Chevrolet;Chevrolet Nova SS;Chevrolet Nova SS;;repository;;;
Chevrolet_NovaSSLPClassic_1970;Chevrolet;Chevrolet Nova SS;Chevrolet Nova SS;;repository;;;
Chevrolet_PandeMCamaroZ28_1972;Chevrolet;Chevrolet Rocket Bunny Camaro Z28;Chevrolet Rocket Bunny Camaro Z28;;repository;;;
Chevrolet_PickUpVerminsDiner_1936;Chevrolet;Chevrolet Justin Woolner's 1!2 Ton Pickup 'Iron Maiden';Chevrolet Justin Woolner's 1!2 Ton Pickup 'Iron Maiden';;repository;;;
Chevrolet_PickUpVerminsDinerOG_1936;Chevrolet;Chevrolet Justin Woolner's 1!2 Ton Pickup 'Vermin's Diner';Chevrolet Justin Woolner's 1!2 Ton Pickup 'Vermin's Diner';;repository;;;
Chevrolet_QuintinBrotherCamaroReward_1968;Chevrolet;Chevrolet Quintin Brothers Camaro;Chevrolet Quintin Brothers Camaro;064,172;repository;repository;;repository Stage6 file: [64, 171]
Chevrolet_QuintinBrotherCamaroRewardRecycled_1968;Chevrolet;Chevrolet Quintin Brothers Camaro;Chevrolet Quintin Brothers Camaro;064,172;repository;repository;;repository Stage6 file: [64, 171]
Chevrolet_RBCorvetteC8StingrayReward_2020;Chevrolet;Chevrolet Rocket Bunny Corvette Stingray;Chevrolet Rocket Bunny Corvette Stingray;127;repository;repository;;
Chevrolet_RBCorvetteC8StingrayRewardRecycled_2020;Chevrolet;Chevrolet Rocket Bunny Corvette Stingray;Chevrolet Rocket Bunny Corvette Stingray;127;repository;repository;;
Chevrolet_RingbrothersCamaro_1969;Chevrolet;Chevrolet Ringbrothers Camaro ''Valkyrja'';Chevrolet Ringbrothers Camaro ''Valkyrja'';;repository;;;
Chevrolet_RingbrothersCamaroUSA_1969;Chevrolet;Chevrolet Ringbrothers Camaro ''Uncle Sam'';Chevrolet Ringbrothers Camaro ''Uncle Sam'';;repository;;;
Chevrolet_RingbrothersChevelle_1966;Chevrolet;Chevrolet Ringbrothers Chevelle 'Recoil';Chevrolet Ringbrothers Chevelle 'Recoil';;repository;;;
Chevrolet_RingbrothersPickUp_1948;Chevrolet;Chevrolet Ringbrothers Loadmaster 'ENYO';Chevrolet Ringbrothers Loadmaster 'ENYO';;repository;;;
Chevrolet_RoadsterShopCamaro_1970;Chevrolet;Chevrolet Roadster Shop Camaro 'Road Rage';Chevrolet Roadster Shop 'Road Rage';;repository;;;
Chevrolet_SickSecondsCamaroSS_1969;Chevrolet;Chevrolet 'Sick Second 1.0' Camaro SS;Chevrolet 'Sick Second 1.0' Camaro SS;;repository;;;
Chevrolet_TimmBuiltElCamino_1978;Chevrolet;Chevrolet Timm Built Customs El Camino;Chevrolet Timm Built Customs El Camino;;repository;;;
Chevrolet_WeaverCamaro_1969;Chevrolet;Chevrolet Weaver Customs Camaro 'Bank Roll';Chevrolet Weaver Customs Camaro 'Bank Roll';;repository;;;
Chevrolet_WeaverCustoms3100_1949;Chevrolet;Chevrolet Weaver Customs 3100 'Nauti-D';Chevrolet Weaver Customs 3100 'Nauti-D';;repository;;;
Chevrolet_WolfeKustomsBelAir_1957;Chevrolet;Chevrolet Wolfe Kustoms Bel Air 'Spartan';Chevrolet Wolfe Kustoms Bel Air 'Spartan';;repository;;;
Chevrolet_ZwygartNova_1967;Chevrolet;Chevrolet Zwygart's Hot Rodz Nova 'NovaX';Chevrolet Zygart's Hot Rodz Nova 'NovaX';;repository;;;
Czinger_21C_2021;Czinger;Czinger 21C;Czinger 21C;;repository;;;
Czinger_21CGold_2021;Czinger;Czinger 21C 'Rattlesnake Green Carbon Fibre' Version;Czinger 21C 'Rattlesnake Green Carbon Fibre' Version;;repository;;;
Czinger_21CVMax_2023;Czinger;Czinger 21C V Max;Czinger 21C V Max;;repository;;;
Dallara_EXP_2021;Dallara;Dallara EXP;Dallara EXP;;repository;;;
Dallara_Stradale_2019;Dallara;Dallara Stradale;Dallara Stradale;;repository;;;
Dallara_StradaleReward_2019;Dallara;Dallara Stradale;Dallara Stradale;278;automatic;cdn;;
Dallara_StradaleRewardRecycled_2019;Dallara;Dallara Stradale;Dallara Stradale;278;automatic;cdn;;
Datsun_240ZLPClassic_1972;Datsun;Datsun 240Z;Datsun 240Z;;repository;;;
DeTomaso_P900_2022;De Tomaso;De Tomaso P900 Concept;De Tomaso P900 Concept;;repository;;;
DeTomaso_PanteraGT5S_1984;De Tomaso;De Tomaso Pantera GT5-S;De Tomaso Pantera GT5-S;;repository;;;
Devel_Sixteen_2022;Devel;Devel Sixteen;Devel Sixteen;;repository;;;
Dodge_ChallengerMoparDragPak_2021;Dodge;Dodge Challenger MOPAR Drag Pak;Dodge Challenger MOPAR Drag Pak;;repository;;;
Dodge_ChallengerMoparDragPakGold_2021;Dodge;Dodge Challenger MOPAR Drag Pak;Dodge Challenger MOPAR Drag Pak;;repository;;;
Dodge_ChallengerRTLPClassic_1970;Dodge;Dodge Challenger RT;Dodge Challenger RT;;repository;;;
Dodge_ChallengerRTShakerF7_2015;Dodge;Dodge Challenger RT Shaker;Dodge Challenger RT Shaker 2015;;repository;;;
Dodge_ChallengerSRTDemonF8_2018;Dodge;Dodge Demon;Dodge Demon;;repository;;;
Dodge_ChallengerSRTDemonReward_2018;Dodge;Dodge Challenger SRT Demon;Dodge Challenger SRT Demon;063;repository;repository;;
Dodge_ChallengerSRTDemonRewardRecycled_2018;Dodge;Dodge Challenger SRT Demon;Dodge Challenger SRT Demon;063;repository;repository;;
Dodge_ChallengerSRTHellcat_2015;Dodge;Dodge SRT Hellcat;Dodge SRT Hellcat;;repository;;;
Dodge_ChallengerSRTHellcatReward_2015;Dodge;Dodge LB SRT Hellcat;Dodge LB SRT Hellcat;001;repository;repository;;
Dodge_ChallengerSRTHellcatRewardRecycled_2015;Dodge;Dodge LB SRT Hellcat;Dodge LB SRT Hellcat;001;repository;repository;;
Dodge_ChallengerSRTSuperStockReward_2021;Dodge;Dodge Challenger SRT Super Stock;Dodge Challenger SRT Super Stock;148;repository;repository;;
Dodge_ChallengerSRTSuperStockRewardRecycled_2021;Dodge;Dodge Challenger SRT Super Stock;Dodge Challenger SRT Super Stock;148;repository;repository;;
Dodge_ChargerDaytona_1970;Dodge;Dodge Charger Daytona 'Demon' 1970;Dodge Charger Daytona 'Demon' 1970;;repository;;;
Dodge_ChargerDaytonaF6_1970;Dodge;Dodge Charger Daytona;Dodge Charger Daytona;;repository;;;
Dodge_ChargerDaytonaScatPack_2025;Dodge;Dodge Charger Daytona Scat Pack;Dodge Charger Daytona Scat Pack;;repository;;;
Dodge_ChargerHellcat_2020;Dodge;Dodge Charger SRT Hellcat;Dodge Charger SRT Hellcat;;repository;;;
Dodge_ChargerHellcatDaytona50th_2020;Dodge;Dodge Charger SRT Hellcat 50th Anniversary Edition;Dodge Charger SRT Hellcat 50th Anniversary Edition;;repository;;;
Dodge_ChargerHellcatRedeyeReward_2021;Dodge;Dodge Charger SRT Hellcat Redeye;Dodge Charger SRT Hellcat Redeye;143;repository;repository;;
Dodge_ChargerHellcatRedeyeRewardRecycled_2021;Dodge;Dodge Charger SRT Hellcat Redeye;Dodge Charger SRT Hellcat Redeye;143;repository;repository;;
Dodge_ChargerRedeyeSplatter_2023;Dodge;Dodge Charger SRT Hellcat Redeye 'Splatter';Dodge Charger SRT Hellcat Redeye 'Splatter';;repository;;;
Dodge_ChargerRTCrew_1969;Dodge;Dodge Charger RT;Dodge Charger RT;003;repository;repository Stage6 file;;
Dodge_ChargerRTF1_1970;Dodge;Dodge Charger RT 1970 F1;Dodge Dodge Charger RT 1970;;repository;;;
Dodge_ChargerRTF4_1970;Dodge;Dodge Charger RT 1970 F4;Dodge Charger RT 1970;;repository;;;
Dodge_ChargerRTF8_1970;Dodge;Dodge Ice Charger;Dodge Ice Charger;;repository;;;
Dodge_ChargerRTF9_1966;Dodge;Dodge Charger RT Hemi;Dodge Charger RT Hemi;;repository;;;
Dodge_ChargerSixpackReward_2025;Dodge;Dodge Charger Scat Pack;Dodge Charger Scat Pack;276;automatic;cdn;;
Dodge_ChargerSixpackRewardRecycled_2025;Dodge;Dodge Charger Scat Pack;Dodge Charger Scat Pack;276;automatic;cdn;;
Dodge_ChargerTantrumF9_1970;Dodge;Dodge Charger RT Tantrum;Dodge Charger RT Tantrum;;repository;;;
Dodge_DemonChargerF9_2018;Dodge;Dodge Charger SRT Hellcat Widebody;Dodge Charger SRT Hellcat Widebody;;repository;;;
Dodge_HavocChallenger_1970;Dodge;Dodge Rides By Kam 'Havoc' Challenger;Dodge Rides By Kam 'Havoc' Challenger;;repository;;;
Dodge_HPE1200Demon_2018;Dodge;Dodge Challenger SRT Demon HPE1200;Dodge Challenger SRT Demon HPE1200;;repository;;;
Dodge_HPE1200DemonGold_2018;Dodge;Dodge Challenger SRT Demon HPE1200;Dodge Challenger SRT Demon HPE1200;;repository;;;
Dodge_RingbrosChargerCAPTIV_1969;Dodge;Dodge Ringbrothers Charger 'CAPTIV';Dodge Ringbrothers Charger 'CAPTIV';;repository;;;
Dodge_RingbrothersChargerTUSK_1969;Dodge;Dodge Ringbrothers Charger 'Tusk';Dodge Ringbrothers Charger 'Tusk';;repository;;;
Dodge_SpeedShopCharger_1968;Dodge;Dodge Classic Car Studio's Charger RT 'Double Down';Dodge Classic Car Studio's Charger RT 'Double Down';;repository;;;
Dodge_SRTDemon170Reward_2023;Dodge;Dodge Challenger SRT Demon 170;Dodge Challenger SRT Demon 170;217;repository;repository;;
Dodge_SRTDemon170RewardRecycled_2023;Dodge;Dodge Challenger SRT Demon 170;Dodge Challenger SRT Demon 170;217;repository;repository;;
Dodge_ViperACR_2009;Dodge;Dodge Viper SRT-10 ACR;Dodge Viper SRT-10 ACR;;repository;;;
Dodge_ViperACRCrew_2016;Dodge;#Daniel's Dodge Viper ACR;Daniel's Dodge Viper ACR(BilletSilver);;repository;;;
Dodge_ViperACRExtremeAeroPackage_2016;Dodge;Dodge Viper ACR Extreme Aero;Dodge Viper ACR Extreme Aero;;repository;;;
Dodge_ViperACRReward_2016;Dodge;Dodge Viper ACR;Dodge Viper ACR;004;repository;repository;;
Dodge_ViperACRRewardRecycled_2016;Dodge;Dodge Viper ACR;Dodge Viper ACR;004;repository;repository;;
Dodge_ViperACRVoodooII_2016;Dodge;Dodge Viper ACR 'Voodoo II';Dodge Viper ACR 'Voodoo II';;repository;;;
Dodge_ViperGTS_1996;Dodge;Dodge Viper GTS (SRII);Dodge Viper GTS (SRII);;repository;;;
Dodge_ViperGTS_2015;Dodge;Dodge Viper GTS;Dodge Viper GTS;;repository;;;
Dodge_ViperSnakeskinEditionGTC_2017;Dodge;Dodge Viper Snakeskin Edition GTC;Dodge Viper Snakeskin Edition GTC;;repository;;;
Dodge_ViperSR1LPClassic_1995;Dodge;Dodge Viper (SR-1);Dodge Viper (SR-1);;repository;;;
Dodge_WidebodyChargerF9_1968;Dodge;Dodge Charger Hellacious;Dodge Charger Hellacious;;repository;;;
Donkervoort_D8GTOReward_2015;Donkervoort;Donkervoort D8 GTO Bare Naked Carbon Edition;Donkervoort D8 GTO Bare Naked Carbon Edition;070;repository;repository;;
Donkervoort_D8GTORewardRecycled_2015;Donkervoort;Donkervoort D8 GTO;Donkervoort D8 GTO;070;repository;repository;;
Ferrari_12CilindriReward_2024;Ferrari;Ferrari 12 Cilindri;Ferrari 12 Cilindri;221;repository;repository;;
Ferrari_12CilindriRewardRecycled_2024;Ferrari;Ferrari 12 Cilindri;Ferrari 12 Cilindri;221;repository;repository;;
Ferrari_12CilindriSpiderReward_2024;Ferrari;Ferrari 12 Cilindri Spider;Ferrari 12 Cilindri Spider;242;repository;repository;;
Ferrari_12CilindriSpiderRewardRecycled_2024;Ferrari;Ferrari 12 Cilindri Spider;Ferrari 12 Cilindri Spider;242;repository;repository;;
Ferrari_250GTOClassic_1962;Ferrari;Ferarri 250 GTO;Ferarri 250 GTO;;repository;;;
Ferrari_288GTO_1985;Ferrari;Ferrari 288 GTO;Ferrari 288 GTO;;repository;;;
Ferrari_296GTB_2022;Ferrari;Ferrari 296 GTB;Ferrari 296 GTB;;repository;;;
Ferrari_296GTBAssettoFiorano_2022;Ferrari;Ferrari 296 GTB Assetto Fiorano;Ferrari 296 GTB Assetto Fiorano;;repository;;;
Ferrari_296GTSReward_2023;Ferrari;Ferrari 296 GTS;Ferrari 296 GTS;192;repository;repository;;
Ferrari_296GTSRewardRecycled_2023;Ferrari;Ferrari 296 GTS;Ferrari 296 GTS;192;repository;repository;;
Ferrari_296SpecialeA_2026;Ferrari;Ferrari 296 Speciale A;Ferrari 296 Speciale A;;repository;;;
Ferrari_296SpecialeReward_2026;Ferrari;Ferrari 296 Speciale;Ferrari 296 Speciale;277;automatic;cdn;;
Ferrari_296SpecialeRewardRecycled_2026;Ferrari;Ferrari 296 Speciale;Ferrari 296 Speciale;277;automatic;cdn;;
Ferrari_458Speciale_2014;Ferrari;Ferrari 458 Speciale;Ferrari 458 Speciale;;repository;;;
Ferrari_488GTB70thAnniversary_2015;Ferrari;Ferrari 488 GTB '70th Anniversary';Ferrari 488 GTB ''70th Anniversary'';;repository;;;
Ferrari_488GTModificata_2021;Ferrari;Ferrari 488 GT Modificata;Ferrari 488 GT Modificata;;repository;;;
Ferrari_488PistaReward_2019;Ferrari;Ferrari 488 Pista;Ferrari 488 Pista;058;repository;repository;;
Ferrari_488PistaRewardRecycled_2019;Ferrari;Ferrari 488 Pista;Ferrari 488 Pista;058;repository;repository;;
Ferrari_488PistaSpiderReward_2019;Ferrari;Ferrari 488 Pista Spider;Ferrari 488 Pista Spider;071;repository;repository;;
Ferrari_488PistaSpiderRewardRecycled_2019;Ferrari;Ferrari 488 Pista Spider;Ferrari 488 Pista Spider;071;repository;repository;;
Ferrari_488Spider70thAnniversary_2015;Ferrari;Ferrari 488 Spider '70th Anniversary';Ferrari 488 Spider ''70th Anniversary'';;repository;;;
Ferrari_488Spider_2015;Ferrari;Ferrari 488 Spider;Ferrari 488 Spider;;repository;;;
Ferrari_512TR_1991;Ferrari;Ferrari 512 TR;Ferrari 512 TR;;repository;;;
Ferrari_599GTOReward_2010;Ferrari;Ferrari 599 GTO;Ferrari 599 GTO;012;repository;repository;;
Ferrari_599GTORewardRecycled_2010;Ferrari;Ferrari 599 GTO;Ferrari 599 GTO;012;repository;repository;;
Ferrari_599XXEvoluzione_2011;Ferrari;Ferrari 599XX Evoluzione;Ferrari 599XX Evo;;repository;;;
Ferrari_599XXReward_2010;Ferrari;Ferrari 599XX;Ferrari 599XX;266;repository;repository;;
Ferrari_599XXRewardRecycled_2010;Ferrari;Ferrari 599XX;Ferrari 599XX;266;repository;repository;;
Ferrari_812Competizione_2021;Ferrari;Ferrari 812 Competizione;Ferrari 812 Competizione;;repository;;;
Ferrari_812CompetizioneReward_2021;Ferrari;Ferrari 812 Competizione;Ferrari 812 Competizione;183;repository;repository;;
Ferrari_812CompetizioneRewardRecycled_2021;Ferrari;Ferrari 812 Competizione;Ferrari 812 Competizione;183;repository;repository;;different file names in the repository: Ferrari 812 Competizione | Ferrari 812 Competizione BluPozzi) | Ferrari 812 Competizione RossoCorsa) | Ferrari 812 Competizione RossoScuderia) | Ferrari 812 Competizione RossoMugello)
Ferrari_812GTSReward_2020;Ferrari;Ferrari 812 GTS;Ferrari 812 GTS;150;repository;repository;;repository Stage6 file: [149]
Ferrari_812GTSRewardRecycled_2020;Ferrari;Ferrari 812 GTS;Ferrari 812 GTS;150;repository;repository;;repository Stage6 file: [149]
Ferrari_812SuperfastReward_2018;Ferrari;Ferrari 812 Superfast;Ferrari 812 Superfast;025;repository;repository;;
Ferrari_812SuperfastRewardRecycled_2018;Ferrari;Ferrari 812 Superfast;Ferrari 812 Superfast;025;repository;repository;;
Ferrari_849Testarossa_2026;Ferrari;Ferrari 849 Testarossa;Ferrari 849 Testarossa;;repository;;;
Ferrari_AmalfiReward_2027;Ferrari;Ferrari Amalfi;Ferrari Amalfi;262;repository;repository;;
Ferrari_AmalfiRewardRecycled_2027;Ferrari;Ferrari Amalfi;Ferrari Amalfi;262;repository;repository;;
Ferrari_California30Reward_2012;Ferrari;Ferrari California;Ferrari California;003;repository;repository;;
Ferrari_California30RewardRecycled_2012;Ferrari;Ferrari California;Ferrari California;003;repository;repository;;
Ferrari_CaliforniaT70thAnniversary_2015;Ferrari;Ferrari California T '70th Anniversary';Ferrari California T ''70th Anniversary'';;repository;;;
Ferrari_DaytonaSP3_2022;Ferrari;Ferrari Daytona SP3;Ferrari Daytona SP3;;repository;;;
Ferrari_Dino246GTS_1973;Ferrari;Ferrari Dino 246 GTS;Ferrari Dino 246 GTS;;repository;;;
Ferrari_Enzo_2002;Ferrari;Ferrari Enzo;Ferrari Enzo;;repository;;;
Ferrari_EnzoGold_2002;Ferrari;Ferrari Enzo;Ferrari Enzo;;repository;;;different file names in the repository: Ferrari Enzo | Ferrar Enzo
Ferrari_F12berlinetta70thAnniversary_2014;Ferrari;Ferrari F12berlinetta '70th Anniversary';Ferrari F12berlinetta ''70th Anniversary'';;repository;;;
Ferrari_F12berlinetta_2014;Ferrari;Ferrari F12berlinetta;Ferrari F12berlinetta;;repository;;;
Ferrari_F12tdfReward_2016;Ferrari;Ferrari F12tdf;Ferrari F12tdf;021,082;repository;repository;;
Ferrari_F12tdfRewardRecycled_2016;Ferrari;Ferrari F12tdf;Ferrari F12tdf;021,082;repository;repository;;
Ferrari_F355Berlinetta_1994;Ferrari;Ferrari F355 Berlinetta;Ferrari F355 Berlinetta;;repository;;;
Ferrari_F40Competizione_1989;Ferrari;Ferrari F40 Competizione;Ferrari F40 Competizione;;repository;;;
Ferrari_F40Reward_1987;Ferrari;Ferrari F40;Ferrari F40;007;repository;repository;;
Ferrari_F40RewardRecycled_1987;Ferrari;Ferrari F40;Ferrari F40;007;repository;repository;;
Ferrari_F430Scuderia_2008;Ferrari;Ferrari F430 Scuderia;Ferrari F430 Scuderia;;repository;;;
Ferrari_F50Crew_1995;Ferrari;#Donna's Ferrari F50;Donna's Ferrari F50;;repository;;;
Ferrari_F50CrewRecycled_1995;Ferrari;Ferrari F50;Ferrari F50;;repository;;;
Ferrari_F50GT_1996;Ferrari;Ferrari F50 GT;Ferrari F50 GT;;repository;;;
Ferrari_F8SpiderReward_2020;Ferrari;Ferrari F8 Spider 2020;Ferrari F8 Spider 2020;119;repository;repository;;
Ferrari_F8SpiderRewardRecycled_2020;Ferrari;Ferrari F8 Spider 2020;Ferrari F8 Spider 2020;119;repository;repository;;different file names in the repository: Ferrari F8 Spider 2020 | Ferrari F8 Spider 2020 Spider
Ferrari_F8TributoReward_2020;Ferrari;Ferrari F8 Tributo;Ferrari F8 Tributo;086;repository;repository;;
Ferrari_F8TributoRewardRecycled_2020;Ferrari;Ferrari F8 Tributo;Ferrari F8 Tributo;086;repository;repository;;
Ferrari_FXXEvoluzione_2008;Ferrari;Ferrari FXX Evoluzione;Ferrari FXX Evoluzione;;repository;;;
Ferrari_FXXKEvo_2018;Ferrari;Ferrari FXX K EVO;Ferrari FXX K EVO;;repository;;;
Ferrari_FXXKReward_2014;Ferrari;Ferrari FXX K;Ferrari FXX K;013;repository;repository;;
Ferrari_FXXKRewardRecycled_2014;Ferrari;Ferrari FXX K;Ferrari Fxx K;013;repository;repository;;
Ferrari_GTC4Lusso70thAnniversary_2016;Ferrari;Ferrari GTC4Lusso '70th Anniversary';Ferrari GTC4Lusso ''70th Anniversary'';;repository;;;
Ferrari_GTC4LussoReward_2016;Ferrari;Ferrari GTC4Lusso;Ferrari GTC4Lusso;065;repository;repository;;
Ferrari_GTC4LussoRewardRecycled_2016;Ferrari;Ferrari GTC4Lusso;Ferrari GTC4Lusso;065;repository;repository;;
Ferrari_LaFerrari_2014;Ferrari;Ferrari Laferrari;Ferrari Laferrari;;repository;;;
Ferrari_LaFerrariAperta70thAnniversary_2017;Ferrari;Ferrari LaFerrari Aperta '70th Anniversary';Ferrari LaFerrari Aperta ''70th Anniversary'';;repository;;;
Ferrari_LaFerrariAperta_2017;Ferrari;Ferrari LaFerrari Aperta;Ferrari LaFerrari Aperta;;repository;;;
Ferrari_MonzaReward_2019;Ferrari;Ferrari Monza SP1;Ferrari Monza SP1;100;repository;repository;;
Ferrari_MonzaRewardRecycled_2019;Ferrari;Ferrari Monza SP2;Ferrari Monza SP2;100;repository;repository;;
Ferrari_MV512Testarossa_1986;Ferrari;Ferrari Testarossa;Ferrari Testarossa;;repository;;;
Ferrari_PortofinoReward_2018;Ferrari;Ferrari Portofino;Ferrari Portofino;052;repository;repository;;
Ferrari_PortofinoRewardRecycled_2018;Ferrari;Ferrari Portofino;Ferrari Portofino;052;repository;repository;;
Ferrari_PurosangueReward_2023;Ferrari;Ferrari Purosangue;Ferrari Purosangue;197;repository;repository;;repository Stage6 file: [196]
Ferrari_PurosangueRewardRecycled_2023;Ferrari;Ferrari Purosangue;Ferrari Purosangue;197;repository;repository;;repository Stage6 file: [196]
Ferrari_RomaReward_2020;Ferrari;Ferrari Roma;Ferrari Roma;131;repository;repository;;
Ferrari_RomaRewardRecycled_2020;Ferrari;Ferrari Roma;Ferrari Roma;131;repository;repository;;
Ferrari_SF90SpiderReward_2021;Ferrari;Ferrari SF90 Spider;Ferrari SF90 Spider;154;repository;repository;;
Ferrari_SF90SpiderRewardRecycled_2021;Ferrari;Ferrari SF90 Spider;Ferrari SF90 Spider;154;repository;repository;;
Ferrari_SF90Stradale_2020;Ferrari;Ferrari SF90 Stradale;Ferrari SF90 Stradale;;repository;;;
Ferrari_SF90StradaleAssettoFiorano_2021;Ferrari;Ferrari SF90 Stradale Assetto Fiorano;Ferrari SF90 Stradale Assetto Fiorano;;repository;;;
Ferrari_SF90StradaleAssettoFioranoF175_2021;Ferrari;Ferrari SF90 Stradale Assetto Fiorano F175;Ferrari SF90 Stradale Assetto Fiorano F175;;repository;;;
Ferrari_SF90StradaleGold_2020;Ferrari;Ferrari SF90 Stradale;Ferrari SF90 Stradale;;repository;;;
Ferrari_SF90XXSpiderReward_2024;Ferrari;Ferrari SF90 XX Spider;Ferrari SF90 XX Spider;236;repository;repository Stage6 file;;
Ferrari_SF90XXSpiderRewardRecycled_2024;Ferrari;Ferrari SF90 XX Spider;Ferrari SF90 XX Spider;236;repository;repository Stage6 file;;
Ferrari_SF90XXStradale_2024;Ferrari;Ferrari SF90 XX Stradale;Ferrari SF90 XX Stradale;;repository;;;
FnF_FlipCar_2013;Fast And Furious;FnF Flip Car;FnF Flip Car;;repository;;;
FnF_SupraMKIVF2_1994;Fast And Furious;FnF Supra Mk.IV;FnF Supra Mk.IV;;repository;;;
Ford_Durty30_2016;Ford;Ford Durty 30;Ford Durty 30;;repository;;;
Ford_Durty30Gold_2016;Ford;Ford Durty 30;Ford Durty 30;;repository;;;
Ford_DutchboysTorino_1969;Ford;Ford Dutchboys Torino 'CobraJET';Ford Dutchboys Torino 'CobraJET';;automatic;;;
Ford_EscortMk1RS2000LPClassic_1973;Ford;Ford Escort Mk1 RS2000;Ford Escort Mk1 RS2000;;repository;;;
Ford_EscortMKIF6_1970;Ford;Ford Escort MkI RS1600;Ford Escort MkI RS1600;;repository;;;
Ford_EscortRSCosworthCossieV2_1994;Ford;Ford Escort RS Cosworth COSSIE V2;Ford Escort RS Cosworth COSSIE V2;;repository;;;
Ford_F150Hoonitruck_1977;Ford;Ford F-150 Hoonitruck;Ford F-150 Hoonitruck;;repository;;;
Ford_F150SVTRaptor_2014;Ford;Ford F-150 SVT Raptor;Ford F-150 SVT Raptor;;repository;;;
Ford_F150SVTRaptorElite_2014;Ford;#Altay's Ford F-150 SVT Raptor;Altay's Ford F-150 SVT Raptor;;repository;;;
Ford_FiestaST_2016;Ford;Ford Fiesta ST;Ford Fiesta ST;;repository;;;
Ford_FocusRS_2017;Ford;Ford Focus RS;Ford Focus RS;;repository;;;
Ford_FocusRSElite_2017;Ford;#Altay's Ford Focus RS;Altay's Ford Focus RS;;repository;;;
Ford_FocusSTCrew_2014;Ford;#Sneak's Ford Focus TrackSTer;Sneak's Ford Focus TrackSTer;;repository;;;
Ford_FocusSTCrewRecycled_2014;Ford;Ford Focus TrackSTer;Ford Focus TrackSTer;;repository;;;
Ford_GT40MkII1_1966;Ford;Ford GT40 Mk2 #1;Ford GT40 Mk2 #1;;repository;;;
Ford_GT40MkII_1966;Ford;Ford GT40 Mk2;Ford GT40 Mk2;;repository;;;
Ford_GT_2005;Ford;Ford GT 2005;Ford GT 2005;;repository;;;
Ford_GTDaytonaHeritageEdition_2021;Ford;Ford GT Heritage Edition 2021;Ford GT Heritage Edition 2021;;repository;;;
Ford_GTElite_2017;Ford;#Altay's Ford GT;Altay's Ford GT;;repository;;;
Ford_GTHeritageEdition_2005;Ford;Ford GT Heritage Edition 2006;Ford GT ''HeritageEdition'' 2006;;repository;;;
Ford_GTHeritageEdition_2017;Ford;Ford GT Heritage Edition 2017;Ford GT Heritage Edition 2017;;repository;;;
Ford_GTLeMansRacecar_2016;Ford;Ford GT LM 2016;Ford GT LM 2016;;repository;;;
Ford_GTMk4_2024;Ford;Ford GT MkIV;Ford GT MkIV;;repository;;;
Ford_GTReward_2017;Ford;Ford GT;Ford GT;011;repository;repository;;
Ford_GTRewardRecycled66_2017;Ford;Ford GT '66 Heritage Edition;Ford GT '66 Heritage Edition;;repository;;;
Ford_GTRewardRecycled_2017;Ford;Ford GT 2017;Ford GT 2017;011;repository;repository;;
Ford_Mustang302_1970;Ford;Ford Mustang Boss 302;Ford Mustang Boss 302;;repository;;;
Ford_MustangCobraJet_2019;Ford;Ford Mustang Cobra Jet;Ford Mustang Cobra Jet;;repository;;;
Ford_MustangCobraJetVIP_2019;Ford;Ford Mustang Cobra Jet Boss 50th Edition;Ford Mustang Cobra Jet Boss 50th Edition;;repository;;;
Ford_MustangDarkHorse_2024;Ford;Ford Mustang GT Dark Horse 2024;Ford Mustang GT Dark Horse 2024;;repository;;;
Ford_MustangDarkHorseSCReward_2025;Ford;Ford Mustang Dark Horse SC;Ford Mustang Dark Horse SC;263;repository;repository;;
Ford_MustangDarkHorseSCRewardRecycled_2025;Ford;Ford Mustang Dark Horse SC;Ford Mustang Dark Horse SC;263;repository;repository;;
Ford_MustangF3_1967;Ford;Ford Mustang Fastback;Ford Mustang Fastback;;repository;;;
Ford_MustangFoxbodyF9_1987;Ford;Ford Mustang Fox Body;Ford Mustang Fox Body;;repository;;;
Ford_MustangGT350F9_2016;Ford;Ford Mustang GT350;Ford Mustang GT350;;repository;;;
Ford_MustangGT_2024;Ford;Ford Mustang GT 2024;Ford Mustang GT 2024;;repository;;;
Ford_MustangGTD_2025;Ford;Ford Mustang GTD;Ford Mustang GTD;;repository;;;
Ford_MustangGTFastbackTNR_2018;Ford;Ford Mustang GT (TNR);Ford Mustang GT (TNR);;repository;;;
Ford_MustangGTHoonicornV1_1965;Ford;Ford RTR Mustang Hoonicorn V1;Ford RTR Mustang Hoonicorn V1;;repository;;;
Ford_MustangGTHoonicornV2_1965;Ford;Ford RTR Mustang Hoonicorn V2;Ford RTR Mustang Hoonicorn V2;;repository;;;
Ford_MustangGTHPE750Silver_2015;Ford;Ford Mustang HPE750;Ford Mustang HPE750;;repository;;;
Ford_MustangGTPremium_2015;Ford;Ford Mustang GT Premium;Ford Mustang GT Premium;;repository;;;
Ford_MustangGTPremiumBoss_2015;Ford;#Kurtz's Ford Mustang HPE750;Kurtz's Ford Mustang HPE750;;repository;;;
Ford_MustangGTPremiumElite_2015;Ford;#Altay's Ford Mustang GT Premium;Altay's Ford Mustang GT Premium;;repository;;;
Ford_MustangMach1_2021;Ford;Ford Mustang Mach 1;Ford Mustang Mach 1;;repository;;;
Ford_MustangMachE1400_2021;Ford;Ford Mustang Mach-E 1400;Ford Mustang Mach-E 1400;;repository;;;
Ford_MustangMachEGTReward_2021;Ford;Ford Mustang Mach-E-GT Performance;Ford Mustang Mach-E-GT Performance;177;repository;repository;;
Ford_MustangMachEGTRewardRecycled_2021;Ford;Ford Mustang Mach-E-GT Performance;Ford Mustang Mach-E-GT Performance;177;repository;repository;;
Ford_MustangNASCAR_2022;Ford;Ford NASCAR Next Gen Mustang;Ford NASCAR Next Gen Mustang;;repository;;;
Ford_MustangRTRSpec3_2019;Ford;Ford Mustang RTR Spec 3;Ford Mustang RTR Spec 3;;repository;;;
Ford_MustangRTRSPEC5_2019;Ford;Ford RTR Spec 5 Mustang '10th Anniversary Edition';Ford Mustang ''10th Anniversary Edition RTR'' Spec 5;;repository;;;
Ford_MustangShelbyGT350LPClassic_1965;Ford;Ford Mustang Shelby GT350;Ford Mustang Shelby GT350;;repository;;;
Ford_MustangShelbyGT500Reward_2019;Ford;Ford Shelby GT500;Ford Shelby GT500;074;repository;repository;;
Ford_MustangShelbyGT500RewardRecycled_2019;Ford;Ford Shelby GT500;Ford Shelby GT500;074;repository;repository;;
Ford_MustangSVTCobraRLPClassic_1993;Ford;Ford Mustang SVT Cobra R;Ford Mustang SVT Cobra R;;repository;;;
Ford_RadRidesTroyRoadster_1936;Ford;Ford Rad Rides by Troy Roadster 'Fenderless';Ford Rad Rides by Troy Roadster 'Fenderless';;repository;;;
Ford_RingbrothersMustang_1969;Ford;Ford Ringbrothers Mustang Mach 1 'Kingpin';Ford Ringbrothers Mustang Mach 1 'Kingpin';;repository;;;
Ford_RingbrothersMustangMach1_1969;Ford;Ford Ringbrothers Mustang Mach 1 'Patriarc';Ford Ringbrothers Mustang Mach 1 'Patriarc';;repository;;;
Ford_RoushStage3Mustang_1996;Ford;Ford Jack Roush Edition Mustang;Ford Jack Roush Edition Mustang;;repository;;;
Ford_ROUSHStage3Mustang_2019;Ford;Ford ROUSH Stage 3 Mustang;Ford ROUSH Stage 3 Mustang;;repository;;;
Ford_RuffianGalaxie500_1964;Ford;Ford Ruffian Galaxie 500;Ford Ruffian Galaxie 500;;repository;;;
Ford_RuffianGT40_1966;Ford;Ford Ruffian 40;Ford Ruffian 40;;repository;;;
Ford_RuffianMustang_1970;Ford;Ford Ruffian Mustang '70';Ford Ruffian Mustang '70';;repository;;;
Ford_RuffianMustangFIAFastback_1967;Ford;Ford Ruffian Mustang '67';Ford Ruffian Mustang '67';;repository;;;
Ford_ShelbyGT350R_2016;Ford;Ford Shelby GT350R;Ford Shelby GT350R;;repository;;;
Ford_ShelbyGT350RElite_2016;Ford;#Altay's Ford Shelby GT350R;Altay's Ford Shelby GT350R;;repository;;;
Ford_SpeedShopF100_1956;Ford;Ford Classic Car Studio F-100 'Effy';Ford Classic Car Studio F-100 'Effy';;repository;;;
Ford_Supervan4_2022;Ford;Ford Supervan 4;Ford Supervan 4;;repository;;;
Ford_WeaverCustomsModelAElite_1931;Ford;#Priest's Ford Weaver Customs 'Twisted Mistress';Priest's Weaver Customs ''Twisted Mistress'';;repository;;;
Ford_WeaverCustomsModelALB_1931;Ford;Ford Model A Weaver Customs 'Twisted Mistress' (LB);Ford Model A Weaver Customs ''Twisted Mistress'';;repository;;;
Ford_WeaverCustomsModelAMS_1931;Ford;Ford Model A Weaver Customs 'Twisted Mistress' (MS);Ford Model A Weaver Customs ''Twisted Mistress''(AxaltaChaiBronze);;repository;;;
Ford_WeaverCustomsMustangFastback_1968;Ford;Ford Weaver Customs Mustang Fastback 'Shotgun';Ford Weaver Customs Mustang Fastback 'Shotgun';;repository;;;
FSD_ConceptCar_2027;FSD;FSD FrankNStein;FSD FrankNStein;;repository;;;
Ginetta_Akula_2019;Ginetta;Ginetta Akula;Ginetta Akula;;repository;;;
Ginetta_AkulaGold_2019;Ginetta;Ginetta Akula;Ginetta Akula;;repository;;;
GTA_SpanoCrew_2015;Spania GTA Motor;#Larry's GTA Spano;Larry's GTA Spano;;repository;;;
GTA_SpanoCrewRecycled_2015;Spania GTA Motor;Spania GTA Motor Spano;Spania GTA Spano;;repository;;;
Hennessey_CamaroExorcistReward_2017;Hennessey;Hennessey Exorcist;Hennessey Exorcist;062;repository;repository;;
Hennessey_CamaroExorcistRewardRecycled_2017;Hennessey;Hennessey Exorcist;Hennessey Exorcist;062;repository;repository;;
Hennessey_CamaroTheResurrection_2017;Hennessey;Hennessey ZL1 Camaro Resurrection;Hennessey ZL1 Camaro Resurrection;;repository;;;
Hennessey_VenomF5_2020;Hennessey;Hennessey Venom F5 'Concept';Hennessey Venom F5 ''Concept'';;repository;;;
Hennessey_VenomF5_2021;Hennessey;Hennessey Venom F5 2021;Hennessey Venom F5 2021;;repository;;;
Hennessey_VenomF5Gold_2020;Hennessey;Hennessey Venom F5 'Concept';Hennessey Venom F5 ''Concept'';;repository;;;
Hennessey_VenomF5Revolution_2023;Hennessey;Hennessey Venom F5 Revolution;Hennessey Venom F5 Revolution;;repository;;;
Hennessey_VenomF5RoadsterReward_2023;Hennessey;Hennessey Venom F5 Roadster;Hennessey Venom F5 Roadster;188;repository;repository;;
Hennessey_VenomF5RoadsterRewardRecycled_2023;Hennessey;Hennessey Venom F5 Roadster;Hennessey Venom F5 Roadster;188;repository;repository;;
Hennessey_VenomGT_2012;Hennessey;Hennessey Venom GT;Hennessey Venom GT;;repository;;;
Hennessey_VenomGTSpyderReward_2016;Hennessey;Hennessey Venom GT Spyder WFE;Hennessey Venom GT Spyder WFE;015;repository;repository;;
Hennessey_VenomGTSpyderRewardGold_2016;Hennessey;Hennessey Venom GT Spyder Final Edition;Hennessey Venom GT Spyder Final Edition;;repository;;;
Hennessey_VenomGTSpyderRewardRecycled_2016;Hennessey;Hennessey Venom GT Spyder;Hennessey Venom GT Spyder;015;repository;repository;;
Honda_AIMGAINGTNSXEvo_2017;Honda;Honda AIMGAIN GT Honda NSX;Honda AIMGAIN GT Honda NSX;;repository;;;
Honda_AIMGAINGTNSXReward_2017;Honda;Honda AIMGAIN GT NSX;Honda AIMGAIN GT NSX;099;repository;repository;;
Honda_AIMGAINGTNSXRewardRecycled_2017;Honda;Honda AIMGAIN GT NSX;Honda AIMGAIN GT NSX;099;repository;repository;;
Honda_Civic15VTECCrew_1994;Honda;#Angel's Honda Civic 1.5 VTEC;Angel's Honda Civic 1.5 VTEC;;repository;;;
Honda_Civic15VTECCrewRecycled_1994;Honda;Honda Civic 1.5 VTEC;Honda Civic 1.5 VTEC;;repository;;;
Honda_CivicEGTNR_1995;Honda;Honda Civic 1.5 VTEC (TNR);Honda Civic 1.5 VTEC (TNR);;automatic;;;
Honda_CivicEJ1F1_1993;Honda;Honda Civic EJ1;Honda Civic EJ1;;repository;;;
Honda_CivicTypeR_2017;Honda;Honda Civic Type R;Honda Civic Type R;;repository;;;
Honda_CivicTypeRElite_2017;Honda;#Rico's Honda Civic Type R;Rico's Honda Civic Type R;;repository;;;
Honda_CivicTypeRReward_2023;Honda;Honda Civic Type R 2023;Honda Civic Type R 2023;208;repository;repository;;
Honda_CivicTypeRRewardRecycled_2023;Honda;Honda Civic Type R 2023;Honda Civic Type R 2023;208;repository;repository;;
Honda_CivicTypeRTNR_2017;Honda;Honda Civic Type R (TNR);Honda Civic Type R;;repository;;;
Honda_CivicTypeRVaris_2017;Honda;Honda Varis Civic Type R;Honda Varis Civic Type R;;repository;;;
Honda_IndyTruck_2017;Honda;Honda Hoonigan Indy Truck;Honda Hoonigan Indy Truck;;repository;;;
Honda_LBNSXReward_2017;Honda;Honda LB NSX;Honda LB NSX;044;repository;repository;;
Honda_LBNSXRewardRecycled_2017;Honda;Honda LB NSX;Honda LB NSX;044;repository;repository;;
Honda_NSXLBWorksReward_1992;Honda;Honda LB NSX-R;Honda LB NSX-R;163;repository;repository;;
Honda_NSXLBWorksRewardRecycled_1992;Honda;Honda LB NSX-R;Honda LB NSX-R;163;repository;repository;;
Honda_NSXRClassic_1992;Honda;Honda NSX-R;Honda NSX-R;;repository;;;
Honda_NSXReward_2017;Honda;Honda NSX;Honda NSX;022;repository;repository;;
Honda_NSXRewardRecycled_2017;Honda;Honda NSX;Honda NSX;022;repository;repository;;
Honda_NSXRocketBunny_1992;Honda;Honda Rocket Bunny NSX;Honda Rocket Bunny NSX;;repository;;;
Honda_NSXTNR_1992;Honda;Honda 1992 NSX Type R (TNR);Honda 1992 NSX Type R;;repository;;;
Honda_S2000F1_2001;Honda;Honda Veilside S2000 F1;Honda Veilside S2000;;repository;;;
Honda_S2000F2_2001;Honda;Honda Veilside S2000 F2;Honda Veilside S2000;;repository;;;
Honda_S2000TNR_2001;Honda;Honda S2000 (TNR);Honda S2000 (TNR);;repository;;;
Honda_VarisS2000Reward_2005;Honda;Honda Varis S2000 'Dark Pather';Honda Varis S2000 'Dark Pather';260;repository;repository;;repository Stage6 file: [261]
Honda_VarisS2000RewardRecycled_2005;Honda;Honda Varis S2000 'Dark Pather';Honda Varis S2000 'Dark Pather';260;repository;repository;;repository Stage6 file: [261]
Honda_VeilsideNSXReward_1995;Honda;Honda Veilside Fortune NSX;Honda Veilside Fortune NSX;267;automatic;repository Stage6 file;;
Honda_VeilsideNSXRewardRecycled_1995;Honda;Honda Veilside Fortune NSX;Honda Veilside Fortune NSX;267;automatic;repository Stage6 file;;
Hyperion_XP1_2023;Hyperion;Hyperion X-16 Prometheus;Hyperion X-16 Prometheus;;repository;;;
Hyundai_ElantraNReward_2022;Hyundai;Hyundai Elantra N;Hyundai Elantra N;182;repository;repository;;
Hyundai_ElantraNRewardRecycled_2022;Hyundai;Hyundai Elantra N;Hyundai Elantra N;182;repository;repository;;different file names in the repository: Hyundai Elantra N | Hyundai Elantra N (CyberGray
Hyundai_IONIQ5NNPX1Reward_2024;Hyundai;Hyundai Ioniq 5 N NPX1;Hyundai IONIQ 5 N NPX1;240;repository;repository;;
Hyundai_IONIQ5NNPX1RewardRecycled_2024;Hyundai;Hyundai IONIQ 5 N NPX1;Hyundai IONIQ 5 N NPX1;240;repository;repository;;
Hyundai_Ioniq5NReward_2023;Hyundai;Hyundai IONIQ 5 N;Hyundai IONIQ 5 N;189;repository;repository;;
Hyundai_Ioniq5NRewardRecycled_2023;Hyundai;Hyundai IONIQ 5 N;Hyundai IONIQ 5 N;189;repository;repository;;
Hyundai_IONIQ6NReward_2025;Hyundai;Hyundai IONIQ 6 N;Hyundai IONIQ 6 N;257;repository;repository;;
Hyundai_IONIQ6NRewardRecycled_2025;Hyundai;Hyundai IONIQ 6 N;Hyundai IONIQ 6 N;257;repository;repository;;
Hyundai_NVision74Concept_2023;Hyundai;Hyundai N Vision 74;Hyundai N Vision 74;;repository;;;
Hyundai_VelosterTurboRSpec_2014;Hyundai;Hyundai Veloster Turbo R Spec;Hyundai Veloster Turbo R Spec;;repository;;;different file names in the repository: Hyundai Veloster Turbo R Spec | Hyundai Veloster Turbo R Spec(VitaminC)
Hyundai_VelosterTurboRSpecARK_2014;Hyundai;Hyundai Ark Performance Veloster;Hyundai Ark Performance Veloster;;repository;;;
Hyundai_VelosterTurboRSpecCrew_2014;Hyundai;Hyundai Ark Performance Veloster;Hyundai Ark Performance Veloster;;repository;;;
Indy_Car_2021;IndyCar;IndyCar;IndyCar;;repository;;;
Infiniti_Q60ProjectBlackSReward_2018;Infiniti;Infiniti Project Black S;Infiniti Project Black S;097;repository;repository;;
Infiniti_Q60ProjectBlackSRewardRecycled_2018;Infiniti;Infiniti Project Black S;Infiniti Project Black S;097;repository;repository;;
Italdesign_ZerounoDuerta_2018;Italdesign;Italdesign Zerouno Duerta;Italdesign Zerouno Duerta;;repository;;;
Italdesign_ZerounoReward_2017;Italdesign;Italdesign Zerouno;Italdesign Zerouno;115;repository;repository;;
Italdesign_ZerounoRewardRecycled_2017;Italdesign;Italdesign Zerouno;Italdesign Zerouno;115;repository;repository;;
Jaguar_CX75PrototypeCrew_2013;Jaguar;#Victor's Jaguar C-X75;Victor's Jaguar C-X75;;repository;;;
Jaguar_CX75PrototypeReward_2013;Jaguar;Jaguar C-X75;Jaguar C-X75;043;repository;repository;;
Jaguar_CX75PrototypeRewardRecycled_2013;Jaguar;Jaguar C-X75;Jaguar C-X75;043;repository;repository;;
Jaguar_FTYPERConvertibleReward_2021;Jaguar;Jaguar F-TYPE R Convertible;Jaguar F-TYPE R Convertible;146;repository;repository;;
Jaguar_FTYPERConvertibleRewardRecycled_2021;Jaguar;Jaguar F-TYPE R Convertible;Jaguar F-TYPE R Convertible;146;repository;repository;;
Jaguar_FTypeRCoupe_2016;Jaguar;Jaguar F-TYPE R AWD Coupe;Jaguar F-TYPE R AWD Coupe;;repository;;;
Jaguar_FTypeRCoupeF8_2016;Jaguar;Jaguar F-TYPE;Jaguar F-TYPE;;repository;;;
Jaguar_FTypeSVRCoupeReward_2019;Jaguar;Jaguar F-TYPE SVR Coupe Graphic Pack;Jaguar F-TYPE SVR Coupe Graphic Pack;056;repository;repository;;
Jaguar_FTypeSVRCoupeRewardRecycled_2019;Jaguar;Jaguar F-TYPE SVR Coupe;Jaguar F-TYPE SVR Coupe;056;repository;repository;;
Jaguar_Project7Boss_2016;Jaguar;#Victor's Jaguar Project 7;Victor's Jaguar Project 7;;repository;;;
Jaguar_Project7VIP_2016;Jaguar;Jaguar Project 7 (VIP);Jaguar Project 7;;repository;;;
Jaguar_XESVProject8F9_2018;Jaguar;Jaguar XE SV Project 8;Jaguar XE SV Project 8;;repository;;;
Jaguar_XESVProject8Reward_2018;Jaguar;Jaguar XE SV Project 8;Jaguar XE SV Project 8;088;repository;repository;;
Jaguar_XESVProject8RewardRecycled_2018;Jaguar;Jaguar XE SV Project 8;Jaguar XE SV Project 8;088;repository;repository;;
Jaguar_XJ220Classic_1993;Jaguar;Jaguar XJ220;Jaguar XJ220;;repository;;;
Jaguar_XJR15_1991;Jaguar;Jaguar XJR-15;Jaguar XJR-15;;automatic;;;
Jaguar_XKRSGT_2014;Jaguar;Jaguar XK-RS GT;Jaguar XK-RS GT;;repository;;;
Jeep_GladiatorF9_2019;Jeep;Jeep Gladiator;Jeep Gladiator;;repository;;;
Jeep_GladiatorReward_2019;Jeep;Jeep Gladiator Rubicon;Jeep Gladiator Rubicon;179;repository;repository;;
Jeep_GladiatorRewardRecycled_2019;Jeep;Jeep Gladiator Rubicon;Jeep Gladiator Rubicon;179;repository;repository;;
Jeep_GrandCherokeeTrackhawk_2018;Jeep;Jeep Grand Cherokee Trackhawk;Jeep Grand Cherokee Trackhawk;;repository;;;
Jeep_GrandCherokeeTrackhawkF9_2018;Jeep;Jeep Grand Cherokee Trackhawk;Jeep Grand Cherokee Trackhawk;;repository;;;
Kia_StingerGTS_2020;Kia;Kia Stinger GT;Kia Stinger GT;;repository;;;
Kimera_EVO37_2022;Kimera;Kimera EVO37;Kimera EVO37;;repository;;;
Kimera_EVO37Gold_2022;Kimera;Kimera EVO37 (Gold);Kimera EVO37;;repository;;;
Kimera_EVO37Martini_2024;Kimera;Kimera EVO37 ''Martini7 Edition'';Kimera EVO37 ''Martini7 Edition'';;repository;;;
Kimera_EVO38_2024;Kimera;Kimera EVO38;Kimera EVO38;;repository;;;
Koenigsegg_AgeraR_2013;Koenigsegg;#Shax's Koenigsegg Agera R;Shax's Koenigsegg Agera R;;repository;;;
Koenigsegg_AgeraRSReward_2017;Koenigsegg;Koenigsegg Agera RS;Koenigsegg Agera RS;049;repository;repository;;
Koenigsegg_AgeraRSRewardRecycled_2017;Koenigsegg;Koenigsegg Agera RS;Koenigsegg Agera RS;049;repository;repository;;
Koenigsegg_CC850_2023;Koenigsegg;Koenigsegg CC850;Koenigsegg CC850;;repository;;;
Koenigsegg_Gemera_2021;Koenigsegg;Koenigsegg Gemera;Koenigsegg Gemera;;repository;;;
Koenigsegg_Gemera_2025;Koenigsegg;Koenigsegg Gemera;Koenigsegg Gemera;;repository;;;
Koenigsegg_GemeraLE_2021;Koenigsegg;Koenigsegg Gemera 'Launch Edition';Koenigsegg Gemera 'Launch Edition';;repository;;;
Koenigsegg_Jesko_2020;Koenigsegg;Koenigsegg Jesko;Koenigsegg Jesko;;repository;;;
Koenigsegg_JeskoAbsolut_2021;Koenigsegg;Koenigsegg Jesko Absolut;Koenigsegg Jesko Absolut;;repository;;;
Koenigsegg_JeskoGold_2020;Koenigsegg;Koenigsegg Jesko 'Draco Red';Koenigsegg Jesko 'Draco Red';;repository;;;
Koenigsegg_JeskoRoofless_2020;Koenigsegg;Koenigsegg Jesko Roofless;Koenigsegg Jesko;;repository;;;
Koenigsegg_One1_2014;Koenigsegg;Koenigsegg One1;Koenigsegg One1;;repository;;;
Koenigsegg_RegeraHalloween_2016;Koenigsegg;Koenigsegg Regera 'CSR Edition' Ghost Package;Koenigsegg Regera 'CSR Edition' Ghost Package;;repository;;;
Koenigsegg_RegeraReward_2016;Koenigsegg;Koenigsegg Regera 'CSR Edition';Koenigsegg Regera CSR Edition;008;repository;repository;;
Koenigsegg_RegeraRewardGold_2016;Koenigsegg;Koenigsegg Regera CSR Edition Ghost Package;Koenigsegg Regera CSR Edition Ghost Package;;repository;;;
Koenigsegg_RegeraRewardRecycled_2016;Koenigsegg;Koenigsegg Regera CSR Edition;Koenigsegg Regera CSR Edition;008;repository;repository;;
KTM_XBowGTX_2020;KTM;KTM X-Bow GTX;KTM X-Bow GTX;;repository;;;
KTM_XBowRReward_2011;KTM;KTM X-BOW R;KTM X-BOW R;054;repository;repository;;
KTM_XBowRRewardRecycled_2011;KTM;KTM X-BOW R;KTM X-BOW R;054;repository;repository;;
Lamborghini_Autentica_2023;Lamborghini;Lamborghini Autentica;Lamborghini Autentica;;repository;;;
Lamborghini_AventadorLP7004_2011;Lamborghini;Lamborghini Aventador Coupe;Lamborghini Aventador Coupe;;repository;;;
Lamborghini_AventadorLP7504Superveloce_2015;Lamborghini;Lamborghini Aventador SV Coupe;Lamborghini Aventador SV Coupe;;repository;;;
Lamborghini_AventadorSJReward_2021;Lamborghini;Lamborghini Aventador LP 780-4 Ultimae;Lamborghini Aventador LP 780-4 Ultimae;137;repository;repository;;
Lamborghini_AventadorSJRewardRecycled_2021;Lamborghini;Lamborghini Aventador LP 780-4 Ultimae;Lamborghini Aventador LP 780-4 Ultimae;137;repository;repository;;
Lamborghini_AventadorSVJReward_2019;Lamborghini;Lamborghini Aventador SVJ;Lamborghini Aventador SVJ;059;repository;repository;;
Lamborghini_AventadorSVJRewardRecycled_2019;Lamborghini;Lamborghini Aventador SVJ;Lamborghini Aventador SVJ;059;repository;repository;;
Lamborghini_AventadorSVJRoadster_2020;Lamborghini;Lamborghini Aventador SVJ 63 Roadster;Lamborghini Aventador SVJ 63 Roadster;;repository;;;"different file names in the repository: Lamborghini Aventador SVJ 63 Roadster | Lamborghini SVJ 63 Roadster; different folder names in the repository: Lamborghini Aventador SVJ 63 Roadster | Lamborghini SVJ 63 Roadster"
Lamborghini_AventadorSVJRoadsterReward_2020;Lamborghini;Lamborghini Aventador SVJ 63 Roadster;Lamborghini Aventador SVJ 63 Roadster;116;repository;repository;;
Lamborghini_AventadorSVJRoadsterRewardRecycled_2020;Lamborghini;Lamborghini Aventador SVJ 63 Roadster;Lamborghini Aventador SVJ 63 Roadster;116;repository;repository;;
Lamborghini_AventadorTNR_2021;Lamborghini;Lamborghini Aventador LP 780-4 Ultimae (ET);Lamborghini Aventador LP 780-4 Ultimae;;repository;;;
Lamborghini_Centenario_2017;Lamborghini;Lamborghini Centenario;Lamborghini Centenario;;repository;;;
Lamborghini_CentenarioRoadsterAdPersonam_2017;Lamborghini;Lamborghini Centenario Roadster Ad Personam;Lamborghini Centenario Roadster Ad Personam;;repository;;;
Lamborghini_CentenarioRoadsterAndroid_2017;Lamborghini;Lamborghini Centenario Roadster (Android);Lamborghini Centenario Roadster;;repository;;;
Lamborghini_CentenarioRoadsteriOS_2017;Lamborghini;Lamborghini Centenario Roadster (iOS);Lamborghini Centenario Roadster;;repository;;;
Lamborghini_CountachClassic_1988;Lamborghini;Lamborghini Countach LP 5000 QV;Lamborghini Countach LP 5000 QV;;repository;;;
Lamborghini_CountachLPI8004_2022;Lamborghini;Lamborghini Countach LPI 800-4;Lamborghini Countach LPI 800-4;;repository;;;
Lamborghini_CountachLPI8004Reward_2022;Lamborghini;Lamborghini Countach LPI 800-4;Lamborghini Countach LPI 800-4;170;repository;repository;;
Lamborghini_CountachLPI8004RewardRecycled_2022;Lamborghini;Lamborghini Countach LPI 800-4;Lamborghini Countach LPI 800-4;170;repository;repository;;
Lamborghini_DiabloGT_2000;Lamborghini;Lamborghini Diablo GT;Lamborghini Diablo GT;;repository;;;
Lamborghini_DiabloSV_1997;Lamborghini;Lamborghini Diablo SV;Lamborghini Diablo SV;;repository;;;
Lamborghini_EssenzaSCV12_2021;Lamborghini;Lamborghini Essenza SCV12;Lamborghini Essenza SCV12;;repository;;;
Lamborghini_EssenzaSCV12Monterey_2021;Lamborghini;Lamborghini Essenza SCV12 'BiancoAsopo';Lamborghini Essenza SCV12 'Bianco Asopo';;repository;;;
Lamborghini_EssenzaSCV12Nero_2021;Lamborghini;Lamborghini Essenza SCV12 Nero;Lamborghini Essenza SCV12 Nero;;repository;;;
Lamborghini_Fenomeno_2026;Lamborghini;Lamborghini Fenomeno;Lamborghini Fenomeno;;repository;;;
Lamborghini_FewOff_2020;Lamborghini;Lamborghini Sian FKP 37;Lamborghini Sian FKP 37;;repository;;;
Lamborghini_FewOffAdPersonam_2020;Lamborghini;Lamborghini Sian FKP 37 Ad Personam;Lamborghini Sian FKP 37 Ad Personam;;repository;;;
Lamborghini_HuracanEvoReward_2019;Lamborghini;Lamborghini Huracan Evo Coupé;Lamborghini Huracan Evo Coupé;144;repository;repository;;
Lamborghini_HuracanEvoRewardRecycled_2019;Lamborghini;Lamborghini Huracan Evo Coupé;Lamborghini Huracan Evo Coupé;144;repository;repository;;
Lamborghini_HuracanEvoSpyderReward_2019;Lamborghini;Lamborghini Huracan Evo Spyder;Lamborghini Huracan Evo Spyder;098;repository;repository;;
Lamborghini_HuracanEvoSpyderRewardRecycled_2019;Lamborghini;Lamborghini Huracan Evo Spyder;Lamborghini Huracan Evo Spyder;098;repository;repository;;
Lamborghini_HuracanEVOTNR_2021;Lamborghini;Lamborghini Huracan Evo (TNR);Lamborghini Huracan Evo;;repository;;;
Lamborghini_HuracanGT3Evo2_2024;Lamborghini;Lamborghini Huracan GT3 Evo 2;Lamborghini Huracan GT3 Evo 2;;repository;;;
Lamborghini_HuracanGT3EVORacecar_2019;Lamborghini;Lamborghini Huracan GT3 EVO;Lamborghini Huracan GT3 EVO;;repository;;;
Lamborghini_HuracanLP6104_2014;Lamborghini;Lamborghini Huracan Coupe;Lamborghini Huracan Coupe;;repository;;;
Lamborghini_HuracanLP6104Reward_2014;Lamborghini;Lamborghini LB Huracan Coupe;Lamborghini LB Huracan Coupe;003,055;repository;repository;;
Lamborghini_HuracanLP6104RewardRecycled_2014;Lamborghini;Lamborghini LB Huracan Coupe;Lamborghini LB Huracan Coupe;003,055;repository;repository;276;
Lamborghini_HuracanPerformanteReward_2018;Lamborghini;Lamborghini Huracan Performante;Lamborghini Huracan Performante;029;repository;repository;;
Lamborghini_HuracanPerformanteRewardRecycled_2018;Lamborghini;Lamborghini Huracan Performante;Lamborghini Huracan Perfomante;029;repository;repository;;
Lamborghini_HuracanPerformanteSpyder_2019;Lamborghini;Lamborghini Huracan Perfomante Spyder;Lamborghini Huracan Perfomante Spyder;;repository;;;
Lamborghini_HuracanSterratoHoliday_2021;Lamborghini;Lamborghini Huracán Sterrato 'Avventure Ivernale';Lamborghini Huracán Sterrato 'Avventure Ivernale';;repository;;;
Lamborghini_HuracanSterratoReward_2021;Lamborghini;Lamborghini Huracan Sterrato;Lamborghini Huracan Sterrato;219;repository;repository;;
Lamborghini_HuracanSterratoRewardRecycled_2021;Lamborghini;Lamborghini Huracan Sterrato;Lamborghini Huracan Sterrato;219;repository;repository;;
Lamborghini_HuracanSTO_2021;Lamborghini;Lamborghini Huracan STO 2021;Lamborghini Huracan STO 2021;;repository;;;
Lamborghini_HuracanSTOEVO_2021;Lamborghini;Lamborghini Huracan STO 2021;Lamborghini Huracan STO 2021;;repository;;;
Lamborghini_HuracanTecnicaReward_2023;Lamborghini;Lamborghini Huracan Tecnica;Lamborghini Huracan Tecnica;160;repository;repository;;repository Stage6 file: [161]
Lamborghini_HuracanTecnicaRewardRecycled_2023;Lamborghini;Lamborghini Huracan Tecnica;Lamborghini Huracan Tecnica;160;repository;repository;;
Lamborghini_Invencible_2023;Lamborghini;Lamborghini Invencible;Lamborghini Invencible;;repository;;;
Lamborghini_IVReward_2024;Lamborghini;Lamborghini Lanzador Concept;Lamborghini Lanzador Concept;193;repository;repository;;
Lamborghini_IVRewardRecycled_2024;Lamborghini;Lamborghini Lanzador Concept;Lamborghini Lanzador Concept;193;repository;repository;;
Lamborghini_LB634_2024;Lamborghini;Lamborghini Temerario;Lamborghini Temerario;;repository;;;
Lamborghini_LBAventadorLP7004Reward_2011;Lamborghini;Lamborghini LB Aventador Coupe;Lamborghini LB Aventador Coupe;039;repository;repository;;
Lamborghini_LBAventadorLP7004RewardGold_2011;Lamborghini;Lamborghini LB 'Limited Edition' Aventador Coupe;Lamborghini LB Limited Edtition Aventador Coupé;;repository;;;
Lamborghini_LBAventadorLP7004RewardRecycled_2011;Lamborghini;Lamborghini LB Aventador Coupe;Lamborghini LB Aventador Coupe;039;repository;repository;;
Lamborghini_LBAventadorLP7004RewardVIP_2011;Lamborghini;Lamborghini LB Aventador Coupe (VIP);Lamborghini LB Aventador Coupé (VIP);;repository;;;
Lamborghini_LBCountachLPReward_1988;Lamborghini;Lamborghini LB Countach 1988;Lamborghini LB Countach 1988;216;repository;repository;;
Lamborghini_LBCountachLPRewardRecycled_1988;Lamborghini;Lamborghini LB Countach 1988;Lamborghini LB Countach 1988;216;repository;repository;;
Lamborghini_LBMurcielagoSVReward_2009;Lamborghini;Lamborghini LB Murcielago LP670-4 SuperVeloce;Lamborghini LB Murcielago LP670-4 SuperVeloce;111;repository;repository;;
Lamborghini_LBMurcielagoSVRewardRecycled_2009;Lamborghini;Lamborghini LB Murcielago LP670-4 SuperVeloce;Lamborghini LB Murcielago LP670-4 SuperVeloce;111;repository;repository;;
Lamborghini_LBSilhouetteHuracanReward_2014;Lamborghini;Lamborghini LB Silhouette Huracan Coupe;Lamborghini LB Silhouette Huracan Coupe;102;repository;repository;;
Lamborghini_LBSilhouetteHuracanRewardRecycled_2014;Lamborghini;Lamborghini LB Silhouette Huracan Coupe;Lamborghini LB Silhouette Huracan Coupe;102;repository;repository;;
Lamborghini_LBWKMurcielagoReward_2009;Lamborghini;Lamborghini LB Silhouette Works Murcielago;Lamborghini LB Silhouette Works Murcielago;245;repository;repository;;
Lamborghini_LBWKMurcielagoRewardRecycled_2009;Lamborghini;Lamborghini LB Silhouette Works Murcielago;Lamborghini LB Silhouette Works Murcielago;245;repository;repository;;
Lamborghini_MiuraSVLPClassic_1971;Lamborghini;Lamborghini Miura SV;Lamborghini Miura SV;;repository;;;
Lamborghini_MurcielagoLP640F8_2006;Lamborghini;Lamborghini Murcielago;Lamborghini Murcielago;;repository;;;
Lamborghini_MurcielagoSVReward_2009;Lamborghini;Lamborghini Murcielago LP670-4 SuperVeloce;Lamborghini Murcielago LP670-4 SuperVeloce;050;repository;repository;;
Lamborghini_MurcielagoSVRewardRecycled_2009;Lamborghini;Lamborghini Murcielago LP670-4 SuperVeloce;Lamborghini Murcielago LP670-4 Superveloce;050;repository;repository;;
Lamborghini_Reventon_2008;Lamborghini;Lamborghini Reventon;Lamborghini Reventon;;repository;;;
Lamborghini_RevueltoReward_2024;Lamborghini;Lamborghini Revuelto;Lamborghini Revuelto;195;repository;repository;;
Lamborghini_RevueltoRewardRecycled_2024;Lamborghini;Lamborghini Revuelto;Lamborghini Revuelto;195;repository;repository;;
Lamborghini_RevueltoSS1_2024;Lamborghini;Lamborghini Revuelto (Green);Lamborghini Revuelto;;repository;;;
Lamborghini_RevueltoSS2_2024;Lamborghini;Lamborghini Revuelto (Blue);Lamborghini Revuelto;;repository;;;
Lamborghini_RevueltoSV_2027;Lamborghini;Lamborghini Revuelto SV;Lamborghini Revuelto SV;;automatic;;;
Lamborghini_SC18Alston_2019;Lamborghini;Lamborghini SC18;Lamborghini SC18;;repository;;;
Lamborghini_SC20_2020;Lamborghini;Lamborghini SC20;Lamborghini SC20;;repository;;;
Lamborghini_SC63LMDH_2024;Lamborghini;Lamborghini SC63;Lamborghini SC63;;repository;;;
Lamborghini_SestoElementoCrew_2012;Lamborghini;#Harkness's Lamborghini Sesto Elemento;Harkness's Lamborghini Sesto Elemento;;repository;;;
Lamborghini_SestoElementoCrewRecycled_2012;Lamborghini;Lamborghini Sesto Elemento;Lamborghini Sesto Elemento;;repository;;;
Lamborghini_SianRoadster_2021;Lamborghini;Lamborghini Sian Roadster;Lamborghini Sian Roadster;;repository;;;
Lamborghini_TemerarioReward_2025;Lamborghini;Lamborghini Temerario;Lamborghini Temerario;256;repository;repository;;
Lamborghini_TemerarioRewardRecycled_2025;Lamborghini;Lamborghini Temerario;Lamborghini Temerario;256;repository;repository;;
Lamborghini_TerzoMillennio_2017;Lamborghini;Lamborghini Terzo Millennio;Lamborghini Terzo Millennio;;repository;;;
Lamborghini_UrusPerformanteReward_2023;Lamborghini;Lamborghini Urus Performante;Lamborghini Urus Performante;190;repository;repository;;
Lamborghini_UrusPerformanteRewardRecycled_2023;Lamborghini;Lamborghini Urus Performante;Lamborghini Urus Performante;190;repository;repository;;
Lamborghini_UrusPHEVReward_2024;Lamborghini;Lamborghini Urus SE;Lamborghini Urus SE;210;repository;repository;;
Lamborghini_UrusPHEVRewardRecycled_2024;Lamborghini;Lamborghini Urus SE;Lamborghini Urus SE;210;repository;repository;;
Lamborghini_UrusReward_2018;Lamborghini;Lamborghini Urus;Lamborghini Urus;046;repository;repository;;
Lamborghini_UrusRewardRecycled_2018;Lamborghini;Lamborghini Urus;Lamborghini Urus;046;repository;repository;;
Lamborghini_Veneno_2013;Lamborghini;Lamborghini Veneno;Lamborghini Veneno;;repository;;;
Lamborghini_VenenoGold_2013;Lamborghini;Lamborghini Veneno;Lamborghini Veneno;;repository;;;
Lamborghini_VenenoRoadster_2014;Lamborghini;Lamborghini Veneno Roadster;Lamborghini Veneno Roadster;;repository;;;
Lamborghini_VenenoRoadsterGold_2014;Lamborghini;Lamborghini Veneno Roadster;Lamborghini Veneno Roadster;;repository;;;
Lancia_DeltaHFIntegraleEvo2_1994;Lancia;Lancia Delta HF Integrale Evo 2;Lancia Delta HF Integrale Evo 2;;repository;;;
Landrover_RangeRoverEvoqueCoupeCrew_2016;Land Rover;#Shana's Land Rover Range Rover Evoque;Shana's Land Rover Range Rover Evoque;;repository;;;
Landrover_RangeRoverEvoqueCoupeCrewRecycled_2016;Land Rover;Land Rover Range Rover Evoque;Land Rover Range Rover Evoque;;repository;;;
Lexus_LC500ConvertibleReward_2017;Lexus;Lexus LC 500 Convertible;Lexus LC 500 Convertible;241;repository;repository;;
Lexus_LC500ConvertibleRewardRecycled_2017;Lexus;Lexus LC 500 Convertible;Lexus LC 500 Convertible;241;repository;repository;;
Lexus_LC500TNR_2018;Lexus;Lexus LC500 (TNR);Lexus LC500 (TNR);;repository;;;
Lexus_LFA_2011;Lexus;Lexus LFA;Lexus LFA;;repository;;;
Lexus_LFAGold_2011;Lexus;Lexus LFA;Lexus LFA;;repository;;;
Lexus_LFANurburgringPackage_2011;Lexus;Lexus LFA Nurburgring Package;Lexus LFA Nurburgring Package;;repository;;;
LocalMotor_RallyFighter_2013;Local Motors;Local Motors Rally Fighter;Local Motors Rally Fighter;;repository;;;
LocalMotor_RallyFighterF8_2013;Local Motors;Local Motors Rally Fighter;Local Motors Rally Fighter (F8);;repository;;;
Lotus_Evija_2020;Lotus;Lotus Evija;Lotus Evija;;repository;;;
Lotus_EvijaReward_2020;Lotus;Lotus Evija;Lotus Evija;199;repository;repository;;
Lotus_EvijaRewardRecycled_2020;Lotus;Lotus Evija;Lotus Evija;199;repository;repository;;
Lotus_EvoraGT430Reward_2018;Lotus;Evora GT430;Lotus Evora GT430;091;repository;repository;;
Lotus_EvoraGT430RewardRecycled_2018;Lotus;Lotus Evora GT430;Lotus Evora GT430;091;repository;repository;;
Lotus_Exige360CupCrew_2016;Lotus;#Finn's Lotus Exige 360 Cup;Finn's Lotus Exige 360 Cup;;repository;;;
Lotus_Exige360CupCrewRecycled_2016;Lotus;Lotus Exige 360 Cup;Lotus Exige 360 Cup;;repository;;;
Lotus_ExigeLF1_2014;Lotus;Lotus Exige LF1;Lotus Exige LF1;;repository;;;
Lotus_ExigeS_2014;Lotus;Lotus Exige Sport 350;Lotus Exige Sport 350;;repository;;;
Lotus_Type131Reward_2022;Lotus;Lotus Emira First Edition;Lotus Emira First Edition;136;repository;repository;;
Lotus_Type131RewardRecycled_2022;Lotus;Lotus Emira;Lotus Emira;136;repository;repository;;
Lotus_VorsteinerEmiraReward_2022;Lotus;Lotus Vorsteiner Emira ''LR-52 Carbon Fibre Aero Program'';Lotus Vorsteiner Emira ''LR-52 Carbon Fibre Aero Program'';232;repository;repository;;
Lotus_VorsteinerEmiraRewardRecycled_2022;Lotus;Lotus Vorsteiner Emira ''LR-52 Carbon Fibre Aero Program'';Lotus Vorsteiner Emira ''LR-52 Carbon Fibre Aero Program'';232;repository;repository;;
Maserati_7DesignMC20VIP_2021;Maserati;Maserati MC20 ARIA by 7Design;Maserati MC20 ARIA by 7Design;;repository;;;
Maserati_GhibliSQ4_2014;Maserati;Maserati Ghibli S Q4;Maserati Ghibli S Q4;;repository;;;
Maserati_GranTurismoMCReward_2018;Maserati;Maserati GranTurismo MC;Maserati GranTurismo MC;077;repository;repository;;
Maserati_GranTurismoMCRewardRecycled_2018;Maserati;Maserati GranTurismo MC;Maserati Granturismo MC;077;repository;repository;;
Maserati_LBGranTurismoS_2018;Maserati;Maserati LB GranTurismo MC Stradale;Maserati LB GranTurismo MC Stradale;;repository;;;
Maserati_MC12_2004;Maserati;Maserati MC12 Stradale;Maserati MC12 Stradale;;repository;;;
Maserati_MC12BC_2004;Maserati;Maserati MC12 Stradale BC;Maserati MC12 Stradale (Event Prize);;repository;;;
Maserati_MC12CarbonBlue_2004;Maserati;Maserat MC12 Stradale 'CarbonBlue';Maserat MC12 Stradale 'CarbonBlue';;repository;;;
Maserati_MC20CieloReward_2023;Maserati;Maserati MC20 Cielo;Maserati MC20 Cielo;198;repository;repository;;
Maserati_MC20CieloRewardRecycled_2023;Maserati;Maserati MC20 Cielo;Maserati MC20 Cielo;198;repository;repository;;
Maserati_MC20Coupe_2021;Maserati;Maserati MC20 Coupe;Maserati MC20 Coupe;;repository;;;
Mazda_Furai_2008;Mazda;Mazda Furai;Mazda Furai;;repository;;;
Mazda_KRCJapanRX8Reward_2004;Mazda;Mazda KRC-Japan SE3P Wide Body RX8;Mazda KRC-Japan RX8;173;repository;repository;;
Mazda_KRCJapanRX8RewardRecycled_2004;Mazda;Mazda KRC-Japan SE3P Wide Body RX8;Mazda KRC-Japan SE3P Wide Body RX8;173;repository;repository;;
Mazda_LBSuperSilhouetteRX7_1993;Mazda;Mazda LB Silhouette RX-7;Mazda LB Silhouette RX-7;;repository;;;
Mazda_LBSuperSilhouetteRX7SE_1993;Mazda;Mazda Special Effect LB Silhouette RX-7;Mazda Special Effect LB Silhouette RX-7;;repository;;;
Mazda_MX5_2016;Mazda;Mazda MX-5 Miata;Mazda MX-5 Miata;;repository;;;"different file names in the repository: Mazda MX-5 Miata | Mazda MX-5; different folder names in the repository: Mazda MX-5 Miata | Mazda MX-5"
Mazda_PandeMMX5_2016;Mazda;Mazda Rocket Bunny MX-5 Miata;Mazda Rocket Bunny MX-5 Miata;;repository;;;
Mazda_RBRX8_2004;Mazda;Mazda Rocket Bunny RX-8;Mazda Rocket Bunny RX-8;;repository;;;
Mazda_RX7F1_1993;Mazda;Mazda Veilside RX-7;Mazda Veilside RX-7;;repository;;;
Mazda_RX7F2_1993;Mazda;Mazda RX-7 (FnF);Mazda RX-7 (FnF);;repository;;;
Mazda_RX7F3_1993;Mazda;Mazda Veilside Fortune RX-7;Mazda Veilside Fortune RX-7;;repository;;;
Mazda_RX7Reward_1993;Mazda;Mazda Rocket Bunny RX-7;Mazda Rocket Bunny RX-7 ;035;repository;repository;;
Mazda_RX7RewardEaster_1993;Mazda;Mazda Rocket Bunny RX-7;Mazda Rocket Bunny RX-7;;repository;;;
Mazda_RX7RewardRecycled_1993;Mazda;Mazda Rocket Bunny RX-7;Mazda Rocket Bunny RX-7;035;repository;repository;;
Mazda_RX7TNR_1993;Mazda;Mazda RX-7 (TNR);Mazda RX-7 (TNR);;repository;;;
Mazda_RX8F3_2004;Mazda;Mazda RX8;Mazda RX8;;repository;;;
Mazda_RX8TNR_2008;Mazda;Mazda RX-8 (TNR);Mazda RX-8;;repository;;;
Mazzanti_EvantraMillecavalli_2019;Mazzanti;Mazzanti Evantra Millecavalli;Mazzanti Evantra Millecavalli;;repository;;;
Mazzanti_EvantraMillecavalliGold_2019;Mazzanti;Mazzanti Evantra Millecavalli;Mazzanti Evantra Millecavalli;;repository;;;
McLaren_570S_2016;McLaren;Mclaren 570S;Mclaren 570S;;repository;;;
McLaren_600LTReward_2019;McLaren;McLaren 600LT;McLaren 600LT;067;repository;repository;;
McLaren_600LTRewardRecycled_2019;McLaren;McLaren 600LT;Mclaren 600LT;067;repository;repository;;
McLaren_600LTSpiderReward_2020;McLaren;McLaren 600LT Spider by MSO;McLaren 600LT Spider by MSO;104;repository;repository;;
McLaren_600LTSpiderRewardRecycled_2020;McLaren;McLaren 600LT Spider;Mclaren 600LT Spider;104;repository;repository;;
McLaren_650S_2015;McLaren;McLaren 650S;Mclaren 650S;;repository;;;
McLaren_675LTSpiderReward_2016;McLaren;McLaren 675LT Spider;McLaren 675LT Spider;010;repository;repository;;
McLaren_675LTSpiderRewardRecycled_2016;McLaren;McLaren 675LT Spider;Mclaren 675LT Spider;010;repository;repository;;
McLaren_720SGT3_2019;McLaren;McLaren 720S GT3;McLaren 720S GT3;;repository;;;
McLaren_720SGT3X_2021;McLaren;McLaren 720S GT3X;McLaren 720S GT3X;;repository;;;
McLaren_720SSpiderReward_2019;McLaren;McLaren 720S Spider;McLaren 720S Spider;090;repository;repository;;
McLaren_720SSpiderRewardRecycled_2019;McLaren;McLaren 720S Spider;Mclaren 720S Spider;090;repository;repository;;
McLaren_720STNR_2017;McLaren;McLaren 720S (TNR);McLaren 720S;;repository;;;
McLaren_750SReward_2023;McLaren;McLaren 750S;McLaren 750S;227;repository;repository;;
McLaren_750SRewardRecycled_2023;McLaren;McLaren 750S;McLaren 750S;227;repository;repository;;
McLaren_765LT_2021;McLaren;McLaren 765LT;McLaren 765LT;;repository;;;
McLaren_765LTSpiderReward_2021;McLaren;765LT Spider;McLaren 765LT Spider;141;repository;repository;;
McLaren_765LTSpiderRewardRecycled_2021;McLaren;McLaren 765LT Spider;McLaren 765LT Spider;141;repository;repository;;
McLaren_ArturaReward_2022;McLaren;McLaren Artura;McLaren Artura;133;repository;repository;;
McLaren_ArturaRewardRecycled_2022;McLaren;McLaren Artura;McLaren Artura;133;repository;repository;;
McLaren_ArturaSpiderReward_2024;McLaren;McLaren Artura Spider;McLaren Artura Spider;215;repository;repository;;
McLaren_ArturaSpiderRewardRecycled_2024;McLaren;McLaren Artura Spider;McLaren Artura Spider;215;repository;repository;;
McLaren_Elva_2021;McLaren;McLaren Elva;McLaren Elva;;repository;;;
McLaren_ElvaGold_2021;McLaren;McLaren Elva;McLaren Elva;;repository;;;
McLaren_ElvaGOSH_2021;McLaren;McLaren Elva GOSH;McLaren Elva GOSH;;repository;;;
McLaren_ElvaMSO_2021;McLaren;McLaren Elva M1A by MSO;McLaren Elva M1A by MSO;;repository;;;
McLaren_ElvaWindscreenReward_2021;McLaren;McLaren Elva 2021;McLaren Elva 2021;218;repository;repository;;
McLaren_ElvaWindscreenRewardRecycled_2021;McLaren;McLaren Elva 2021;McLaren Elva 2021;218;repository;repository;;
McLaren_F1_1993;McLaren;McLaren F1;McLaren F1;;repository;;;
McLaren_F1GT_1997;McLaren;McLaren F1 GT;McLaren F1 GT;;repository;;;
McLaren_F1LM_1995;McLaren;McLaren F1 LM;McLaren F1 LM;;repository;;;
McLaren_GTReward_2020;McLaren;Mclaren GT;Mclaren GT;107;repository;repository;;
McLaren_GTRewardRecycled_2020;McLaren;Mclaren GT;Mclaren GT;107;repository;repository;;
McLaren_LB650SReward_2015;McLaren;McLaren Liberty Walk 650S;McLaren Liberty Walk 650S;018;repository;repository;;
McLaren_LB650SRewardGold_2015;McLaren;Mclaren Liberty Walk 650S;Mclaren Liberty Walk 650S;;repository;;;
McLaren_LB650SRewardRecycled_2015;McLaren;McLaren Liberty Walk 650S;Mclaren Liberty Walk 650S;018;repository;repository;;
McLaren_P14CoupeReward_2017;McLaren;McLaren 720S;McLaren 720S;020;repository;repository;;
McLaren_P14CoupeRewardRecycled_2017;McLaren;McLaren 720S;Mclaren 720S;020;repository;repository;;
McLaren_P14CoupeSH1_2017;McLaren;McLaren 720S;McLaren 720S;;repository;;;
McLaren_P1_2014;McLaren;McLaren P1​;Mclaren P1;;repository;;;
McLaren_P1GTREvo_2015;McLaren;McLaren P1 GTR Pebble Beach;McLaren P1 GTR Pebble Beach;;repository;;;
McLaren_P1GTRReward_2015;McLaren;Mclaren P1 GTR;Mclaren P1 GTR;014;repository;repository;;
McLaren_P1GTRRewardRecycled_2015;McLaren;Mclaren P1 GTR;Mclaren P1 GTR;014;repository;repository;;
McLaren_Sabre_2022;McLaren;McLaren Sabre by MSO;McLaren Sabre by MSO;;repository;;;
McLaren_Senna_2018;McLaren;McLaren Senna;McLaren Senna;;repository;;;
McLaren_SennaCarbon_2018;McLaren;McLaren Senna Carbon Theme By MSO;McLaren Senna Carbon Theme By MSO;;repository;;;
McLaren_SennaGOSH_2018;McLaren;McLaren Senna GOSH Edition;McLaren Senna GOSH Edition;;repository;;;
McLaren_SennaGTR_2020;McLaren;McLaren Senna GTR;McLaren Senna GTR;;repository;;;
McLaren_SennaGTRLM_2020;McLaren;McLaren Senna GTR LM 'Gulf' Livery;McLaren Senna GTR LM 'Gulf Livery';;repository;;;
McLaren_SennaLE_2018;McLaren;McLaren Senna Launch Edition;McLaren Senna Launch Edition;;repository;;;
McLaren_SLR722EditionCrew_2007;McLaren;McLaren SLR 722 Edition;McLaren SLR 722 Edition;;repository;;;
McLaren_SLR722EditionReward_2006;McLaren;Mclaren SLR 722 Edition;McLaren SLR 722 Edition;157;repository;repository;;
McLaren_SLR722EditionRewardRecycled_2006;McLaren;Mclaren SLR 722 Edition;McLaren SLR 722 Edition;157;repository;repository;;
McLaren_SLR722SRoadster_2009;McLaren;McLaren SLR 722 S Roadster;McLaren SLR 722 S Roadster;;repository;;;
McLaren_SolusGT_2023;McLaren;McLaren Solus GT;McLaren Solus GT;;repository;;;
McLaren_Speedtail_2019;McLaren;McLaren Speedtail;McLaren Speedtail;;repository;;;
McLaren_SpeedtailOrange_2019;McLaren;McLaren Speedtail Orange;McLaren Speedtail Orange;;repository;;;
McLaren_SpeedtailRed_2019;McLaren;McLaren Speedtal Red;McLaren Speedtal Red;;repository;;;
McLaren_SpeedtailRedSEG_2019;McLaren;McLaren Speedtal Red - 3-Star;McLaren Speedtal Red - 3-Star;;repository;;;
McLaren_Vorsteiner570VXReward_2016;McLaren;McLaren Vorsteiner 570-VX;McLaren Vorsteiner 570-VX;026;repository;repository;;
McLaren_Vorsteiner570VXRewardRecycled_2016;McLaren;McLaren Vorsteiner 570-VX;Mclaren Vorsteiner 570-VX;026;repository;repository;;
McLaren_Vorsteiner720SReward_2018;McLaren;McLaren Vorsteiner 720S;McLaren Vorsteiner 720S;060;repository;repository;;
McLaren_Vorsteiner720SRewardRecycled_2018;McLaren;McLaren Vorsteiner 720S;Mclaren Vorsteiner 720S;060;repository;repository;;
McLaren_W1_2025;McLaren;McLaren W1;McLaren W1;;repository;;;
McMurtry_Speirling_2022;McMurtry;McMurtry Speirling Goodwood Edition;McMurtry Speirling Goodwood Edition;;repository;;;
MercedesAMG_CLAEVReward_2025;Mercedes;Mercedes-Benz CLA;Mercedes-Benz CLA;233;repository;repository;;
MercedesAMG_CLAEVRewardRecycled_2025;Mercedes;Mercedes-Benz CLA;Mercedes-Benz CLA;233;repository;repository;;
MercedesAMG_CLE53CoupeReward_2024;Mercedes;Mercedes AMG CLE 53 Coupe;Mercedes AMG CLE 53 Coupe;261;repository;repository;;repository Stage6 file: [260]
MercedesAMG_CLE53CoupeRewardRecycled_2024;Mercedes;Mercedes AMG CLE 53 Coupe;Mercedes AMG CLE 53 Coupe;261;repository;repository;;repository Stage6 file: [260]
MercedesAMG_G63SUVReward_2020;Mercedes;Mercedes AMG G 63;Mercedes AMG G 63 SUV;139;repository;repository;;
MercedesAMG_G63SUVRewardRecycled_2020;Mercedes;Mercedes AMG G 63;Mercedes-AMG G 63;139;repository;repository;;
MercedesAMG_GT3_2020;Mercedes;Mercedes AMG GT3;Mercedes AMG GT3;;repository;;;
MercedesAMG_GT_2015;Mercedes;Mercedes AMG GT;Mercedes AMG GT;;repository;;;
MercedesAMG_GTBlackSeriesReward_2020;Mercedes;Mercedes GT Black Series;Mercedes GT Black Series;112;repository;repository;;
MercedesAMG_GTBlackSeriesRewardRecycled_2020;Mercedes;Mercedes GT Black Series;Mercedes GT Black Series;112;repository;repository;;
MercedesAMG_GTRReward_2017;Mercedes;Mercedes AMG GT R;Mercedes AMG GT R;031;repository;repository;;
MercedesAMG_GTRRewardHalloween_2017;Mercedes;Mercedes-AMG GT R;Mercedes-AMG GT R;;repository;;;
MercedesAMG_GTRRewardRecycled_2017;Mercedes;Mercedes AMG GT R;Mercedes AMG GT R;031;repository;repository;;
MercedesAMG_GTSF8_2015;Mercedes;Mercedes AMG GT S;Mercedes AMG GT S;;repository;;;
MercedesAMG_S63CoupeReward_2020;Mercedes;Mercedes AMG S63 Coupe;Mercedes AMG S63 Coupe;134;repository;repository;;
MercedesAMG_S63CoupeRewardRecycled_2020;Mercedes;Mercedes AMG S63 Coupe;Mercedes AMG S63 Coupe;134;repository;repository;;
MercedesAMGF1_W11_2020;Mercedes F1;Mercedes AMG F1 W11 EQ Performance 44;Mercedes AMG F1 W11 EQ Performance 44;;repository;;;
MercedesAMGF1_W11VB_2020;Mercedes F1;Mercedes AMG F1 W11 EQ Performance 77;Mercedes AMG F1 W11 EQ Performance 77;;repository;;;
MercedesBenz_300SLClassic_1954;Mercedes;Mercedes-Benz 300 SL Coupe;Mercedes-Benz 300 SL Coupe;;repository;;;
MercedesBenz_A45AMG_2014;Mercedes;Mercedes A 45 AMG;Mercedes A 45 AMG;;repository;;;
MercedesBenz_A45AMGElite_2014;Mercedes;#Ruby Rose's Mercedes A 45 AMG;Ruby Rose's A 45 AMG;;repository;;;
MercedesBenz_C63AMGCoupeBlackSeries_2014;Mercedes;Mercedes C 63 AMG Black Series;Mercedes C 63 AMG Black Series;;repository;;;
MercedesBenz_C63AMGEdition507_2014;Mercedes;Mercedes C 63 AMG Coupe Edition 507;Mercedes C 63 AMG Coupe Edition 507;;repository;;;
MercedesBenz_CLA45AMGShootingBrakeBoss_2015;Mercedes;#Ashleigh's Mercedes-Benz CLA 45 AMG;Ashleigh's Mercedes-Benz CLA 45 AMG;;repository;;;
MercedesBenz_CLKGTR_1999;Mercedes;Mercedes Benz CLK GTR;Mercedes Benz CLK GTR;;repository;;;
MercedesBenz_LBC63AMGCoupeBlackSeries_2014;Mercedes;Mercedes LB C 63 AMG Black Series;Mercedes LB C 63 AMG Black Series;;repository;;;
MercedesBenz_SL65AMGBlackSeries_2009;Mercedes;Mercedes Benz SL 65 AMG Black Series;Mercedes Benz SL 65 AMG Black Series;;repository;;;
MercedesBenz_SLSAMGBlackSeries_2013;Mercedes;Mercedes SLS AMG Black Series;Mercedes SLS AMG Black Series;;repository;;;
Mini_CooperJCWGP_2020;Mini;Mini John Cooper Works GP;Mini John Cooper Works GP;;repository;;;
Mini_CooperS_2014;Mini;Mini Cooper S;Mini Cooper S;;repository;;;
Mini_CooperSElite_2014;Mini;#Rico's Mini Cooper S;Rico's Mini Cooper S;;repository;;;
Mitsubishi_EclipseF1_1995;Mitsubishi;Mitsubishi Eclipse;Mitsubishi Eclipse;;repository;;;
Mitsubishi_EclipseSpyderF2_2003;Mitsubishi;Mitsubishi Eclipse Spyder GTS;Mitsubishi Eclipse Spyder GTS;;repository;;;
Mitsubishi_LancerEvolutionIXF3_2006;Mitsubishi;Mitsubishi APR Lancer Evolution IX;Mitsubishi APR Lancer Evolution IX;;repository;;;
Mitsubishi_LancerEvolutionVIIF2_2002;Mitsubishi;Mitsubishi DAMD ver. Lancer Evolution VII;Mitsubishi DAMD ver. Lancer Evolution VII;;repository;;;
Mitsubishi_LancerEVOXTNR_2015;Mitsubishi;Mitsubishi Lancer Evolution Final Edition (TNR);Mitsubishi Lancer Evolution Final Edition (TNR);;repository;;;
Mitsubishi_VoltexEvoIXReward_2005;Mitsubishi;Mitsubishi Voltex Lancer Evolution IX;Mitsubishi Voltex Lancer Evolution IX;202;repository;repository;;
Mitsubishi_VoltexEvoIXRewardRecycled_2005;Mitsubishi;Mitsubishi Voltex Lancer Evolution IX;Mitsubishi Voltex Lancer Evolution IX;202;repository;repository;;
Nilu27_NILU_2025;Nilu27;Nilu27 Nilu;Nilu27 Nilu;;repository;;;
Nissan_240SXRocketBunnyBossReward_1995;Nissan;Nissan Rocket Bunny Boss Aero 240SX (S14);Nissan Rocket Bunny Boss Aero 240SX (S14);158;repository;repository;;
Nissan_240SXRocketBunnyBossRewardRecycled_1995;Nissan;Nissan Rocket Bunny Boss Aero 240SX (S14);Nissan Rocket Bunny Boss Aero 240SX (S14);158;repository;repository;;
Nissan_350ZF3_2003;Nissan;Nissan Veilside Fairlady Z (Z33);Nissan Veilside Fairlady Z (Z33);;repository;;;
Nissan_350ZRocketBunny_2003;Nissan;Nissan Rocket Bunny V2 Fairlady Z (Z33);Nissan Rocket Bunny V2 Fairlady Z (Z33);;repository;;;
Nissan_350ZRocketBunnyV2_2003;Nissan;Nissan Rocket Bunny 350Z(Z33);Nissan Rocket Bunny 350Z(Z33);;repository;;;
Nissan_350ZRocketBunnyV2Easter_2003;Nissan;Nissan Rocket Bunny V2 350Z(Z33) Fairlady Z;Nissan Rocket Bunny V2 350Z(Z33) Fairlady Z;;repository;;;
Nissan_ActiveSkylineGTRR33_1995;Nissan;Nissan SS Active's Skyline FULL DRY CARBON GT-R (BCNR33);Nissan SS Active's Skyline FULL DRY CARBON GT-R (BCNR33);;repository;;;
Nissan_GTR50_2021;Nissan;Nissan GT-R50 by Italdesign;Nissan GT-R50 by Italdesign;;repository;;;
Nissan_GTR50Reward_2020;Nissan;Nissan GT-R50 Prototype by Italdesign;Nissan GT-R50 Prototype by Italdesign;109;repository;repository;;
Nissan_GTR50RewardRecycled_2020;Nissan;Nissan GT-R50 Prototype by Italdesign;Nissan GT-R50 Prototype by Italdesign;109;repository;repository;;
Nissan_GTR_2017;Nissan;Nissan GT-R (R35) 2017;Nissan GT-R (R35) 2017;;repository;;;different file names in the repository: Nissan GT-R (R35) 2017 | Nissan GT-R 2017 (R35)
Nissan_GTRNismoCrew_2017;Nissan;#KJ's Nissan GT-R NISMO (R35);KJ's Nissan GT-R NISMO (R35);;repository;;;
Nissan_GTRNismoCrewRecycled_2017;Nissan;Nissan GT-R NISMO (R35);Nissan GT-R NISMO (R35);;repository;;;
Nissan_GTRNISMOGT3_2015;Nissan;Nissan GT-R NISMO GT3;Nissan GT-R NISMO GT3;;repository;;;
Nissan_GTRNismoNReward_2017;Nissan;Nissan GT-R NISMO (R35) N Attack Pkg;Nissan GT-R NISMO (R35) N Attack Pkg;069;repository;repository;;
Nissan_GTRNismoNRewardRecycled_2017;Nissan;Nissan GT-R NISMO (R35) N Attack;Nissan GT-R NISMO (R35) N Attack;069;repository;repository;;
Nissan_GTRNISMOReward_2024;Nissan;Nissan 2024 GT-R NISMO (R35) Japan Spec;Nissan 2024 GT-R NISMO (R35) Japan Spec;191;repository;repository;;
Nissan_GTRNISMORewardRecycled_2024;Nissan;Nissan 2024 GT-R NISMO (R35) Japan Spec;Nissan 2024 GT-R NISMO (R35) Japan Spec;191;repository;repository;;
Nissan_GTRPremium_2015;Nissan;Nissan GT-R (R35) Premium 2015;Nissan GT-R (R35) Premium 2015;;repository;;;
Nissan_GTRR35BensopraF6_2012;Nissan;Nissan Ben Sopra GT-R (R35);Nissan Ben Sopra GT-R (R35);;repository;;;
Nissan_GTRReward_2015;Nissan;Nissan LB GT-R (R35) Premium;Nissan LB GT-R (R35) Premium;006;repository;repository;;
Nissan_GTRRewardRecycled_2015;Nissan;Nissan LB GT-R (R35) Premium;Nissan LB GT-R (R35) Premium;006;repository;repository;;
Nissan_GTRTNR_2017;Nissan;Nissan GT-R (R-35) 2017 (TNR);Nissan GT-R (R-35) 2017 (TNR);;repository;;;
Nissan_JukeR20ConceptReward_2015;Nissan;Nissan Juke-R 2.0;Nissan Juke-R 2.0;095;repository;repository;;
Nissan_JukeR20ConceptRewardRecycled_2015;Nissan;Nissan Juke-R 2.0;Nissan Juke-R 2.0;095;repository;repository;;
Nissan_KRCJapanGTRR35Reward_2017;Nissan;Nissan KRC-Japan (R35) GT-R;Nissan KRC-Japan (R35) GT-R;184;repository;repository;;
Nissan_KRCJapanGTRR35RewardRecycled_2017;Nissan;Nissan KRC-Japan (R35) GT-R;Nissan KRC-Japan (R35) GT-R;184;repository;repository;;
Nissan_LBER34Skyline_2002;Nissan;Nissan LB Super Silhouette Skyline GT-R (BNR34);Nissan LB Super Silhouette Skyline GT-R (BNR34);;repository;;;
Nissan_LBGTRType2_2017;Nissan;Nissan Gt-R (R35) (LB-Works Type-2) 2017;Nissan Gt-R (R35);;repository;;;
Nissan_LBSuperSilhouetteSilviaS15_1999;Nissan;Nissan LB Super Silhouette Silvia (S15);Nissan LB Super Silhouette Silvia (S15);;repository;;;
Nissan_PandeMGTRR33Reward_1995;Nissan;Nissan Skyline (BCNR33) GT-R;Nissan Skyline (BCNR33) GT-R;178;repository;repository;;
Nissan_PandeMGTRR33RewardRecycled_1995;Nissan;Nissan Skyline (BCNR33) GT-R;Nissan Skyline (BCNR33) GT-R;178;repository;repository;;
Nissan_ProtoZ_2020;Nissan;Nissan Z Proto;Nissan Z Proto;;repository;;;
Nissan_R390GT1_1997;Nissan;Nissan R390 Gt1 Road Car;Nissan R390 Gt1 Road Car;;automatic;;;
Nissan_SilviaS14F1_1997;Nissan;Nissan Silvia S14;Nissan Silvia S14;;repository;;;
Nissan_SilviaS15Crew_1999;Nissan;#Kiyiya's Nissan Silvia (S15);Kiyiya's Nissan Silvia (S15);;repository;;;
Nissan_SilviaS15CrewRecycled_1999;Nissan;Nissan Silvia (S15);Nissan Silvia (S15);;repository;;;
Nissan_SilviaS15F3_1999;Nissan;Nissan Silvia Spec S (S15) 'Mona Lisa';Nissan Silvia Spec S (S15) ''Mona Lisa'';;repository;;;
Nissan_SilviaS15RocketBunny_1999;Nissan;Nissan Rocket Bunny Silvia S15;Nissan Rocket Bunny Silvia S15;;repository;;;
Nissan_SilviaS15TNR_1999;Nissan;Nissan Silvia (S15) Spec R (TNR);Nissan Silvia (S15) Spec R;;repository;;;
Nissan_SkylineGTRF4_2002;Nissan;Nissan Skyline GT-R (R34 NISMO S-tune);Nissan Skyline GT-R (R34 NISMO S-tune);;repository;;;
Nissan_SkylineGTRR33F1_1995;Nissan;Nissan Skyline GTR R33;Nissan Skyline GTR R33;;repository;;;
Nissan_SkylineGTRR34F2_1999;Nissan;Nissan C-WEST Nissan Skyline GT-R(BNR34);Nissan C-WEST Nissan Skyline GT-R(BNR34);;repository;;;
Nissan_SkylineGTRR34TNR_2002;Nissan;Nissan Skyline GT-R (R34) (TNR);Nissan Skyline GT-R (R34) (TNR);;repository;;;
Nissan_SkylineR33NismoSTune_1995;Nissan;Nissan Skyline GT-R (BCNR33 NISMO S-tune ver);Nissan Skyline GT-R (BCNR33 NISMO S-tune ver);;repository;;;
Nissan_StillenMaximaF1_1999;Nissan;Nissan Stillen Maxima (A32);Nissan Stillen Maxima (A32);;repository;;;
Nissan_TopSecret350ZF3_2003;Nissan;Nissan Top Secret Fairlady Z (Z33);Nissan Top Secret Fairlady Z (Z33);;repository;;;
Nissan_VeilsideZReward_2023;Nissan;Nissan Veilside Z (RZ34) FFZ400;Nissan Veilside Z (RZ34) FFZ400;247;repository;repository;;
Nissan_VeilsideZRewardRecycled_2023;Nissan;Nissan Veilside Z (RZ34) FFZ400;Nissan Veilside Z (RZ34) FFZ400;247;repository;repository;;
Nissan_Zero4Skyline2000GT_1971;Nissan;Nissan Skyline 2000 GT-Kai Zero-4;Nissan Skyline 2000 GT-Kai Zero-4;;repository;;;
Nissan_ZNISMOReward_2024;Nissan;Nissan NISMO Z (RZ34);Nissan Z NISMO (RZ34);206;repository;repository;;
Nissan_ZNISMORewardRecycled_2024;Nissan;Nissan NISMO Z (RZ34);Nissan Z NISMO (RZ34);206;repository;repository;;
Nissan_ZTNR_2023;Nissan;Nissan Z NISMO (RZ34) (ET);Nissan Z NISMO (RZ34);;repository;;;
Noble_M500_2022;Noble;Noble M500;Noble M500;;repository;;;
Noble_M600CarbonSport_2017;Noble;Noble M600 Carbon Sport;Noble M600 Carbon Sport;;repository;;;
Noble_M600F9_2017;Noble;Noble M600;Noble M600;;repository;;;
Noble_M600Reward_2017;Noble;Noble M600;Noble M600;124;repository;repository;;
Noble_M600RewardRecycled_2017;Noble;Noble M600;Noble M600;124;repository;repository;;
Noble_M600SpeedsterReward_2018;Noble;Noble M600 Speedster;Noble M600 Speedster;168;repository;repository;;
Noble_M600SpeedsterRewardRecycled_2018;Noble;Noble M600 Speedster;Noble M600 Speedster;168;repository;repository;;
Pagani_C10_2023;Pagani;Pagani Utopia;Pagani Utopia;;repository;;;
Pagani_C10Reward_2023;Pagani;Pagani Utopia 'Carbon Edition';Pagani Utopia 'Carbon Editions';204;repository;repository;;repository Stage6 file: [205]
Pagani_C10RewardRecycled_2023;Pagani;Pagani Utopia;Pagani Utopia;204;repository;repository;;repository Stage6 file: [205]
Pagani_Huayra_2014;Pagani;Pagani Huayra;Pagani Huayra;;repository;;;
Pagani_HuayraBCReward_2016;Pagani;Pagani Huayra BC;Pagani Huayra BC;019;repository;repository;;
Pagani_HuayraBCRewardRecycled_2016;Pagani;Pagani Huayra BC;Pagani Huayra BC;019;repository;repository;;
Pagani_HuayraBCRoadster_2019;Pagani;Pagani Huayra Roadster BC;Pagani Huayra Roadster BC;;repository;;;
Pagani_HuayraBCRoadsterLS_2019;Pagani;Pagani Huayra Roadster BC 'Drago Viola Edition';Pagani Huayra Roadster BC 'Drago Viola Edition';;repository;;;
Pagani_HuayraBCRoadsterPB_2019;Pagani;Pagani Huayra Roadster BC 'Launch Edition';Pagani Huayra Roadster BC 'Launch Edition';;repository;;;
Pagani_HuayraCodalunga_2022;Pagani;Pagani Huayra Codalunga;Pagani Huayra Codalunga;;repository;;;
Pagani_HuayraCodalungaSpeedster_2025;Pagani;Pagani Huayra Codalunga Speedster;Pagani Huayra Codalunga Speedster;;repository;;;
Pagani_HuayraElite_2014;Pagani;#Ruby Rose's Pagani Huayra;Ruby Rose's Huayra;;repository;;;
Pagani_HuayraR_2021;Pagani;Pagani Huayra R;Pagani Huayra R;;repository;;;
Pagani_HuayraREvo_2024;Pagani;Pagani Huayra R Evo Roadster;Pagani Huayra R Evo Roadster;;repository;;;
Pagani_HuayraRoadsterReward_2017;Pagani;Pagani Huayra Roadster;Pagani Huayra Roadster;023,126;repository;repository;;
Pagani_HuayraRoadsterRewardRecycled_2017;Pagani;Pagani Huayra Roadster;Pagani Huayra Roadster;023,126;repository;repository;;
Pagani_Imola_2021;Pagani;Pagani Imola;Pagani Imola;;repository;;;
Pagani_ImolaGold_2021;Pagani;Pagani Imola (Gold);Pagani Imola;;repository;;;
Pagani_ImolaRoadster_2023;Pagani;Pagani Imola Roadster;Pagani Imola Roadster;;repository;;;
Pagani_UtopiaRoadster_2024;Pagani;Pagani Utopia Roadster;Pagani Utopia Roadster;;repository;;;
Pagani_ZondaBarchetta_2018;Pagani;Pagani Zonda HP Barchetta;Pagani Zonda HP Barchetta;;repository;;;
Pagani_ZondaCinqueCoupe_2009;Pagani;Pagani Zonda Cinque;Pagani Zonda Cinque;;repository;;;
Pagani_ZondaCinqueCoupeReward_2009;Pagani;Pagani Zonda Cinque Coupe;Pagani Zonda Cinque Coupe;174;repository;repository;;
Pagani_ZondaCinqueCoupeRewardRecycled_2009;Pagani;Pagani Zonda Cinque Coupe;Pagani Zonda Cinque Coupe;174;repository;repository;;
Pagani_ZondaCinqueRoadster_2010;Pagani;Pagani Zonda Cinque Roadster;Pagani Zonda Cinque Roadster;;repository;;;
Pagani_ZondaCinqueRoadsterReward_2010;Pagani;Pagani Zonda Cinque Roadster;Pagani Zonda Cinque Roadster;152,244;repository;repository;;
Pagani_ZondaCinqueRoadsterRewardRecycled_2010;Pagani;Pagani Zonda Cinque Roadster;Pagani Zonda Cinque Roadster;152,244;repository;repository;;
Pagani_ZondaREvoBarchetta_2021;Pagani;Pagani Zonda R Barchetta;Pagani Zonda R Barchetta;;repository;;;
Pagani_ZondaRevolucion_2013;Pagani;Pagani Zonda Revolucion;Pagani Zonda Revolucion;;repository;;;
Pininfarina_B95_2025;Pininfarina;Pininfarina B95;Pininfarina B95;;repository;;;
Pininfarina_Battista_2020;Pininfarina;Pininfarina Battista;Pininfarina Battista;;repository;;;
Pininfarina_BattistaNinoFarina_2023;Pininfarina;Pininfarina Battista Edizione Nino Farina;Pininfarina Battista Edizione Nino Farina;;repository;;;
Pininfarina_BattistaReward_2022;Pininfarina;Pininfarina Battista Anniversario;Pininfarina Battista Anniversario;196;repository;repository;;repository Stage6 file: [197]
Pininfarina_BattistaRewardRecycled_2022;Pininfarina;Pininfarina Battista;Pininfarina Battista;196;repository;repository;;repository Stage6 file: [197]
Placeholder_CoveredCar_1234;Placeholder Mystery;Placeholder Covered Car;Placeholder Covered Car;;automatic;;;
Plymouth_FormulaSBarracuda_1968;Plymouth;Plymouth Garret's Rod Shop Barracuda 'Hemi-S';Plymouth Garret's Rod Shop Barracuda ''Hemi-S'';;repository;;;
Plymouth_FormulaSBarracudaElite_1968;Plymouth;#Lau's Plymouth Garret's Rod Shop Barracuda 'Hemi-S';Lau's Plymouth Garret's Rod Shop Barracuda ''Hemi-S'';;repository;;;
Plymouth_FuryJimBelvedere_1958;Plymouth;Plymouth FuryJim Belverde 'Darlene Demon';Plymouth FuryJim Belverde 'Darlene Demon';;repository;;;
Plymouth_HemiCudaClassic_1971;Plymouth;Plymouth HEMI Cuda;Plymouth HEMI Cuda;;repository;;;
Plymouth_RidesByKamBarracuda_1970;Plymouth;Plymouth Rides by Kam Barracuda 'Notorious';Plymouth Rides by Kam Barracuda 'Notorious';;repository;;;
Plymouth_RingbrothersCuda_1970;Plymouth;Plymouth Ringbrothers Barracuda ''Infected'';Plymouth Ringbrothers Barracuda ''Infected'';;repository;;;
Plymouth_RoadRunnerGTXF8_1971;Plymouth;Plymouth Road Runner;Plymouth Road Runner;;repository;;;
Plymouth_RuffianCoupe_1935;Plymouth;Plymouth Ruffian Coupe 'GT-1';Plymouth Ruffian Coupe 'GT-1';;repository;;;
Plymouth_SuperbirdLPClassic_1970;Plymouth;Plymouth Superbird;Plymouth Superbird;;repository;;;
Plymouth_WeaverCustomsCudaTorcReward4thJuly_2016;Plymouth;Plymouth 'Cuda 'TorC' Weaver Customs (4th July);Plymouth Cuda ''TorC'' Weaver Customs;;repository;;;
Plymouth_WeaverCustomsCudaTorcReward_2016;Plymouth;Plymouth Cuda 'TorC' Weaver Customs;Plymouth Cuda ''TorC'' Weaver Customs;040;repository;repository;;
Plymouth_WeaverCustomsCudaTorcRewardRecycled_2016;Plymouth;Plymouth Cuda 'TorC' Weaver Customs;Plymouth 'Cuda ''TorC'' Weaver Customs;040;repository;repository;;
Pontiac_FieroF9_1986;Pontiac;Pontiac Fiero;Pontiac Fiero;;repository;;;
Pontiac_FirebirdTransAm_1977;Pontiac;Pontiac Firebird Trans Am;Pontiac Firebird Trans Am;;repository;;;
Pontiac_GTOTheJudgeClassic_1969;Pontiac;Pontiac GTO The Judge;Pontiac GTO The Judge;;repository;;;
Pontiac_HorizonMotorsportsTransAm_1973;Pontiac;Pontiac Horizon Motorsport Trans-Am 'Hammerhead';Pontiac Horizon Motorsport Trans-Am 'Hammerhead';;repository;;;
Pontiac_NHRFirebird_1970;Pontiac;Pontiac Firebird 'DraKon';Pontiac Firebird 'DraKon';;repository;;;
Pontiac_RyansFirebirdTransAm_1978;Pontiac;Pontiac Ryans Rod & Kustom Firebird Trans Am 'Mullet Missile';Pontiac Ryans Rod & Kustom Firebird Trans Am 'Mullet Missile';;repository;;;
Porsche_718BoxsterS_2017;Porsche;Porsche 718 Boxster S;Porsche 718 Boxster S;;repository;;;
Porsche_718BoxsterSpyder_2020;Porsche;Porsche 718 Boxster Spyder;Porsche 718 Boxster Spyder;;repository;;;
Porsche_718CaymanGT4_2020;Porsche;Porsche 718 Cayman GT4 2020;Porsche 718 Cayman GT4 2020;;repository;;;
Porsche_718CaymanGT4RS_2022;Porsche;Porsche 718 Cayman GT4 RS;Porsche 718 Cayman GT4 RS;;repository;;;
Porsche_718SpyderRSReward_2024;Porsche;Porsche 718 Spyder RS;Porsche 718 Spyder RS;194;repository;repository;;
Porsche_718SpyderRSRewardRecycled_2024;Porsche;Porsche 718 Spyder RS;Porsche 718 Spyder RS;194;repository;repository;;
Porsche_911Carrera4SCabrioletReward_2020;Porsche;Porsche 911 Carrera 4S Cabriolet;Porsche 911 Carrera 4S Cabriolet;073;repository;repository;;
Porsche_911Carrera4SCabrioletRewardRecycled_2020;Porsche;Porsche 911 Carrera 4S Cabriolet;Porsche 911 Carrera 4S Cabriolet;073;repository;repository;;
Porsche_911CarreraRS27LPClassic_1973;Porsche;Porsche 911 Carrera 2.7;Porsche 911 Carrera 2.7;;repository;;;
Porsche_911DakarReward_2023;Porsche;Porsche 911 Rallye;Porsche 911 Rallye;220;repository;repository;;
Porsche_911DakarRewardRecycled_2023;Porsche;Porsche 911 Rallye ''Rallye Design Package'';Porsche 911 Rallye ''Rallye Design Package'';220;repository;repository;;
Porsche_911GT1StraBenversion_1996;Porsche;Porsche 911 GT1 Straßenversion;Porsche 911 GT1 Straßenversion;;repository;;;
Porsche_911GT2_1993;Porsche;Porsche 911 GT2 (993);Porsche 911 GT2 (993);;repository;;;
Porsche_911GT2RS_2017;Porsche;Porsche 911 GT2 RS 'Weissach Package';Porsche 911 GT2 RS ''Weissach Package'';;repository;;;
Porsche_911GT2RSClubSport_2019;Porsche;Porsche 911 GT2 RS Clubsport;Porsche 911 GT2 RS Clubsport;;repository;;;
Porsche_911GT2RSClubSportSalzburg_2019;Porsche;Porsche 911 GT2 RS Clubsport (991);Porsche 911 GT2 RS Clubsport (991);;repository;;;
Porsche_911GT2RSGold_2017;Porsche;Porsche 911 GT2 RS;Porsche 911 GT2 RS;;repository;;;
Porsche_911GT2RSVIP_2017;Porsche;Porsche 911 GT2 RS 'Weissach Package' (VIP);Porsche 911 GT2 RS Weissach Package;;repository;;;
Porsche_911GT39922_2025;Porsche;Porsche 911 GT3 Weissach Package (992.2);Porsche 911 GT3 Weissach package (992.2);;repository;;;
Porsche_911GT3_2022;Porsche;Porsche 911 GT3 (992);Porsche 911 GT3 (992);;repository;;;
Porsche_911GT3R992_2022;Porsche;Porsche 911 GT3 R (992);Porsche 911 GT3 R (992);;repository;;;
Porsche_911GT3Reward_2018;Porsche;Porsche 911 GT3;Porsche 911 GT3;033;repository;repository;;
Porsche_911GT3RewardRecycled_2018;Porsche;Porsche 911 GT3;Porsche 911 GT3;033;repository;repository;;
Porsche_911GT3RRennsport_2023;Porsche;Porsche 911 GT3 R rennsport;Porsche 911 GT3 R rennsport;;repository;;;
Porsche_911GT3RS992_2023;Porsche;Porsche 911 GT3 RS (992);Porsche 911 GT3 RS (992);;repository;;;
Porsche_911GT3RS992Tribute_2023;Porsche;Porsche 911 GT3 RS Carrera RS 2.7 Tribute (992);Porsche 911 GT3 RS Carrera RS 2.7 Tribute (992);;repository;;;
Porsche_911GT3RS997_2012;Porsche;Porsche 911 GT3 RS 3.8 (997.2);Porsche 911 GT3 RS 3.8 (997.2);;repository;;;
Porsche_911GT3RSCrew_2016;Porsche;#Dana's Porsche 911 GT3 RS;Dana's Porsche 911 GT3 RS;;repository;;;
Porsche_911GT3RSCrewRecycled_2016;Porsche;Porsche 911 GT3 RS;Porsche 911 GT3 RS;;repository;;;
Porsche_911GT3RSReward_2018;Porsche;Porsche 911 GT3 RS 'Weissach Package';Porsche 911 GT3 RS ''Weissach Package'';051;repository;repository;;
Porsche_911GT3RSRewardRecycled_2018;Porsche;Porsche 911 GT3 RS 'Weissach Package';Porsche 911 GT3 RS Weissach Package;051;repository;repository;;
Porsche_911GT3TouringReward_2022;Porsche;Porsche 911 GT3 Touring (992);Porsche 911 GT3 Touring (992);176;repository;repository;;
Porsche_911GT3TouringRewardRecycled_2022;Porsche;Porsche 911 GT3 Touring (992);Porsche 911 GT3 Touring (992);176;repository;repository;;
Porsche_911RReward_2017;Porsche;Porsche 911 R;Porsche 911 R;027;repository;repository;;
Porsche_911RRewardRecycled_2017;Porsche;Porsche 911 R;Porsche 911 R;027;repository;repository;;
Porsche_911RWBReward_1972;Porsche;Porsche RWB 911 (F-Series) NARRO STYLE;Porsche RWB 911 (F-Series) NARRO STYLE;165;repository;repository;;
Porsche_911RWBRewardRecycled_1972;Porsche;Porsche RWB 911 (F-Series) NARRO STYLE;Porsche RWB 911 (F-Series) NARRO STYLE;165;repository;repository;;
Porsche_911SpeedsterReward_2020;Porsche;Porsche 911 Speedster 'Heritage Design Package';Porsche 911 Speedster ''Heritage Design Package'';084;repository;repository;;
Porsche_911SpeedsterRewardRecycled_2020;Porsche;Porsche 911 Speedster;Porsche 911 Speedster;084;repository;repository;;
Porsche_911STReward_2024;Porsche;Porsche 911 ST (992);Porsche 911 ST (992);239;repository;repository;;
Porsche_911STRewardRecycled_2024;Porsche;Porsche 911 ST (992);Porsche 911 ST (992);239;repository;repository;;
Porsche_911STRII_1972;Porsche;Porsche 911 '277' Urban Outlaw;Porsche 911 '277' Urban Outlaw;;repository;;;
Porsche_911Targa4GTSReward_2025;Porsche;Porsche 911 Targa 4S GTS (992.2);Porsche 911 Targa 4 GTS (992.2);228;repository;repository;;
Porsche_911Targa4GTSRewardRecycled_2025;Porsche;Porsche 911 Targa 4S GTS (992.2);Porsche 911 Targa 4 GTS (992.2);228;repository;repository;;
Porsche_911Targa4SReward_2021;Porsche;Porsche 911 Targa 4S Heritage (992);Porsche 911 Targa 4S Heritage (992);128;repository;repository;;
Porsche_911Targa4SRewardRecycled_2021;Porsche;Porsche 911 Targa 4S Heritage (992);Porsche 911 Targa 4S Heritage (992);128;repository;repository;;
Porsche_911Turbo930LPClassic_1977;Porsche;Porsche 911 Turbo Coupe (930);Porsche 911 Turbo Coupe (930);;repository;;;
Porsche_911TurboFlachbauC_1987;Porsche;Porsche 911 Turbo 3.3 Cabriolet ''Flachbau'' (930);Porsche 991 Turbo 3.3 Cabriolet ''Flackbau'' (930);;repository;;;
Porsche_911TurboSReward_2016;Porsche;Porsche 911 Turbo S;Porsche 911 Turbo S;016;repository;repository;;
Porsche_911TurboSReward_2021;Porsche;Porsche 911 Turbo S (992);Porsche 911 Turbo S (992);110;repository;repository;;
Porsche_911TurboSReward_2026;Porsche;Porsche 911 Turbo S (992.2);Porsche 911 Turbo S (992.2);254;repository;repository;;
Porsche_911TurboSRewardRecycled_2016;Porsche;Porsche 911 Turbo S;Porsche 911 Turbo S;016;repository;repository;;
Porsche_911TurboSRewardRecycled_2021;Porsche;Porsche 911 Turbo S (992);Porsche 911 Turbo S (992);110;repository;repository;;
Porsche_911TurboSRewardRecycled_2026;Porsche;Porsche 911 Turbo S (992.2);Porsche 911 Turbo S (992.2);254;repository;repository;;
Porsche_912Hoonipigasus_1966;Porsche;Porsche SVRSR Hoonipigasus;Porsche SVRSR Hoonipigasus;;repository;;;
Porsche_917K_1970;Porsche;Porsche 917K;Porsche 917K;;repository;;;
Porsche_918SpyderGold_2015;Porsche;Porsche 918 Spyder Weissach Package;Porsche 918 Spyder Weissach Package;;repository;;;
Porsche_918SpyderMartini_2015;Porsche;Porsche 918 Spyder MARTINI RACING;Porsche 918 Spyder MARTINI RACING;;repository;;;
Porsche_918SpyderReward_2015;Porsche;Porsche 918 Spyder 'Weissach Package';Porsche 918 Spyder Weissach Package;017,085;repository;repository;;
Porsche_918SpyderRewardRecycled_2015;Porsche;Porsche 918 Spyder;Porsche 918 Spyder;017,085;repository;repository;;
Porsche_919Street_2020;Porsche;Porsche 919 Street;Porsche 919 Street;;repository;;;
Porsche_935_2019;Porsche;Porsche 935 Martini Racing;Porsche 935 Martini Racing;;repository;;;
Porsche_935Gold_2019;Porsche;Porsche 935 (991);Porsche 935 (991);;repository;;;
Porsche_935Salzburg_2019;Porsche;Porsche 935 Salzburg;Porsche 935 Salzburg;;repository;;;
Porsche_959_1988;Porsche;Porsche 959;Porsche 959;;repository;;;
Porsche_962C_1987;Porsche;Porsche 962 C;Porsche 962 C;;repository;;;
Porsche_963LMDh_2023;Porsche;Porsche 963;Porsche 963;;repository;;;
Porsche_Bisimoto935K3V_1984;Porsche;Porsche Bisimoto 935 K3V;Porsche Bisimoto 935 K3V;;repository;;;
Porsche_Canepa959_1988;Porsche;Porsche 959 SC;Porsche 959 SC;;repository;;;
Porsche_CarreraGTClassic_2003;Porsche;Porsche Carrera GT;Porsche Carrera GT;;repository;;;
Porsche_CayenneTurboGTReward_2022;Porsche;Porsche Cayenne Turbo S;Porsche Cayenne Turbo S;156;repository;repository;;
Porsche_CayenneTurboGTRewardRecycled_2022;Porsche;Porsche Cayenne Turbo S;Porsche Cayenne Turbo S;156;repository;repository;;
Porsche_CaymanGT4_2016;Porsche;Porsche 718 Cayman;Porsche 718 Cayman;;repository;;;
Porsche_CaymanGT4Salzburg_2016;Porsche;Porsche Cayman GT4 'Salzburg';Porsche Cayman GT4 'Salzburg';;repository;;;
Porsche_DD911GTRSRReward_2017;Porsche;Porsche Duke Dynamics 911 GT-RSR;Porsche Duke Dynamics 911 GT-RSR;153;repository;repository;;
Porsche_DD911GTRSRRewardRecycled_2017;Porsche;Porsche Duke Dynamics 911 GT-RSR;Porsche Duke Dynamics 911 GT-RSR;153;repository;repository;;
Porsche_Manthey911GT3RSReward_2024;Porsche;Porsche Manthey 911 GT3 RS (992.1);Porsche Manthey 911 GT3 RS (992.1);259;repository;repository;;
Porsche_Manthey911GT3RSRewardRecycled_2024;Porsche;Porsche Manthey 911 GT3 RS (992.1);Porsche Manthey 911 GT3 RS;259;repository;repository;277;
Porsche_MissionRConcept_2021;Porsche;Porsche Mission R Concept;Porsche Mission R Concept;;repository;;;
Porsche_PanameraSportTurismoReward_2021;Porsche;Porsche Panamera Turbo S Sport Turismo;Porsche Panamera Turbo S Sport Turismo;130,169;repository;repository;;
Porsche_PanameraSportTurismoRewardRecycled_2021;Porsche;Porsche Panamera Turbo S Sport Turismo;Porsche Panamera Turbo S Sport Turismo;130,169;repository;repository;;
Porsche_RWB911Turbo_1991;Porsche;Porsche Hoonigan RWB 911 Turbo;Porsche Hoonigan RWB 911 Turbo;;repository;;;
Porsche_RWB964Reward_1991;Porsche;Porsche RWB 911 (964);Porsche RWB 911 (964);226;repository;repository;;
Porsche_RWB964RewardRecycled_1991;Porsche;Porsche RWB 911 (964);Porsche RWB 911 (964);226;repository;repository;;
Porsche_RWB993Evo_1993;Porsche;Porsche RWB 993 (Evo);Porsche 911 RWB (Evo);;repository;;;
Porsche_RWB993Reward_1993;Porsche;Porsche 911 RWB;Porsche 911 RWB;076;repository;repository;;
Porsche_RWB993RewardRecycled_1993;Porsche;Porsche 911 RWB;Porsche 911 RWB;076;repository;repository;;
Porsche_RWB993Rotana_1993;Porsche;Porsche RWB 993 'Rotana';Porsche RWB 993 ''Rotana'';;repository;;;
Porsche_TaycanTurboGTReward_2025;Porsche;Porsche Taycan Turbo GT;Porsche Taycan Turbo GT;213;repository;repository;;
Porsche_TaycanTurboGTRewardRecycled_2025;Porsche;Porsche Taycan Turbo GT ''Weissach Edition'';Porsche Taycan Turbo GT ''Weissach Edition'';213;repository;repository;;
Porsche_TaycanTurboSCrossTurismo_2022;Porsche;Porsche Taycan Cross Turismo Turbo S;Porsche Taycan Cross Turismo Turbo S;;repository;;;
Porsche_TaycanTurboSPride_2021;Porsche;Porsche Taycan Turbo S Pride;Porsche Taycan Turbo S Pride;;repository;;;
Porsche_TaycanTurboSReward_2021;Porsche;Porsche Taycan Turbo S;Porsche Taycan Turbo S;149;repository;repository;;
Porsche_TaycanTurboSRewardRecycled_2021;Porsche;Porsche Taycan Turbo S;Porsche Taycan Turbo S;149;repository;repository;;
Porsche_VorsteinerGT4VCS_2016;Porsche;Porsche Vorsteiner Cayman GT4 V-CS;Porsche Vorsteiner Cayman GT4 V-CS;;repository;;;
Radford_Type62GOSH_2021;Radford;RadFord Type 62-2 GOSH Edition;RadFord Type 62-2 GOSH Edition;;repository;;;
Radford_Type62PikesPeak_2023;Radford;RadFord Type 62-2 Track Edition;RadFord Type 62-2 Track Edition;;repository;;;
Radford_Type62Reward_2021;Radford;RadFord Type 62-2;RadFord Type 62-2;223;repository;repository;;
Radford_Type62RewardRecycled_2021;Radford;RadFord Type 62-2;RadFord Type 62-2;223;repository;repository;;
RAESR_TachyonSpeed_2024;RAESR;RAESR Tachyon Speed;RAESR Tachyon Speed;;repository;;;
RAM_1500TRX_2021;RAM;RAM 1500 TRX;RAM 1500 TRX;;repository;;;
Renault_ClioV6Phase2_2005;Renault;Renault Clio V6;Renault Clio V6;;automatic;;;
Rimac_Nevera_2021;Rimac;Rimac Nevera;Rimac Nevera;;repository;;;
Rimac_NeveraR_2025;Rimac;Rimac Nevera R;Rimac Nevera R;;repository;;;
Rimac_NeveraReward_2022;Rimac;Rimac Nevera Time Attack;Rimac Nevera Time Attack;201;repository;repository;;
Rimac_NeveraRewardrecycled_2022;Rimac;Rimac Nevera;Rimac Nevera;201;repository;repository;;
RUF_CTR3EVO_2023;RUF;RUF CTR 3 Evo;RUF CTR 3 Evo;;automatic;;;
Saleen_S1Reward_2018;Saleen;Saleen S1;Saleen S1;061;repository;repository;;
Saleen_S1RewardRecycled_2018;Saleen;Saleen S1;Saleen S1;061;repository;repository;;
Saleen_S7Classic_2004;Saleen;Saleen S7 Twin Turbo;Saleen S7 Twin Turbo;;repository;;;
SCG_004CS_2020;SCG;SCG 004CS;SCG 004CS;;repository;;;
SCG_007_2021;SCG;SCG 007 2021;SCG 007 2021;;repository;;;
SCG_SCG003S_2017;SCG;SCG 003S;SCG 003S;;repository;;;
SCG_SCG003SCarbon_2017;SCG;SCG 003S Carbon Edition;SCG 003S Carbon Edition;;repository;;;
SCG_SCG004CReward_2019;SCG;SCG 004C;SCG 004C;072,250;repository;repository;;
SCG_SCG004CRewardRecycled_2019;SCG;SCG 004C;SCG 004C;072,250;repository;repository;;
Shelby_Cobra427SCClassic_1965;Shelby;Shelby Cobra 427 SC;Shelby Cobra 427 SC;;repository;;;
Shelby_CobraDaytonaLP_1964;Shelby;Shelby Cobra Daytona Coupe;Shelby Cobra Daytona Coupe;;repository;;;
Shelby_MustangSuperSnakeR_2025;Shelby;Shelby Super Snake R;Shelby Super Snake R;;repository;;;
Shelby_SuperSnakeReward_2019;Shelby;Shelby Super Snake;Shelby Super Snake;080,125;repository;repository;;
Shelby_SuperSnakeRewardRecycled_2019;Shelby;Shelby Super Snake;Shelby Super Snake;080,125;repository;repository;;
Shelby_SuperSnakeS650Reward_2024;Shelby;Shelby Super Snake;Shelby Super Snake;229;repository;repository;;
Shelby_SuperSnakeS650RewardRecycled_2024;Shelby;Shelby Super Snake;Shelby Super Snake;229;repository;repository;;
Spyker_C8PreliatorReward_2017;Spyker;Spyker C8 Preliator;Spyker C8 Preliator;078;repository;repository;;
Spyker_C8PreliatorRewardRecycled_2017;Spyker;Spyker C8 Preliator;Spyker C8 Preliator;078;repository;repository;;
Spyker_C8PreliatorSpyder_2017;Spyker;Spyker C8 Preliator Spyder;Spyker C8 Preliator Spyder (Purple Star);;repository;;;
SSC_Tuatara_2019;SSC;SSC Tuatara;SSC Tuatara;;repository;;;
SSC_TuataraGold_2019;SSC;SSC Tuatara (Orange);SSC Tuatara;;repository;;;
SSC_TuataraSilver_2019;SSC;SSC Tuatara 'Concept;SSC Tuatara 'Concept';;repository;;;
SSC_TuataraStriker_2022;SSC;SSC Tuatara Striker;SSC Tuatara Striker;;repository;;;
SSC_TuataraWRE_2020;SSC;SSC Tuatara 'World Record Edition';SSC Tuatara 'World Record Edition';;repository;;;
SSC_UltimateAeroTT_2009;SSC;SSC Ultimate Aero TT;SSC Ultimate Aero TT;;repository;;;
Subaru_BRZF8_2013;Subaru;Subaru BRZ;Subaru BRZ;;repository;;;
Subaru_BRZRocketBunny_2013;Subaru;Subaru BRZ Rocket Bunny;Subaru BRZ Rocket Bunny;;repository;;;
Subaru_BRZRocketBunnyVIP_2013;Subaru;Subaru BRZ Rocket Bunny (VIP);Subaru BRZ Rocket Bunny;;repository;;;
Subaru_BRZtSReward_2024;Subaru;Subaru BRZ tS 2024;Subaru BRZ tS 2024;235;repository;repository;;
Subaru_BRZtSRewardRecycled_2024;Subaru;Subaru BRZ tS 2024;Subaru BRZ tS 2024;235;repository;repository;;
Subaru_BRZtSTNR_2020;Subaru;Subaru BRZ tS 2020 (TNR);Subaru BRZ tS 2020 (TNR);;repository;;;
Subaru_ImprezaWRXF4_2009;Subaru;Subaru Veilside Impreza WRX STI;Subaru Veilside Impreza WRX STI;;repository;;;
Subaru_ImprezaWRXSTI_2014;Subaru;Subaru WRX STI;Subaru WRX STI;;repository;;;
Subaru_VarisImprezaWRXSTI_2014;Subaru;Subaru VARIS WRX STI;Subaru VARIS WRX STI;;repository;;;
Subaru_VarisWRXSTICALM_2018;Subaru;Subaru Varis WRX STI CALM Edition;Subaru Varis WRX STI CALM Edition;;repository;;;
Subaru_WRXSTIF8_2018;Subaru;Subaru WRX STI;Subaru WRX STI;;repository;;;
Subaru_WRXSTIGobstopperII_2015;Subaru;Subaru RCM WRX Gobstopper II;Subaru RCM WRX Gobstopper II;;repository;;;
Subaru_WRXSTITNR_2018;Subaru;Subaru WRX STI (TNR);Subaru WRX STI (TNR);;repository;;;
Toyota_86_2014;Toyota;Toyota 86;Toyota 86;;repository;;;
Toyota_86Boss_2014;Toyota;#KJ's TOYOTA 86 Rocket Bunny;KJ's TOYOTA 86 Rocket Bunny;;repository;;;
Toyota_CamryNASCAR_2022;Toyota;Toyota NASCAR Next Gen Camry;Toyota NASCAR Next Gen Camry;;repository;;;
Toyota_GR86TNR_2023;Toyota;Toyota GR 86 (TNR);Toyota GR 86;;repository;;;
Toyota_GRSupra_2020;Toyota;Toyota GR Supra;Toyota GR Supra;;repository;;;
Toyota_GRSupraF9_2020;Toyota;Toyota GR Supra Mk5;Toyota GR Supra Mk5;;repository;;;
Toyota_GRSupraTNR_2020;Toyota;Toyota GR Supra (TNR);Toyota GR Supra (TNR);;repository;;;
Toyota_GRSupraV2TNR_2021;Toyota;Toyota GR Supra V2 (TNR);Toyota GR Supra V2;;repository;;;
Toyota_GRYarisReward_2021;Toyota;Toyota GR Yaris;Toyota GR Yaris;246;repository;repository;;
Toyota_GRYarisRewardRecycled_2021;Toyota;Toyota GR Yaris;Toyota GR Yaris;246;repository;repository;;
Toyota_LBGRSupraReward_2020;Toyota;Toyota LB Silhouette GR Supra;Toyota LB Silhouette GR Supra;132;repository;repository;;
Toyota_LBGRSupraRewardRecycled_2020;Toyota;Toyota LB Silhouette GR Supra;Toyota LB Silhouette GR Supra;132;repository;repository;;
Toyota_PandeMGRSupraV15_2020;Toyota;Toyota PandeM V1.5 GR Supra;Toyota PandeM V1.5 GR Supra;;repository;;;
Toyota_PandeMGRSupraV1_2020;Toyota;Toyota PandeM V1 GR Supra;Toyota PandeM V1 GR Supra;;repository;;;
Toyota_SprinterTruenoAE86_1980;Toyota;Toyota Trueno Sprinter AE86 GT Apex;Toyota Trueno Sprinter AE86 GT Apex;;repository;;;
Toyota_SupraMK4TNR_1994;Toyota;Toyota Supra MK4 (TNR);Toyota Supra MK4 (TNR);;repository;;;
Toyota_SupraMKIVF1_1994;Toyota;Toyota Supra Aerotop;Toyota Supra Aerotop;;repository;;;
Toyota_SupraMKIVF7_1995;Toyota;Toyota Supra Mk. IV;Toyota Supra Mk. IV;;repository;;;
Toyota_SupraMKIVVaris_1994;Toyota;#Noro's Toyota VARIS Supra;Noro's Toyota VARIS Supra;;repository;;;
TVR_GriffithReward_2019;TVR;TVR Griffith;TVR Griffith;101;repository;repository;;
TVR_GriffithRewardRecycled_2019;TVR;TVR Griffith;TVR Griffith;101;repository;repository;;
TVR_Sagaris_2006;TVR;TVR Sagaris;TVR Sagaris;;repository;;;
TVR_SagarisReward_2006;TVR;TVR Sagaris;TVR Sagaris;122;repository;repository;;
TVR_SagarisRewardRecycled_2006;TVR;TVR Sagaris;TVR Sagaris;122;repository;repository;;
Ultima_EVOCoupeReward_2016;Ultima;Ultima Evolution Coupe;Ultima Evolution Coupe;120;repository;repository;;
Ultima_EVOCoupeRewardRecycled_2016;Ultima;Ultima Evolution Coupe;Ultima Evolution Coupe;120;repository;repository;;
Ultima_EVOCoupeSupercharged_2016;Ultima;Ultima Evolution Coupe Supercharged;Ultima Evolution Coupe Supercharged;;repository;;;
Ultima_RS_2020;Ultima;Ultima RS;Ultima RS;;repository;;;
Ultima_RSGold_2020;Ultima;Ultima RS;Ultima RS;;repository;;;
Volkswagen_GolfGTI_2014;Volkswagen;Volkswagen Golf GTI;Volkswagen Golf GTI;;repository;;;
Volkswagen_GolfGTICrew_1982;Volkswagen;#Konduit's Volkswagen Golf GTI Mk1;Konduit's Volkswagen Golf GTI Mk1;;repository;;;
Volkswagen_GolfGTICrewRecycled_1982;Volkswagen;Volkswagen Golf GTI MK1;Volkswagen Golf GTI MK1;;repository;;;
Volkswagen_GolfGTIElite_2014;Volkswagen;#Ruby Rose's Volkswagen Golf GTI;Ruby Rose's Volkswagen Golf GTI;;repository;;;
Volkswagen_IDR_2019;Volkswagen;Volkswagen ID.R;Volkswagen ID.R;;repository;;;
Volkswagen_JettaF1_1995;Volkswagen;Volkswagen Jetta;Volkswagen Jetta;;repository;;;
Volkswagen_RocketBunnyGolfGTI_2014;Volkswagen;Volkswagen Rocket Bunny Golf GTI;Volkswagen Rocket Bunny Golf GTI;;repository;;;
Volkswagen_SciroccoR_2015;Volkswagen;Volkswagen Scirocco R;Volkswagen Scirocco R;;repository;;;
VUHL_05RRReward_2019;VUHL;VUHL 05RR Fighter;VUHL 05RR Fighter;093;repository;repository;;
VUHL_05RRRewardRecycled_2019;VUHL;VUHL 05RR Fighter;VUHL 05RR;093;repository;repository;;
WMotors_FenyrSupersportReward_2016;WMotors;WMotors Fenyr Supersport;WMotors Fenyr Supersport;045;repository;repository;;
WMotors_FenyrSupersportRewardRecycled_2016;WMotors;WMotors Fenyr Supersport;W Motors Fenyr Supersport;045;repository;repository;;
WMotors_LykanHyperSportReward_2015;WMotors;WMotors Lykan HyperSport;WMotors Lykan HyperSport;002;repository;repository;;
WMotors_LykanHyperSportRewardRecycled_2015;WMotors;WMotors Lykan HyperSport;W Motors Lykan Hypersport;002;repository;repository;;
Zenvo_AuroraAgil_2024;Zenvo;Zenvo Aurora Agil;Zenvo Aurora Agil;;repository;;;
Zenvo_AuroraTur_2024;Zenvo;Zenvo Aurora Tur;Zenvo Aurora Tur;;repository;;;
Zenvo_AuroraTurReward_2024;Zenvo;Zenvo Aurora Tur;Zenvo Aurora Tur;214;repository;repository;;
Zenvo_AuroraTurRewardRecycled_2024;Zenvo;Zenvo Aurora Tur;Zenvo Aurora Tur;214;repository;repository;;
Zenvo_TS1GT_2018;Zenvo;Zenvo TS1 GT Sleipnir 10th Anniversary;Zenvo TS1 GT Sleipnir 10th Anniversary;;repository;;;
Zenvo_TS1GTReward_2018;Zenvo;Zenvo TS1 GT;Zenvo TS1 GT;057;repository;repository;;
Zenvo_TS1GTRewardRecycled_2018;Zenvo;Zenvo TS1 GT;Zenvo TS1 GT;057;repository;repository;;
Zenvo_TSRGTReward_2023;Zenvo;Zenvo TSR-GT;Zenvo TSR-GT;225;repository;repository;;
Zenvo_TSRGTRewardRecycled_2023;Zenvo;Zenvo TSR-GT;Zenvo TSR-GT;225;repository;repository;;
Zenvo_TSRS_2019;Zenvo;Zenvo TSR-S;Zenvo TSR-S;;repository;;;
Zenvo_TSRS_2020;Zenvo;Zenvo TSR-S Chassis No-2;Zenvo TSR-S Chassis No-2;;repository;;;
Zenvo_TSRSGold_2020;Zenvo;Zenvo TSR-S Chassis No-3;Zenvo TSR-S Chassis No-3;;repository;;;
