crdb;source;stars;star_folder;elite_full_stars;elite_max_stars
Abarth_500_2014;ShopCash;0G;Gold;;
Abarth_500_2014;ShopGold;0G;Gold;;
Abarth_500_2014;Gacha;1G;Gold;;
Abarth_500_2014;Tutorial;0G;Gold;;
Acura_IntegraGSRF1_1998;Prize;5P;Purple;;
Acura_IntegraGSRF1_1998;IAP;5P;Purple;;
Acura_IntegraGSRF1_1998;IAPSpecial;5P;Purple;;
Acura_IntegraGSRF1_1998;Collection;5P;Purple;;
Acura_IntegraTypeRDB8F1_1995;Prize;5P;Purple;;
Acura_IntegraTypeRDB8F1_1995;IAP;5P;Purple;;
Acura_IntegraTypeRDB8F1_1995;IAPSpecial;5P;Purple;;
Acura_IntegraTypeRDB8F1_1995;Collection;5P;Purple;;
Acura_NSXF9_2018;Prize;5P;Purple;;
Acura_NSXF9_2018;IAP;5P;Purple;;
Acura_NSXF9_2018;IAPSpecial;5P;Purple;;
Acura_NSXF9_2018;Collection;5P;Purple;;
Acura_NSXTypeSReward_2022;Prize;5P;Purple;;
Acura_NSXTypeSReward_2022;IAP;5P;Purple;;
Acura_NSXTypeSReward_2022;IAPSpecial;5P;Purple;;
Acura_NSXTypeSReward_2022;Collection;5P;Purple;;
Acura_NSXTypeSRewardRecycled_2022;Gacha;5G;Gold;;
Acura_NSXTypeSRewardRecycled_2022;Collection;5G;Gold;;
AlfaRomeo_4CCoupeCrew_2013;High_Stakes;3P;Purple;;
AlfaRomeo_4CCoupeCrewRecycled_2013;Gacha;2G;Gold;;
AlfaRomeo_4CCoupeCrewRecycled_2013;Collection;2G;Gold;;
AlfaRomeo_4CSpider_2016;ShopGold;0G;Gold;;
AlfaRomeo_4CSpider_2016;Gacha;1G;Gold;;
AlfaRomeo_8CCompetizione_2007;Prize;5P;Purple;;
AlfaRomeo_8CCompetizione_2007;IAP;5P;Purple;;
AlfaRomeo_8CCompetizione_2007;IAPSpecial;5P;Purple;;
AlfaRomeo_8CCompetizione_2007;Collection;5P;Purple;;
AlfaRomeo_8CSpiderReward_2009;Prize;5P;Purple;;
AlfaRomeo_8CSpiderReward_2009;IAP;5P;Purple;;
AlfaRomeo_8CSpiderReward_2009;IAPSpecial;5P;Purple;;
AlfaRomeo_8CSpiderReward_2009;Collection;5P;Purple;;
AlfaRomeo_8CSpiderRewardRecycled_2009;Gacha;5G;Gold;;
AlfaRomeo_8CSpiderRewardRecycled_2009;Collection;5G;Gold;;
AlfaRomeo_GiuliaGTAmReward_2021;Prize;5P;Purple;;
AlfaRomeo_GiuliaGTAmReward_2021;IAP;5P;Purple;;
AlfaRomeo_GiuliaGTAmReward_2021;IAPSpecial;5P;Purple;;
AlfaRomeo_GiuliaGTAmReward_2021;Collection;5P;Purple;;
AlfaRomeo_GiuliaGTAmRewardRecycled_2021;Gacha;5G;Gold;;
AlfaRomeo_GiuliaGTAmRewardRecycled_2021;Collection;5G;Gold;;
AlfaRomeo_GiuliaQuadrifoglio_2017;Gacha;3G;Gold;;
AlfaRomeo_GiuliaQuadrifoglio_2017;Collection;3G;Gold;;
AlfaRomeo_GiuliaQuadrifoglio_2017;IAP;3G;Gold;;
Alpine_A110_2018;Gacha;3G;Gold;;
Alpine_A110_2018;Collection;3G;Gold;;
Alpine_A110_2018;IAP;3G;Gold;;
AMC_RingbrothersJavelinDefiant_1972;Prize;5P;Purple;;
AMC_RingbrothersJavelinDefiant_1972;IAP;5P;Purple;;
AMC_RingbrothersJavelinDefiant_1972;IAPSpecial;5P;Purple;;
AMC_RingbrothersJavelinDefiant_1972;Collection;5P;Purple;;
Apollo_IntensaEmozione_2019;Prize;5P;Purple;;
Apollo_IntensaEmozione_2019;IAP;5P;Purple;;
Apollo_IntensaEmozione_2019;IAPSpecial;5P;Purple;;
Apollo_IntensaEmozione_2019;Collection;5P;Purple;;
Apollo_IntensaEmozioneCarbon_2019;Prize;5P;Purple;;
Apollo_IntensaEmozioneCarbon_2019;IAP;5P;Purple;;
Apollo_IntensaEmozioneCarbon_2019;IAPSpecial;5P;Purple;;
Apollo_IntensaEmozioneCarbon_2019;Collection;5P;Purple;;
Apollo_IntensaEmozioneOrangeDragon_2019;Prize;5P;Purple;;
Apollo_IntensaEmozioneOrangeDragon_2019;IAP;5P;Purple;;
Apollo_IntensaEmozioneOrangeDragon_2019;IAPSpecial;5P;Purple;;
Apollo_IntensaEmozioneOrangeDragon_2019;Collection;5P;Purple;;
Apollo_ProjectEvo_2022;Prize;5P;Purple;;
Apollo_ProjectEvo_2022;IAPSpecial;5P;Purple;;
Apollo_ProjectEvo_2022;Collection;5P;Purple;;
Apollo_ProjectEvo_2022;IAP;5P;Purple;;
Apollo_S_2008;Collection;5P;Purple;;
Apollo_S_2008;IAPSpecial;5P;Purple;;
Apollo_S_2008;IAP;5P;Purple;;
Apollo_S_2008;Prize;5P;Purple;;
Arrinera_HussaryaReward_2020;Prize;5P;Purple;;
Arrinera_HussaryaReward_2020;IAP;5P;Purple;;
Arrinera_HussaryaReward_2020;IAPSpecial;5P;Purple;;
Arrinera_HussaryaReward_2020;Collection;5P;Purple;;
Arrinera_HussaryaRewardRecycled_2020;Gacha;5G;Gold;;
Arrinera_HussaryaRewardRecycled_2020;Collection;5G;Gold;;
Aspark_Owl_2021;Prize;5P;Purple;;
Aspark_Owl_2021;IAP;5P;Purple;;
Aspark_Owl_2021;IAPSpecial;5P;Purple;;
Aspark_Owl_2021;Collection;5P;Purple;;
Aspark_OwlSP600_2024;Collection;5P;Purple;;
Aspark_OwlSP600_2024;Prize;5P;Purple;;
Aspark_OwlSP600_2024;IAPSpecial;5P;Purple;;
Aspark_OwlSP600_2024;IAP;5P;Purple;;
AstonMartin_DB11Reward_2017;Prize;4P;Purple;;
AstonMartin_DB11Reward_2017;IAP;4P;Purple;;
AstonMartin_DB11Reward_2017;IAPSpecial;4P;Purple;;
AstonMartin_DB11Reward_2017;Collection;4P;Purple;;
AstonMartin_DB11RewardRecycled_2017;Gacha;4G;Gold;;
AstonMartin_DB11RewardRecycled_2017;Collection;4G;Gold;;
AstonMartin_DB12_2023;Prize;5P;Purple;;
AstonMartin_DB12_2023;IAP;5P;Purple;;
AstonMartin_DB12_2023;IAPSpecial;5P;Purple;;
AstonMartin_DB12_2023;Collection;5P;Purple;;
AstonMartin_DB12VolanteReward_2024;Prize;5P;Purple;;
AstonMartin_DB12VolanteReward_2024;IAP;5P;Purple;;
AstonMartin_DB12VolanteReward_2024;IAPSpecial;5P;Purple;;
AstonMartin_DB12VolanteReward_2024;Collection;5P;Purple;;
AstonMartin_DB12VolanteRewardRecycled_2024;Gacha;5G;Gold;;
AstonMartin_DB12VolanteRewardRecycled_2024;Collection;5G;Gold;;
AstonMartin_DB5Classic_1964;ShopCash;3B;Gold;3B;3G
AstonMartin_DB5Classic_1964;ShopGold;3B;Gold;3B;3G
AstonMartin_DBR22_2023;Gacha;5G;Gold;;
AstonMartin_DBR22_2023;Collection;5G;Gold;;
AstonMartin_DBS770UltimateReward_2023;Prize;5P;Purple;;
AstonMartin_DBS770UltimateReward_2023;IAP;5P;Purple;;
AstonMartin_DBS770UltimateReward_2023;IAPSpecial;5P;Purple;;
AstonMartin_DBS770UltimateReward_2023;Collection;5P;Purple;;
AstonMartin_DBS770UltimateRewardRecycled_2023;Gacha;5G;Gold;;
AstonMartin_DBS770UltimateRewardRecycled_2023;Collection;5G;Gold;;
AstonMartin_DBSGTZagato_2020;Prize;5P;Purple;;
AstonMartin_DBSGTZagato_2020;IAP;5P;Purple;;
AstonMartin_DBSGTZagato_2020;IAPSpecial;5P;Purple;;
AstonMartin_DBSGTZagato_2020;Collection;5P;Purple;;
AstonMartin_DBSSuperleggeraReward_2019;Prize;4P;Purple;;
AstonMartin_DBSSuperleggeraReward_2019;IAP;4P;Purple;;
AstonMartin_DBSSuperleggeraReward_2019;IAPSpecial;4P;Purple;;
AstonMartin_DBSSuperleggeraReward_2019;Collection;4P;Purple;;
AstonMartin_DBSSuperleggeraRewardRecycled_2019;Gacha;4G;Gold;;
AstonMartin_DBSSuperleggeraRewardRecycled_2019;Collection;4G;Gold;;
AstonMartin_DBSVolanteReward_2020;Prize;5P;Purple;;
AstonMartin_DBSVolanteReward_2020;IAP;5P;Purple;;
AstonMartin_DBSVolanteReward_2020;IAPSpecial;5P;Purple;;
AstonMartin_DBSVolanteReward_2020;Collection;5P;Purple;;
AstonMartin_DBSVolanteRewardRecycled_2020;Gacha;5G;Gold;;
AstonMartin_DBSVolanteRewardRecycled_2020;Collection;5G;Gold;;
AstonMartin_DBX707Reward_2023;Prize;5P;Purple;;
AstonMartin_DBX707Reward_2023;IAP;5P;Purple;;
AstonMartin_DBX707Reward_2023;IAPSpecial;5P;Purple;;
AstonMartin_DBX707Reward_2023;Collection;5P;Purple;;
AstonMartin_DBX707RewardRecycled_2023;Gacha;5G;Gold;;
AstonMartin_DBX707RewardRecycled_2023;Collection;5G;Gold;;
AstonMartin_DBXReward_2019;Prize;5P;Purple;;
AstonMartin_DBXReward_2019;IAP;5P;Purple;;
AstonMartin_DBXReward_2019;IAPSpecial;5P;Purple;;
AstonMartin_DBXReward_2019;Collection;5P;Purple;;
AstonMartin_DBXRewardRecycled_2019;Gacha;5G;Gold;;
AstonMartin_DBXRewardRecycled_2019;Collection;5G;Gold;;
AstonMartin_DBXRewardRecycled_2019;IAP;5G;Gold;;
AstonMartin_DBXSReward_2026;IAPSpecial;5P;Purple;;
AstonMartin_DBXSReward_2026;Prize;5P;Purple;;
AstonMartin_DBXSReward_2026;Collection;5P;Purple;;
AstonMartin_DBXSReward_2026;IAP;5P;Purple;;
AstonMartin_DBXSRewardRecycled_2026;Gacha;5G;Gold;;
AstonMartin_One77Reward_2010;Prize;5P;Purple;;
AstonMartin_One77Reward_2010;IAP;5P;Purple;;
AstonMartin_One77Reward_2010;IAPSpecial;5P;Purple;;
AstonMartin_One77Reward_2010;Collection;5P;Purple;;
AstonMartin_One77RewardRecycled_2010;Gacha;5G;Gold;;
AstonMartin_One77RewardRecycled_2010;Collection;5G;Gold;;
AstonMartin_V12Speedster_2021;Gacha;5G;Gold;;
AstonMartin_V12Speedster_2021;Collection;5G;Gold;;
AstonMartin_V12SpeedsterDBR1_2021;Prize;5P;Purple;;
AstonMartin_V12SpeedsterDBR1_2021;IAP;5P;Purple;;
AstonMartin_V12SpeedsterDBR1_2021;IAPSpecial;5P;Purple;;
AstonMartin_V12SpeedsterDBR1_2021;Collection;5P;Purple;;
AstonMartin_V12Vantage_2023;Prize;5P;Purple;;
AstonMartin_V12Vantage_2023;IAP;5P;Purple;;
AstonMartin_V12Vantage_2023;IAPSpecial;5P;Purple;;
AstonMartin_V12Vantage_2023;Collection;5P;Purple;;
AstonMartin_V12VantageRReward_2023;Prize;5P;Purple;;
AstonMartin_V12VantageRReward_2023;IAP;5P;Purple;;
AstonMartin_V12VantageRReward_2023;IAPSpecial;5P;Purple;;
AstonMartin_V12VantageRReward_2023;Collection;5P;Purple;;
AstonMartin_V12VantageRRewardRecycled_2023;Gacha;5G;Gold;;
AstonMartin_V12VantageRRewardRecycled_2023;Collection;5G;Gold;;
AstonMartin_Valhalla_2020;Prize;5P;Purple;;
AstonMartin_Valhalla_2020;IAP;5P;Purple;;
AstonMartin_Valhalla_2020;IAPSpecial;5P;Purple;;
AstonMartin_Valhalla_2020;Collection;5P;Purple;;
AstonMartin_Valhalla_2025;Gacha;5G;Gold;;
AstonMartin_Valhalla_2025;Collection;5G;Gold;;
AstonMartin_Valhalla_2025;IAP;5G;Gold;;
AstonMartin_ValhallaGold_2020;Gacha;5G;Gold;;
AstonMartin_ValhallaGold_2020;Collection;5G;Gold;;
AstonMartin_Valiant_2025;Prize;5P;Purple;;
AstonMartin_Valiant_2025;IAP;5P;Purple;;
AstonMartin_Valiant_2025;IAPSpecial;5P;Purple;;
AstonMartin_Valiant_2025;Collection;5P;Purple;;
AstonMartin_Valkyrie_2020;Gacha;5G;Gold;;
AstonMartin_Valkyrie_2020;Collection;5G;Gold;;
AstonMartin_ValkyrieAMRPro_2022;Prize;5P;Purple;;
AstonMartin_ValkyrieAMRPro_2022;IAP;5P;Purple;;
AstonMartin_ValkyrieAMRPro_2022;IAPSpecial;5P;Purple;;
AstonMartin_ValkyrieAMRPro_2022;Collection;5P;Purple;;
AstonMartin_ValkyrieAMRProConcept_2020;Prize;5P;Purple;;
AstonMartin_ValkyrieAMRProConcept_2020;IAP;5P;Purple;;
AstonMartin_ValkyrieAMRProConcept_2020;IAPSpecial;5P;Purple;;
AstonMartin_ValkyrieAMRProConcept_2020;Collection;5P;Purple;;
AstonMartin_ValkyrieSpider_2022;Prize;5P;Purple;;
AstonMartin_ValkyrieSpider_2022;IAP;5P;Purple;;
AstonMartin_ValkyrieSpider_2022;IAPSpecial;5P;Purple;;
AstonMartin_ValkyrieSpider_2022;Collection;5P;Purple;;
AstonMartin_ValkyrieSpirit_2020;Prize;5P;Purple;;
AstonMartin_ValkyrieSpirit_2020;IAP;5P;Purple;;
AstonMartin_ValkyrieSpirit_2020;IAPSpecial;5P;Purple;;
AstonMartin_ValkyrieSpirit_2020;Collection;5P;Purple;;
AstonMartin_ValkyrieTrackPack_2020;Prize;5P;Purple;;
AstonMartin_ValkyrieTrackPack_2020;IAP;5P;Purple;;
AstonMartin_ValkyrieTrackPack_2020;IAPSpecial;5P;Purple;;
AstonMartin_ValkyrieTrackPack_2020;Collection;5P;Purple;;
AstonMartin_ValkyrieTrackPackAMR_2020;Prize;5P;Purple;;
AstonMartin_ValkyrieTrackPackAMR_2020;IAP;5P;Purple;;
AstonMartin_ValkyrieTrackPackAMR_2020;IAPSpecial;5P;Purple;;
AstonMartin_ValkyrieTrackPackAMR_2020;Collection;5P;Purple;;
AstonMartin_Valour_2024;Prize;5P;Purple;;
AstonMartin_Valour_2024;IAP;5P;Purple;;
AstonMartin_Valour_2024;IAPSpecial;5P;Purple;;
AstonMartin_Valour_2024;Collection;5P;Purple;;
AstonMartin_ValourReward_2024;Prize;5P;Purple;;
AstonMartin_ValourReward_2024;IAP;5P;Purple;;
AstonMartin_ValourReward_2024;IAPSpecial;5P;Purple;;
AstonMartin_ValourReward_2024;Collection;5P;Purple;;
AstonMartin_ValourRewardRecycled_2024;Gacha;5G;Gold;;
AstonMartin_ValourRewardRecycled_2024;Collection;5G;Gold;;
AstonMartin_Vanquish_2014;ShopCash;0G;Gold;;
AstonMartin_Vanquish_2014;ShopGold;0G;Gold;;
AstonMartin_Vanquish_2014;Gacha;3G;Gold;;
AstonMartin_Vanquish_2025;Prize;5P;Purple;;
AstonMartin_Vanquish_2025;IAP;5P;Purple;;
AstonMartin_Vanquish_2025;IAPSpecial;5P;Purple;;
AstonMartin_Vanquish_2025;Collection;5P;Purple;;
AstonMartin_VanquishVReward_2025;Prize;5P;Purple;;
AstonMartin_VanquishVReward_2025;IAP;5P;Purple;;
AstonMartin_VanquishVReward_2025;IAPSpecial;5P;Purple;;
AstonMartin_VanquishVReward_2025;Collection;5P;Purple;;
AstonMartin_VanquishVRewardRecycled_2025;Gacha;5G;Gold;;
AstonMartin_VanquishVRewardRecycled_2025;Collection;5G;Gold;;
AstonMartin_VanquishZagatoReward_2017;Prize;5P;Purple;;
AstonMartin_VanquishZagatoReward_2017;IAP;5P;Purple;;
AstonMartin_VanquishZagatoReward_2017;IAPSpecial;5P;Purple;;
AstonMartin_VanquishZagatoReward_2017;Collection;5P;Purple;;
AstonMartin_VanquishZagatoRewardRecycled_2017;Gacha;5G;Gold;;
AstonMartin_VanquishZagatoRewardRecycled_2017;Collection;5G;Gold;;
AstonMartin_VanquishZagatoSB_2017;Prize;5P;Purple;;
AstonMartin_VanquishZagatoSB_2017;IAP;5P;Purple;;
AstonMartin_VanquishZagatoSB_2017;IAPSpecial;5P;Purple;;
AstonMartin_VanquishZagatoSB_2017;Collection;5P;Purple;;
AstonMartin_Vantage_2024;Gacha;4G;Gold;;
AstonMartin_Vantage_2024;Collection;4G;Gold;;
AstonMartin_VantageGT12_2016;Collection;5P;Purple;;
AstonMartin_VantageGT12_2016;IAPSpecial;5P;Purple;;
AstonMartin_VantageGT12_2016;IAP;5P;Purple;;
AstonMartin_VantageGT12_2016;Prize;5P;Purple;;
AstonMartin_VantageGTE_2020;Prize;5P;Purple;;
AstonMartin_VantageGTE_2020;IAP;5P;Purple;;
AstonMartin_VantageGTE_2020;IAPSpecial;5P;Purple;;
AstonMartin_VantageGTE_2020;Collection;5P;Purple;;
AstonMartin_VantageRoadsterReward_2021;Prize;5P;Purple;;
AstonMartin_VantageRoadsterReward_2021;IAP;5P;Purple;;
AstonMartin_VantageRoadsterReward_2021;IAPSpecial;5P;Purple;;
AstonMartin_VantageRoadsterReward_2021;Collection;5P;Purple;;
AstonMartin_VantageRoadsterRewardRecycled_2021;Gacha;5G;Gold;;
AstonMartin_VantageRoadsterRewardRecycled_2021;Collection;5G;Gold;;
AstonMartin_VantageRReward_2025;Prize;4P;Purple;;
AstonMartin_VantageRReward_2025;IAP;4P;Purple;;
AstonMartin_VantageRReward_2025;IAPSpecial;4P;Purple;;
AstonMartin_VantageRReward_2025;Collection;4P;Purple;;
AstonMartin_VantageRRewardRecycled_2025;Gacha;4G;Gold;;
AstonMartin_VantageRRewardRecycled_2025;Collection;4G;Gold;;
AstonMartin_VantageV8Reward_2018;Prize;4P;Purple;;
AstonMartin_VantageV8Reward_2018;IAP;4P;Purple;;
AstonMartin_VantageV8Reward_2018;IAPSpecial;4P;Purple;;
AstonMartin_VantageV8Reward_2018;Collection;4P;Purple;;
AstonMartin_VantageV8RewardRecycled_2018;Gacha;4G;Gold;3G1B;4G
AstonMartin_VantageV8RewardRecycled_2018;Collection;4G;Gold;3G1B;4G
AstonMartin_Victor_2020;Prize;5P;Purple;;
AstonMartin_Victor_2020;IAP;5P;Purple;;
AstonMartin_Victor_2020;IAPSpecial;5P;Purple;;
AstonMartin_Victor_2020;Collection;5P;Purple;;
AstonMartin_VulcanReward_2016;Prize;5P;Purple;;
AstonMartin_VulcanReward_2016;IAP;5P;Purple;;
AstonMartin_VulcanReward_2016;IAPSpecial;5P;Purple;;
AstonMartin_VulcanReward_2016;Collection;5P;Purple;;
AstonMartin_VulcanRewardGold_2016;Prize;5P;Purple;;
AstonMartin_VulcanRewardGold_2016;IAP;5P;Purple;;
AstonMartin_VulcanRewardGold_2016;IAPSpecial;5P;Purple;;
AstonMartin_VulcanRewardGold_2016;Collection;5P;Purple;;
AstonMartin_VulcanRewardRecycled_2016;Gacha;5G;Gold;;
AstonMartin_VulcanRewardRecycled_2016;Collection;5G;Gold;;
ATSAutomobili_GTReward_2018;Prize;5P;Purple;;
ATSAutomobili_GTReward_2018;IAP;5P;Purple;;
ATSAutomobili_GTReward_2018;IAPSpecial;5P;Purple;;
ATSAutomobili_GTReward_2018;Collection;5P;Purple;;
ATSAutomobili_GTRewardRecycled_2018;Gacha;5G;Gold;;
ATSAutomobili_GTRewardRecycled_2018;Collection;5G;Gold;;
ATSAutomobili_RRTurbo_2020;Prize;5P;Purple;;
ATSAutomobili_RRTurbo_2020;IAP;5P;Purple;;
ATSAutomobili_RRTurbo_2020;IAPSpecial;5P;Purple;;
ATSAutomobili_RRTurbo_2020;Collection;5P;Purple;;
Audi_ABTRS6RReward_2020;Prize;5P;Purple;;
Audi_ABTRS6RReward_2020;IAP;5P;Purple;;
Audi_ABTRS6RReward_2020;IAPSpecial;5P;Purple;;
Audi_ABTRS6RReward_2020;Collection;5P;Purple;;
Audi_ABTRS6RRewardRecycled_2020;Gacha;5G;Gold;;
Audi_ABTRS6RRewardRecycled_2020;Collection;5G;Gold;;
Audi_ABTRS7RReward_2020;Prize;5P;Purple;;
Audi_ABTRS7RReward_2020;IAP;5P;Purple;;
Audi_ABTRS7RReward_2020;IAPSpecial;5P;Purple;;
Audi_ABTRS7RReward_2020;Collection;5P;Purple;;
Audi_ABTRS7RRewardRecycled_2020;Gacha;5G;Gold;;
Audi_ABTRS7RRewardRecycled_2020;Collection;5G;Gold;;
Audi_LBR8V10PlusCoupeElite_2014;High_Stakes;5P;Purple;;
Audi_LBR8V10PlusCoupeReward_2014;Prize;5P;Purple;;
Audi_LBR8V10PlusCoupeReward_2014;IAP;5P;Purple;;
Audi_LBR8V10PlusCoupeReward_2014;IAPSpecial;5P;Purple;;
Audi_LBR8V10PlusCoupeReward_2014;Collection;5P;Purple;;
Audi_LBR8V10PlusCoupeRewardRecycled_2014;Gacha;5G;Gold;;
Audi_LBR8V10PlusCoupeRewardRecycled_2014;Collection;5G;Gold;;
Audi_LBRS5Coupe_2014;Collection;3G;Gold;;
Audi_LBRS5Coupe_2014;Gacha;3G;Gold;;
Audi_LBRS5CoupeElite_2014;High_Stakes;4P;Purple;;
Audi_NEWINGR8RSRReward_2016;Prize;5P;Purple;;
Audi_NEWINGR8RSRReward_2016;IAP;5P;Purple;;
Audi_NEWINGR8RSRReward_2016;IAPSpecial;5P;Purple;;
Audi_NEWINGR8RSRReward_2016;Collection;5P;Purple;;
Audi_NEWINGR8RSRRewardRecycled_2016;Gacha;5G;Gold;;
Audi_NEWINGR8RSRRewardRecycled_2016;Collection;5G;Gold;;
Audi_NEWINGR8RSRRewardRecycled_2016;IAP;5G;Gold;;
Audi_R18_2014;Prize;5P;Purple;;
Audi_R18_2014;IAP;5P;Purple;;
Audi_R18_2014;IAPSpecial;5P;Purple;;
Audi_R18_2014;Collection;5P;Purple;;
Audi_R8LMSGT3_2019;Prize;5P;Purple;;
Audi_R8LMSGT3_2019;IAP;5P;Purple;;
Audi_R8LMSGT3_2019;IAPSpecial;5P;Purple;;
Audi_R8LMSGT3_2019;Collection;5P;Purple;;
Audi_R8SpyderReward_2020;Prize;5P;Purple;;
Audi_R8SpyderReward_2020;IAP;5P;Purple;;
Audi_R8SpyderReward_2020;IAPSpecial;5P;Purple;;
Audi_R8SpyderReward_2020;Collection;5P;Purple;;
Audi_R8SpyderRewardRecycled_2020;Gacha;5G;Gold;;
Audi_R8SpyderRewardRecycled_2020;Collection;5G;Gold;;
Audi_R8V10Decennium_2019;Prize;5P;Purple;;
Audi_R8V10Decennium_2019;IAP;5P;Purple;;
Audi_R8V10Decennium_2019;IAPSpecial;5P;Purple;;
Audi_R8V10Decennium_2019;Collection;5P;Purple;;
Audi_R8V10GreenHell_2020;Prize;5P;Purple;;
Audi_R8V10GreenHell_2020;IAP;5P;Purple;;
Audi_R8V10GreenHell_2020;IAPSpecial;5P;Purple;;
Audi_R8V10GreenHell_2020;Collection;5P;Purple;;
Audi_R8V10GTReward_2023;Prize;5P;Purple;;
Audi_R8V10GTReward_2023;IAP;5P;Purple;;
Audi_R8V10GTReward_2023;IAPSpecial;5P;Purple;;
Audi_R8V10GTReward_2023;Collection;5P;Purple;;
Audi_R8V10GTRewardRecycled_2023;Gacha;5G;Gold;;
Audi_R8V10GTRewardRecycled_2023;Collection;5G;Gold;;
Audi_R8V10PlusCoupe_2014;Collection;3G;Gold;;
Audi_R8V10PlusCoupe_2014;Gacha;3G;Gold;;
Audi_R8V10PlusCoupe_2016;Collection;4G;Gold;;
Audi_R8V10PlusCoupe_2016;Gacha;4G;Gold;;
Audi_R8V10PlusCoupeReward_2016;Prize;5P;Purple;;
Audi_R8V10PlusCoupeReward_2016;IAP;5P;Purple;;
Audi_R8V10PlusCoupeReward_2016;IAPSpecial;5P;Purple;;
Audi_R8V10PlusCoupeReward_2016;Collection;5P;Purple;;
Audi_R8V10PlusCoupeRewardRecycled_2016;Gacha;5G;Gold;;
Audi_R8V10PlusCoupeRewardRecycled_2016;Collection;5G;Gold;;
Audi_R8V10PlusCoupeRewardRecycled_2016;IAP;5G;Gold;;
Audi_RS3SedanReward_2023;Prize;4P;Purple;;
Audi_RS3SedanReward_2023;IAP;4P;Purple;;
Audi_RS3SedanReward_2023;IAPSpecial;4P;Purple;;
Audi_RS3SedanReward_2023;Collection;4P;Purple;;
Audi_RS3SedanRewardRecycled_2023;Gacha;4G;Gold;;
Audi_RS3SedanRewardRecycled_2023;Collection;4G;Gold;;
Audi_RS3SportbackReward_2023;Collection;4P;Purple;;
Audi_RS3SportbackReward_2023;IAP;4P;Purple;;
Audi_RS3SportbackReward_2023;Prize;4P;Purple;;
Audi_RS3SportbackReward_2023;IAPSpecial;4P;Purple;;
Audi_RS3SportbackRewardRecycled_2023;Gacha;4G;Gold;;
Audi_RS5Coupe_2014;ShopCash;0G;Gold;2G2B;4G
Audi_RS5Coupe_2014;ShopGold;0G;Gold;2G2B;4G
Audi_RS5Coupe_2014;Gacha;2G2B;Gold;2G2B;4G
Audi_RS5CoupeReward_2020;Prize;4P;Purple;;
Audi_RS5CoupeReward_2020;IAP;4P;Purple;;
Audi_RS5CoupeReward_2020;IAPSpecial;4P;Purple;;
Audi_RS5CoupeReward_2020;Collection;4P;Purple;;
Audi_RS5CoupeRewardRecycled_2020;Gacha;4G;Gold;;
Audi_RS5CoupeRewardRecycled_2020;Collection;4G;Gold;;
Audi_RS6AvantGTReward_2024;Prize;5P;Purple;;
Audi_RS6AvantGTReward_2024;IAP;5P;Purple;;
Audi_RS6AvantGTReward_2024;IAPSpecial;5P;Purple;;
Audi_RS6AvantGTReward_2024;Collection;5P;Purple;;
Audi_RS6AvantGTRewardRecycled_2024;Gacha;5G;Gold;;
Audi_RS6AvantGTRewardRecycled_2024;Collection;5G;Gold;;
Audi_RS6AvantReward_2020;Prize;5P;Purple;;
Audi_RS6AvantReward_2020;IAP;5P;Purple;;
Audi_RS6AvantReward_2020;IAPSpecial;5P;Purple;;
Audi_RS6AvantReward_2020;Collection;5P;Purple;;
Audi_RS6AvantRewardRecycled_2020;Gacha;5G;Gold;;
Audi_RS6AvantRewardRecycled_2020;Collection;5G;Gold;;
Audi_RS7SportbackReward_2020;Prize;5P;Purple;;
Audi_RS7SportbackReward_2020;IAP;5P;Purple;;
Audi_RS7SportbackReward_2020;IAPSpecial;5P;Purple;;
Audi_RS7SportbackReward_2020;Collection;5P;Purple;;
Audi_RS7SportbackRewardRecycled_2020;Gacha;5G;Gold;;
Audi_RS7SportbackRewardRecycled_2020;Collection;5G;Gold;;
Audi_RSetronGTReward_2022;Prize;5P;Purple;;
Audi_RSetronGTReward_2022;IAP;5P;Purple;;
Audi_RSetronGTReward_2022;IAPSpecial;5P;Purple;;
Audi_RSetronGTReward_2022;Collection;5P;Purple;;
Audi_RSetronGTRewardRecycled_2022;Gacha;5G;Gold;;
Audi_RSetronGTRewardRecycled_2022;Collection;5G;Gold;;
Audi_S1ETronQuattroHoonitron_2022;Prize;5P;Purple;;
Audi_S1ETronQuattroHoonitron_2022;IAP;5P;Purple;;
Audi_S1ETronQuattroHoonitron_2022;IAPSpecial;5P;Purple;;
Audi_S1ETronQuattroHoonitron_2022;Collection;5P;Purple;;
Audi_TTRSCoupeIEReward_2023;Prize;4P;Purple;;
Audi_TTRSCoupeIEReward_2023;IAP;4P;Purple;;
Audi_TTRSCoupeIEReward_2023;IAPSpecial;4P;Purple;;
Audi_TTRSCoupeIEReward_2023;Collection;4P;Purple;;
Audi_TTRSCoupeIERewardRecycled_2023;Gacha;4G;Gold;;
Audi_TTRSCoupeIERewardRecycled_2023;Collection;4G;Gold;;
Audi_TTRSPlusCoupe_2014;ShopCash;0G;Gold;;
Audi_TTRSPlusCoupe_2014;ShopGold;0G;Gold;;
Audi_TTRSPlusCoupe_2014;Gacha;1G;Gold;;
BAC_MonoReward_2017;Prize;5P;Purple;;
BAC_MonoReward_2017;IAP;5P;Purple;;
BAC_MonoReward_2017;IAPSpecial;5P;Purple;;
BAC_MonoReward_2017;Collection;5P;Purple;;
BAC_MonoRewardRecycled_2017;Gacha;5G;Gold;;
BAC_MonoRewardRecycled_2017;Collection;5G;Gold;;
Bentley_BaturConvertibleReward_2025;Prize;5P;Purple;;
Bentley_BaturConvertibleReward_2025;IAPSpecial;5P;Purple;;
Bentley_BaturConvertibleReward_2025;Collection;5P;Purple;;
Bentley_BaturConvertibleReward_2025;IAP;5P;Purple;;
Bentley_BaturConvertibleRewardRecycled_2025;Gacha;5G;Gold;;
Bentley_BaturConvertibleRewardRecycled_2025;Collection;5G;Gold;;
Bentley_BentaygaReward_2018;Prize;4P;Purple;;
Bentley_BentaygaReward_2018;IAP;4P;Purple;;
Bentley_BentaygaReward_2018;IAPSpecial;4P;Purple;;
Bentley_BentaygaReward_2018;Collection;4P;Purple;;
Bentley_BentaygaRewardRecycled_2018;Gacha;4G;Gold;;
Bentley_BentaygaRewardRecycled_2018;Collection;4G;Gold;;
Bentley_ContinentalGT3PikesPeak_2021;Prize;5P;Purple;;
Bentley_ContinentalGT3PikesPeak_2021;IAP;5P;Purple;;
Bentley_ContinentalGT3PikesPeak_2021;IAPSpecial;5P;Purple;;
Bentley_ContinentalGT3PikesPeak_2021;Collection;5P;Purple;;
Bentley_ContinentalGT3RaceCar_2020;Prize;5P;Purple;;
Bentley_ContinentalGT3RaceCar_2020;IAP;5P;Purple;;
Bentley_ContinentalGT3RaceCar_2020;IAPSpecial;5P;Purple;;
Bentley_ContinentalGT3RaceCar_2020;Collection;5P;Purple;;
Bentley_ContinentalGT3RReward_2015;Prize;4P;Purple;;
Bentley_ContinentalGT3RReward_2015;IAP;4P;Purple;;
Bentley_ContinentalGT3RReward_2015;IAPSpecial;4P;Purple;;
Bentley_ContinentalGT3RReward_2015;Collection;4P;Purple;;
Bentley_ContinentalGT3RRewardRecycled_2015;Gacha;4G;Gold;;
Bentley_ContinentalGT3RRewardRecycled_2015;Collection;4G;Gold;;
Bentley_ContinentalGTConvertibleReward_2019;Prize;5P;Purple;;
Bentley_ContinentalGTConvertibleReward_2019;IAP;5P;Purple;;
Bentley_ContinentalGTConvertibleReward_2019;IAPSpecial;5P;Purple;;
Bentley_ContinentalGTConvertibleReward_2019;Collection;5P;Purple;;
Bentley_ContinentalGTConvertibleRewardRecycled_2019;Gacha;5G;Gold;;
Bentley_ContinentalGTConvertibleRewardRecycled_2019;Collection;5G;Gold;;
Bentley_ContinentalGTCSpeedReward_2022;Prize;5P;Purple;;
Bentley_ContinentalGTCSpeedReward_2022;IAP;5P;Purple;;
Bentley_ContinentalGTCSpeedReward_2022;IAPSpecial;5P;Purple;;
Bentley_ContinentalGTCSpeedReward_2022;Collection;5P;Purple;;
Bentley_ContinentalGTCSpeedRewardRecycled_2022;Gacha;5G;Gold;;
Bentley_ContinentalGTCSpeedRewardRecycled_2022;Collection;5G;Gold;;
Bentley_ContinentalGTEVO_2026;Collection;5P;Purple;;
Bentley_ContinentalGTEVO_2026;Prize;5P;Purple;;
Bentley_ContinentalGTEVO_2026;IAPSpecial;5P;Purple;;
Bentley_ContinentalGTEVO_2026;IAP;5P;Purple;;
Bentley_ContinentalGTReward_2018;Prize;4P;Purple;;
Bentley_ContinentalGTReward_2018;IAP;4P;Purple;;
Bentley_ContinentalGTReward_2018;IAPSpecial;4P;Purple;;
Bentley_ContinentalGTReward_2018;Collection;4P;Purple;;
Bentley_ContinentalGTRewardRecycled_2018;Gacha;4G;Gold;;
Bentley_ContinentalGTRewardRecycled_2018;Collection;4G;Gold;;
Bentley_ContinentalGTSpeed_2016;ShopGold;3G;Gold;;
Bentley_ContinentalGTSpeed_2016;Collection;3G;Gold;;
Bentley_ContinentalGTSpeed_2016;Gacha;3G;Gold;;
Bentley_ContinentalGTSpeedReward_2021;Prize;5P;Purple;;
Bentley_ContinentalGTSpeedReward_2021;IAP;5P;Purple;;
Bentley_ContinentalGTSpeedReward_2021;IAPSpecial;5P;Purple;;
Bentley_ContinentalGTSpeedReward_2021;Collection;5P;Purple;;
Bentley_ContinentalGTSpeedReward_2025;IAPSpecial;5P;Purple;;
Bentley_ContinentalGTSpeedReward_2025;Collection;5P;Purple;;
Bentley_ContinentalGTSpeedReward_2025;IAP;5P;Purple;;
Bentley_ContinentalGTSpeedReward_2025;Prize;5P;Purple;;
Bentley_ContinentalGTSpeedRewardRecycled_2021;Gacha;5G;Gold;;
Bentley_ContinentalGTSpeedRewardRecycled_2021;Collection;5G;Gold;;
Bentley_ContinentalGTSpeedRewardRecycled_2025;Gacha;5G;Gold;;
Bentley_ContinentalGTSpeedRewardRecycled_2025;Collection;5G;Gold;;
Bentley_ContinentalGTV8SF8_2014;Prize;5P;Purple;;
Bentley_ContinentalGTV8SF8_2014;IAP;5P;Purple;;
Bentley_ContinentalGTV8SF8_2014;IAPSpecial;5P;Purple;;
Bentley_ContinentalGTV8SF8_2014;Collection;5P;Purple;;
Bentley_MullinerBacalarReward_2021;Prize;5P;Purple;;
Bentley_MullinerBacalarReward_2021;IAP;5P;Purple;;
Bentley_MullinerBacalarReward_2021;IAPSpecial;5P;Purple;;
Bentley_MullinerBacalarReward_2021;Collection;5P;Purple;;
Bentley_MullinerBacalarRewardRecycled_2021;Gacha;5G;Gold;;
Bentley_MullinerBacalarRewardRecycled_2021;Collection;5G;Gold;;
Bentley_MullinerBaturReward_2023;Prize;5P;Purple;;
Bentley_MullinerBaturReward_2023;IAP;5P;Purple;;
Bentley_MullinerBaturReward_2023;IAPSpecial;5P;Purple;;
Bentley_MullinerBaturReward_2023;Collection;5P;Purple;;
Bentley_MullinerBaturRewardRecycled_2023;Gacha;5G;Gold;;
Bentley_MullinerBaturRewardRecycled_2023;Collection;5G;Gold;;
Bentley_SupersportsReward_2026;IAP;5P;Purple;;
Bentley_SupersportsReward_2026;IAPSpecial;5P;Purple;;
Bentley_SupersportsReward_2026;Prize;5P;Purple;;
Bentley_SupersportsReward_2026;Collection;5P;Purple;;
Bentley_SupersportsRewardRecycled_2026;Gacha;5G;Gold;;
BMW_30CSLE9LP_1973;Unknown;5P;Purple;5P;5P
BMW_30CSLE9LP_1973;Prize;5P;Purple;5P;5P
BMW_ACSchnitzerM2Coupe_2016;Gacha;4G;Gold;;
BMW_ACSchnitzerM2Coupe_2016;Collection;4G;Gold;;
BMW_ACSchnitzerZ4_2019;Gacha;4G;Gold;;
BMW_ACSchnitzerZ4_2019;Collection;4G;Gold;;
BMW_i8Elite_2017;High_Stakes;5P;Purple;;
BMW_i8Reward_2017;Prize;5P;Purple;;
BMW_i8Reward_2017;IAP;5P;Purple;;
BMW_i8Reward_2017;IAPSpecial;5P;Purple;;
BMW_i8Reward_2017;Collection;5P;Purple;;
BMW_i8RewardHoliday_2017;Prize;5P;Purple;;
BMW_i8RewardHoliday_2017;IAP;5P;Purple;;
BMW_i8RewardHoliday_2017;IAPSpecial;5P;Purple;;
BMW_i8RewardHoliday_2017;Collection;5P;Purple;;
BMW_i8RewardRecycled_2017;Gacha;5G;Gold;;
BMW_i8RewardRecycled_2017;Collection;5G;Gold;;
BMW_i8RewardSilver_2017;Gacha;5G;Gold;;
BMW_i8RewardSilver_2017;Collection;5G;Gold;;
BMW_LBi8Reward_2017;Prize;5P;Purple;;
BMW_LBi8Reward_2017;IAP;5P;Purple;;
BMW_LBi8Reward_2017;IAPSpecial;5P;Purple;;
BMW_LBi8Reward_2017;Collection;5P;Purple;;
BMW_LBi8RewardRecycled_2017;Gacha;5G;Gold;;
BMW_LBi8RewardRecycled_2017;Collection;5G;Gold;;
BMW_LBM4CoupeCrew_2014;High_Stakes;4P;Purple;;
BMW_LBM4CoupeCrewRecycled_2014;Gacha;3G;Gold;;
BMW_LBM4CoupeCrewRecycled_2014;Collection;3G;Gold;;
BMW_M1_1985;Prize;5P;Purple;;
BMW_M1_1985;IAP;5P;Purple;;
BMW_M1_1985;IAPSpecial;5P;Purple;;
BMW_M1_1985;Collection;5P;Purple;;
BMW_M235iCoupe_2014;Collection;3B;Gold;3B;3G
BMW_M235iCoupe_2014;ShopCash;3B;Gold;3B;3G
BMW_M235iCoupe_2014;ShopGold;3B;Gold;3B;3G
BMW_M235iCoupe_2014;Gacha;3B;Gold;3B;3G
BMW_M2Competition_2018;Gacha;3G;Gold;;
BMW_M2Competition_2018;Collection;3G;Gold;;
BMW_M2CoupeG87Reward_2023;Prize;4P;Purple;;
BMW_M2CoupeG87Reward_2023;IAP;4P;Purple;;
BMW_M2CoupeG87Reward_2023;IAPSpecial;4P;Purple;;
BMW_M2CoupeG87Reward_2023;Collection;4P;Purple;;
BMW_M2CoupeG87RewardRecycled_2023;Gacha;4G;Gold;;
BMW_M2CoupeG87RewardRecycled_2023;Collection;4G;Gold;;
BMW_M2CSG87Reward_2025;Prize;5P;Purple;;
BMW_M2CSG87Reward_2025;IAPSpecial;5P;Purple;;
BMW_M2CSG87Reward_2025;Collection;5P;Purple;;
BMW_M2CSG87Reward_2025;IAP;5P;Purple;;
BMW_M2CSG87RewardRecycled_2025;Gacha;5G;Gold;;
BMW_M2G87MPerformance_2023;Prize;4P;Purple;;
BMW_M2G87MPerformance_2023;IAP;4P;Purple;;
BMW_M2G87MPerformance_2023;IAPSpecial;4P;Purple;;
BMW_M2G87MPerformance_2023;Collection;4P;Purple;;
BMW_M2G87TNR_2023;Unknown;5P;Purple;5B;5P
BMW_M2G87TNR_2023;Collection;5P;Purple;5B;5P
BMW_M3CSTouringReward_2025;Prize;5P;Purple;;
BMW_M3CSTouringReward_2025;IAPSpecial;5P;Purple;;
BMW_M3CSTouringReward_2025;Collection;5P;Purple;;
BMW_M3CSTouringReward_2025;IAP;5P;Purple;;
BMW_M3CSTouringRewardRecycled_2025;Gacha;5G;Gold;;
BMW_M3CSTouringRewardRecycled_2025;Collection;5G;Gold;;
BMW_M3E46GTR_2005;Prize;5P;Purple;;
BMW_M3E46GTR_2005;IAP;5P;Purple;;
BMW_M3E46GTR_2005;IAPSpecial;5P;Purple;;
BMW_M3E46GTR_2005;Collection;5P;Purple;;
BMW_M3E92CoupeGTSElite_2011;High_Stakes;4P;Purple;;
BMW_M3E92CoupeGTSReward_2011;Prize;4P;Purple;;
BMW_M3E92CoupeGTSReward_2011;IAP;4P;Purple;;
BMW_M3E92CoupeGTSReward_2011;IAPSpecial;4P;Purple;;
BMW_M3E92CoupeGTSReward_2011;Collection;4P;Purple;;
BMW_M3E92CoupeGTSRewardRecycled_2011;Gacha;4G;Gold;;
BMW_M3E92CoupeGTSRewardRecycled_2011;Collection;4G;Gold;;
BMW_M3SportEvoE30_1990;Prize;5P;Purple;;
BMW_M3SportEvoE30_1990;IAP;5P;Purple;;
BMW_M3SportEvoE30_1990;IAPSpecial;5P;Purple;;
BMW_M3SportEvoE30_1990;Collection;5P;Purple;;
BMW_M3TouringReward_2022;Prize;4P;Purple;;
BMW_M3TouringReward_2022;IAP;4P;Purple;;
BMW_M3TouringReward_2022;IAPSpecial;4P;Purple;;
BMW_M3TouringReward_2022;Collection;4P;Purple;;
BMW_M3TouringRewardRecycled_2022;Gacha;4G;Gold;;
BMW_M3TouringRewardRecycled_2022;Collection;4G;Gold;;
BMW_M4CompetitionG82TNR_2021;Unknown;5P;Purple;5B;5P
BMW_M4CompetitionG82TNR_2021;Collection;5P;Purple;5B;5P
BMW_M4Coupe_2014;Collection;2G;Gold;;
BMW_M4Coupe_2014;ShopCash;0G;Gold;;
BMW_M4Coupe_2014;ShopGold;0G;Gold;;
BMW_M4Coupe_2014;Gacha;2G;Gold;;
BMW_M4CoupeMPerformance_2021;Prize;4P;Purple;;
BMW_M4CoupeMPerformance_2021;IAP;4P;Purple;;
BMW_M4CoupeMPerformance_2021;IAPSpecial;4P;Purple;;
BMW_M4CoupeMPerformance_2021;Collection;4P;Purple;;
BMW_M4CoupeReward_2021;Prize;4P;Purple;;
BMW_M4CoupeReward_2021;IAP;4P;Purple;;
BMW_M4CoupeReward_2021;IAPSpecial;4P;Purple;;
BMW_M4CoupeReward_2021;Collection;4P;Purple;;
BMW_M4CoupeRewardRecycled_2021;Gacha;4G;Gold;;
BMW_M4CoupeRewardRecycled_2021;Collection;4G;Gold;;
BMW_M4CSLReward_2022;Prize;5P;Purple;;
BMW_M4CSLReward_2022;IAP;5P;Purple;;
BMW_M4CSLReward_2022;IAPSpecial;5P;Purple;;
BMW_M4CSLReward_2022;Collection;5P;Purple;;
BMW_M4CSLRewardRecycled_2022;Gacha;5G;Gold;;
BMW_M4CSLRewardRecycled_2022;Collection;5G;Gold;;
BMW_M4GT3_2022;Prize;5P;Purple;;
BMW_M4GT3_2022;IAP;5P;Purple;;
BMW_M4GT3_2022;IAPSpecial;5P;Purple;;
BMW_M4GT3_2022;Collection;5P;Purple;;
BMW_M4GTS_2016;Gacha;5G;Gold;;
BMW_M4GTS_2016;Collection;5G;Gold;;
BMW_M5CompetitionReward_2019;Prize;5P;Purple;;
BMW_M5CompetitionReward_2019;IAP;5P;Purple;;
BMW_M5CompetitionReward_2019;IAPSpecial;5P;Purple;;
BMW_M5CompetitionReward_2019;Collection;5P;Purple;;
BMW_M5CompetitionRewardRecycled_2019;Gacha;5G;Gold;;
BMW_M5CompetitionRewardRecycled_2019;Collection;5G;Gold;;
BMW_M5CSReward_2022;Prize;5P;Purple;;
BMW_M5CSReward_2022;IAP;5P;Purple;;
BMW_M5CSReward_2022;IAPSpecial;5P;Purple;;
BMW_M5CSReward_2022;Collection;5P;Purple;;
BMW_M5CSRewardRecycled_2022;Gacha;5G;Gold;;
BMW_M5CSRewardRecycled_2022;Collection;5G;Gold;;
BMW_M5G99Touring_2024;Prize;5P;Purple;;
BMW_M5G99Touring_2024;IAP;5P;Purple;;
BMW_M5G99Touring_2024;IAPSpecial;5P;Purple;;
BMW_M5G99Touring_2024;Collection;5P;Purple;;
BMW_M5SedanReward_2024;Prize;5P;Purple;;
BMW_M5SedanReward_2024;IAP;5P;Purple;;
BMW_M5SedanReward_2024;IAPSpecial;5P;Purple;;
BMW_M5SedanReward_2024;Collection;5P;Purple;;
BMW_M5SedanRewardRecycled_2024;Gacha;5G;Gold;;
BMW_M5SedanRewardRecycled_2024;Collection;5G;Gold;;
BMW_M8Competition_2020;Prize;5P;Purple;;
BMW_M8Competition_2020;IAP;5P;Purple;;
BMW_M8Competition_2020;IAPSpecial;5P;Purple;;
BMW_M8Competition_2020;Collection;5P;Purple;;
BMW_M8ConvertiblePride_2021;Prize;5P;Purple;;
BMW_M8ConvertiblePride_2021;IAP;5P;Purple;;
BMW_M8ConvertiblePride_2021;IAPSpecial;5P;Purple;;
BMW_M8ConvertiblePride_2021;Collection;5P;Purple;;
BMW_M8ConvertibleReward_2021;Prize;5P;Purple;;
BMW_M8ConvertibleReward_2021;IAP;5P;Purple;;
BMW_M8ConvertibleReward_2021;IAPSpecial;5P;Purple;;
BMW_M8ConvertibleReward_2021;Collection;5P;Purple;;
BMW_M8ConvertibleRewardRecycled_2021;Gacha;5G;Gold;;
BMW_M8ConvertibleRewardRecycled_2021;Collection;5G;Gold;;
BMW_M8Reward_2020;Prize;5P;Purple;;
BMW_M8Reward_2020;IAP;5P;Purple;;
BMW_M8Reward_2020;IAPSpecial;5P;Purple;;
BMW_M8Reward_2020;Collection;5P;Purple;;
BMW_M8RewardRecycled_2020;Gacha;5G;Gold;;
BMW_M8RewardRecycled_2020;Collection;5G;Gold;;
BMW_RBM3E92Reward_2011;Prize;5P;Purple;;
BMW_RBM3E92Reward_2011;IAP;5P;Purple;;
BMW_RBM3E92Reward_2011;IAPSpecial;5P;Purple;;
BMW_RBM3E92Reward_2011;Collection;5P;Purple;;
BMW_RBM3E92RewardRecycled_2011;Gacha;5G;Gold;;
BMW_RBM3E92RewardRecycled_2011;Collection;5G;Gold;;
BMW_VarisM4GTSReward_2016;Prize;5P;Purple;;
BMW_VarisM4GTSReward_2016;IAP;5P;Purple;;
BMW_VarisM4GTSReward_2016;IAPSpecial;5P;Purple;;
BMW_VarisM4GTSReward_2016;Collection;5P;Purple;;
BMW_VarisM4GTSRewardRecycled_2016;Gacha;5G;Gold;5G;5G
BMW_VarisM4GTSRewardRecycled_2016;Collection;5G;Gold;5G;5G
BMW_Z4_2019;Prize;3G;Gold;;
BMW_Z4_2019;IAP;3G;Gold;;
BMW_Z4_2019;IAPSpecial;3G;Gold;;
BMW_Z4_2019;Collection;3G;Gold;;
BMW_Z4_2019;Gacha;3G;Gold;;
BMW_Z4MCoupeCrew_2006;High_Stakes;3P;Purple;;
Brabham_BT62_2019;Prize;5P;Purple;;
Brabham_BT62_2019;IAP;5P;Purple;;
Brabham_BT62_2019;IAPSpecial;5P;Purple;;
Brabham_BT62_2019;Collection;5P;Purple;;
Brabham_BT62Evo_2019;Prize;5P;Purple;;
Brabham_BT62Evo_2019;IAP;5P;Purple;;
Brabham_BT62Evo_2019;IAPSpecial;5P;Purple;;
Brabham_BT62Evo_2019;Collection;5P;Purple;;
Brabham_BT62RReward_2020;Prize;5P;Purple;;
Brabham_BT62RReward_2020;IAP;5P;Purple;;
Brabham_BT62RReward_2020;IAPSpecial;5P;Purple;;
Brabham_BT62RReward_2020;Collection;5P;Purple;;
Brabham_BT62RRewardRecycled_2020;Gacha;5G;Gold;;
Brabham_BT62RRewardRecycled_2020;Collection;5G;Gold;;
BTTF_TimeMachine1_1985;Prize;5P;Purple;;
BTTF_TimeMachine1_1985;IAP;5P;Purple;;
BTTF_TimeMachine1_1985;IAPSpecial;5P;Purple;;
BTTF_TimeMachine1_1985;Collection;5P;Purple;;
BTTF_TimeMachine2_2015;Prize;5P;Purple;;
BTTF_TimeMachine2_2015;IAP;5P;Purple;;
BTTF_TimeMachine2_2015;IAPSpecial;5P;Purple;;
BTTF_TimeMachine2_2015;Collection;5P;Purple;;
BTTF_TimeMachine3_1885;Prize;5P;Purple;;
BTTF_TimeMachine3_1885;IAP;5P;Purple;;
BTTF_TimeMachine3_1885;IAPSpecial;5P;Purple;;
BTTF_TimeMachine3_1885;Collection;5P;Purple;;
Bugatti_AtlanticConcept_2015;Prize;5P;Purple;;
Bugatti_AtlanticConcept_2015;IAP;5P;Purple;;
Bugatti_AtlanticConcept_2015;IAPSpecial;5P;Purple;;
Bugatti_AtlanticConcept_2015;Collection;5P;Purple;;
Bugatti_AtlanticConceptReward_2015;Prize;5P;Purple;;
Bugatti_AtlanticConceptReward_2015;IAP;5P;Purple;;
Bugatti_AtlanticConceptReward_2015;IAPSpecial;5P;Purple;;
Bugatti_AtlanticConceptReward_2015;Collection;5P;Purple;;
Bugatti_AtlanticConceptRewardRecycled_2015;Gacha;5G;Gold;;
Bugatti_AtlanticConceptRewardRecycled_2015;Collection;5G;Gold;;
Bugatti_Chiron42Seconds_2016;Prize;5P;Purple;;
Bugatti_Chiron42Seconds_2016;IAP;5P;Purple;;
Bugatti_Chiron42Seconds_2016;IAPSpecial;5P;Purple;;
Bugatti_Chiron42Seconds_2016;Collection;5P;Purple;;
Bugatti_ChironProfilee_2022;Prize;5P;Purple;;
Bugatti_ChironProfilee_2022;IAP;5P;Purple;;
Bugatti_ChironProfilee_2022;IAPSpecial;5P;Purple;;
Bugatti_ChironProfilee_2022;Collection;5P;Purple;;
Bugatti_ChironProjectHero_2016;Prize;5P;Purple;;
Bugatti_ChironProjectHero_2016;IAP;5P;Purple;;
Bugatti_ChironProjectHero_2016;IAPSpecial;5P;Purple;;
Bugatti_ChironProjectHero_2016;Collection;5P;Purple;;
Bugatti_ChironPurSportEditionGP_2022;Prize;5P;Purple;;
Bugatti_ChironPurSportEditionGP_2022;IAP;5P;Purple;;
Bugatti_ChironPurSportEditionGP_2022;IAPSpecial;5P;Purple;;
Bugatti_ChironPurSportEditionGP_2022;Collection;5P;Purple;;
Bugatti_ChironReward_2016;Prize;5P;Purple;;
Bugatti_ChironReward_2016;IAP;5P;Purple;;
Bugatti_ChironReward_2016;IAPSpecial;5P;Purple;;
Bugatti_ChironReward_2016;Collection;5P;Purple;;
Bugatti_ChironRewardGold_2016;Prize;5P;Purple;;
Bugatti_ChironRewardGold_2016;IAP;5P;Purple;;
Bugatti_ChironRewardGold_2016;IAPSpecial;5P;Purple;;
Bugatti_ChironRewardGold_2016;Collection;5P;Purple;;
Bugatti_ChironRewardRecycled_2016;Gacha;5G;Gold;;
Bugatti_ChironRewardRecycled_2016;Collection;5G;Gold;;
Bugatti_ChironRewardRecycled_2016;IAP;5G;Gold;;
Bugatti_ChironRLB_2020;Prize;5P;Purple;;
Bugatti_ChironRLB_2020;IAP;5P;Purple;;
Bugatti_ChironRLB_2020;IAPSpecial;5P;Purple;;
Bugatti_ChironRLB_2020;Collection;5P;Purple;;
Bugatti_ChironRMS_2020;Prize;5G;Gold;;
Bugatti_ChironRMS_2020;IAP;5G;Gold;;
Bugatti_ChironRMS_2020;IAPSpecial;5G;Gold;;
Bugatti_ChironRMS_2020;Collection;5G;Gold;;
Bugatti_ChironRMS_2020;Gacha;5G;Gold;;
Bugatti_ChironSport110_2018;Prize;5P;Purple;;
Bugatti_ChironSport110_2018;IAP;5P;Purple;;
Bugatti_ChironSport110_2018;IAPSpecial;5P;Purple;;
Bugatti_ChironSport110_2018;Collection;5P;Purple;;
Bugatti_ChironSport_2016;Prize;5P;Purple;;
Bugatti_ChironSport_2016;IAP;5P;Purple;;
Bugatti_ChironSport_2016;IAPSpecial;5P;Purple;;
Bugatti_ChironSport_2016;Collection;5P;Purple;;
Bugatti_ChironSuperSport_2022;Prize;5P;Purple;;
Bugatti_ChironSuperSport_2022;IAP;5P;Purple;;
Bugatti_ChironSuperSport_2022;IAPSpecial;5P;Purple;;
Bugatti_ChironSuperSport_2022;Collection;5P;Purple;;
Bugatti_ChironSuperSportWRE_2020;Prize;5P;Purple;;
Bugatti_ChironSuperSportWRE_2020;IAP;5P;Purple;;
Bugatti_ChironSuperSportWRE_2020;IAPSpecial;5P;Purple;;
Bugatti_ChironSuperSportWRE_2020;Collection;5P;Purple;;
Bugatti_Divo110_2019;Prize;5P;Purple;;
Bugatti_Divo110_2019;IAP;5P;Purple;;
Bugatti_Divo110_2019;IAPSpecial;5P;Purple;;
Bugatti_Divo110_2019;Collection;5P;Purple;;
Bugatti_Divo_2019;Prize;5P;Purple;;
Bugatti_Divo_2019;IAP;5P;Purple;;
Bugatti_Divo_2019;IAPSpecial;5P;Purple;;
Bugatti_Divo_2019;Collection;5P;Purple;;
Bugatti_DivoGold_2019;Prize;5G;Gold;;
Bugatti_DivoGold_2019;IAP;5G;Gold;;
Bugatti_DivoGold_2019;IAPSpecial;5G;Gold;;
Bugatti_DivoGold_2019;Collection;5G;Gold;;
Bugatti_DivoGold_2019;Gacha;5G;Gold;;
Bugatti_EB110HomageLB_2019;Prize;5P;Purple;;
Bugatti_EB110HomageLB_2019;IAP;5P;Purple;;
Bugatti_EB110HomageLB_2019;IAPSpecial;5P;Purple;;
Bugatti_EB110HomageLB_2019;Collection;5P;Purple;;
Bugatti_EB110HomageMS_2019;Prize;5P;Purple;;
Bugatti_EB110HomageMS_2019;IAP;5P;Purple;;
Bugatti_EB110HomageMS_2019;IAPSpecial;5P;Purple;;
Bugatti_EB110HomageMS_2019;Collection;5P;Purple;;
Bugatti_EB110SSClassic_1992;ShopCash;5B;Gold;5B;5G
Bugatti_EB110SSClassic_1992;ShopGold;5B;Gold;5B;5G
Bugatti_EB110SSClassic_1992;IAP;5B;Gold;5B;5G
Bugatti_LaVoitureNoire_2019;Prize;5P;Purple;;
Bugatti_LaVoitureNoire_2019;IAP;5P;Purple;;
Bugatti_LaVoitureNoire_2019;IAPSpecial;5P;Purple;;
Bugatti_LaVoitureNoire_2019;Collection;5P;Purple;;
Bugatti_LaVoitureNoire_2022;IAPSpecial;5P;Purple;;
Bugatti_LaVoitureNoire_2022;Prize;5P;Purple;;
Bugatti_LaVoitureNoire_2022;Collection;5P;Purple;;
Bugatti_LaVoitureNoire_2022;IAP;5P;Purple;;
Bugatti_Tourbillon_2026;Prize;5P;Purple;;
Bugatti_Tourbillon_2026;IAP;5P;Purple;;
Bugatti_Tourbillon_2026;IAPSpecial;5P;Purple;;
Bugatti_Tourbillon_2026;Collection;5P;Purple;;
Bugatti_VeyronGrandSportVitesse_2012;Prize;5G;Gold;;
Bugatti_VeyronGrandSportVitesse_2012;IAP;5G;Gold;;
Bugatti_VeyronGrandSportVitesse_2012;IAPSpecial;5G;Gold;;
Bugatti_VeyronGrandSportVitesse_2012;Collection;5G;Gold;;
Bugatti_VeyronGrandSportVitesse_2012;Gacha;5G;Gold;;
Bugatti_VeyronGrandSportVitesseAndroid_2012;Prize;5P;Purple;;
Bugatti_VeyronGrandSportVitesseAndroid_2012;IAP;5P;Purple;;
Bugatti_VeyronGrandSportVitesseAndroid_2012;IAPSpecial;5P;Purple;;
Bugatti_VeyronGrandSportVitesseAndroid_2012;Collection;5P;Purple;;
Bugatti_VeyronGrandSportVitesseiOS_2012;Prize;5P;Purple;;
Bugatti_VeyronGrandSportVitesseiOS_2012;IAP;5P;Purple;;
Bugatti_VeyronGrandSportVitesseiOS_2012;IAPSpecial;5P;Purple;;
Bugatti_VeyronGrandSportVitesseiOS_2012;Collection;5P;Purple;;
Bugatti_VeyronGrandSportVitesseWRE_2012;Prize;5P;Purple;;
Bugatti_VeyronGrandSportVitesseWRE_2012;IAP;5P;Purple;;
Bugatti_VeyronGrandSportVitesseWRE_2012;IAPSpecial;5P;Purple;;
Bugatti_VeyronGrandSportVitesseWRE_2012;Collection;5P;Purple;;
Bugatti_VeyronSuperSport_2012;Prize;5G;Gold;;
Bugatti_VeyronSuperSport_2012;IAP;5G;Gold;;
Bugatti_VeyronSuperSport_2012;IAPSpecial;5G;Gold;;
Bugatti_VeyronSuperSport_2012;Collection;5G;Gold;;
Bugatti_VeyronSuperSport_2012;Gacha;5G;Gold;;
Bugatti_VeyronSuperSportGold_2012;Prize;5P;Purple;;
Bugatti_VeyronSuperSportGold_2012;IAP;5P;Purple;;
Bugatti_VeyronSuperSportGold_2012;IAPSpecial;5P;Purple;;
Bugatti_VeyronSuperSportGold_2012;Collection;5P;Purple;;
Bugatti_W16Mistral_2023;Prize;5P;Purple;;
Bugatti_W16Mistral_2023;IAP;5P;Purple;;
Bugatti_W16Mistral_2023;IAPSpecial;5P;Purple;;
Bugatti_W16Mistral_2023;Collection;5P;Purple;;
Bugatti_W16MistralReward_2023;Prize;5P;Purple;;
Bugatti_W16MistralReward_2023;IAP;5P;Purple;;
Bugatti_W16MistralReward_2023;IAPSpecial;5P;Purple;;
Bugatti_W16MistralReward_2023;Collection;5P;Purple;;
Bugatti_W16MistralRewardRecycled_2023;Gacha;5G;Gold;;
Bugatti_W16MistralRewardRecycled_2023;Collection;5G;Gold;;
Bugatti_W16MistralWRE_2024;Prize;5P;Purple;;
Bugatti_W16MistralWRE_2024;IAP;5P;Purple;;
Bugatti_W16MistralWRE_2024;IAPSpecial;5P;Purple;;
Bugatti_W16MistralWRE_2024;Collection;5P;Purple;;
Bugatti_X16_2024;Prize;5P;Purple;;
Bugatti_X16_2024;IAP;5P;Purple;;
Bugatti_X16_2024;IAPSpecial;5P;Purple;;
Bugatti_X16_2024;Collection;5P;Purple;;
Bugatti_X16Gold_2024;Prize;5P;Purple;;
Bugatti_X16Gold_2024;IAP;5P;Purple;;
Bugatti_X16Gold_2024;IAPSpecial;5P;Purple;;
Bugatti_X16Gold_2024;Collection;5P;Purple;;
Buick_GNX_1987;Prize;5P;Purple;;
Buick_GNX_1987;IAP;5P;Purple;;
Buick_GNX_1987;IAPSpecial;5P;Purple;;
Buick_GNX_1987;Collection;5P;Purple;;
Buick_GrandNationalF4_1987;Collection;5P;Purple;;
Buick_GrandNationalF4_1987;Prize;5P;Purple;;
Buick_GrandNationalF4_1987;IAPSpecial;5P;Purple;;
Buick_GrandNationalF4_1987;IAP;5P;Purple;;
Buick_RingbrothersGNX_1987;Prize;5P;Purple;;
Buick_RingbrothersGNX_1987;IAP;5P;Purple;;
Buick_RingbrothersGNX_1987;IAPSpecial;5P;Purple;;
Buick_RingbrothersGNX_1987;Collection;5P;Purple;;
Buick_RoadstershopGrandNational_1987;Prize;5P;Purple;;
Buick_RoadstershopGrandNational_1987;IAP;5P;Purple;;
Buick_RoadstershopGrandNational_1987;IAPSpecial;5P;Purple;;
Buick_RoadstershopGrandNational_1987;Collection;5P;Purple;;
Cadillac_CT5VBlackwingReward_2022;Prize;5P;Purple;;
Cadillac_CT5VBlackwingReward_2022;IAP;5P;Purple;;
Cadillac_CT5VBlackwingReward_2022;IAPSpecial;5P;Purple;;
Cadillac_CT5VBlackwingReward_2022;Collection;5P;Purple;;
Cadillac_CT5VBlackwingRewardRecycled_2022;Gacha;5G;Gold;;
Cadillac_CT5VBlackwingRewardRecycled_2022;Collection;5G;Gold;;
Cadillac_CTSVReward_2017;Prize;5P;Purple;;
Cadillac_CTSVReward_2017;IAP;5P;Purple;;
Cadillac_CTSVReward_2017;IAPSpecial;5P;Purple;;
Cadillac_CTSVReward_2017;Collection;5P;Purple;;
Cadillac_CTSVRewardRecycled_2017;Gacha;5G;Gold;5G;5G
Cadillac_CTSVRewardRecycled_2017;Collection;5G;Gold;5G;5G
Chevrolet_AlphaSixCamaroSSCrew_2016;High_Stakes;4P;Purple;;
Chevrolet_AlphaSixCamaroSSCrewRecycled_2016;Prize;3G;Gold;;
Chevrolet_AlphaSixCamaroSSCrewRecycled_2016;IAP;3G;Gold;;
Chevrolet_AlphaSixCamaroSSCrewRecycled_2016;IAPSpecial;3G;Gold;;
Chevrolet_AlphaSixCamaroSSCrewRecycled_2016;Collection;3G;Gold;;
Chevrolet_AlphaSixCamaroSSCrewRecycled_2016;Gacha;3G;Gold;;
Chevrolet_AmericanLegendsChevelle_1966;Prize;5P;Purple;;
Chevrolet_AmericanLegendsChevelle_1966;IAP;5P;Purple;;
Chevrolet_AmericanLegendsChevelle_1966;IAPSpecial;5P;Purple;;
Chevrolet_AmericanLegendsChevelle_1966;Collection;5P;Purple;;
Chevrolet_BBTImpala_1959;Prize;5P;Purple;;
Chevrolet_BBTImpala_1959;IAP;5P;Purple;;
Chevrolet_BBTImpala_1959;IAPSpecial;5P;Purple;;
Chevrolet_BBTImpala_1959;Collection;5P;Purple;;
Chevrolet_BlazinRodsChevelle_1970;Prize;5P;Purple;;
Chevrolet_BlazinRodsChevelle_1970;IAP;5P;Purple;;
Chevrolet_BlazinRodsChevelle_1970;IAPSpecial;5P;Purple;;
Chevrolet_BlazinRodsChevelle_1970;Collection;5P;Purple;;
Chevrolet_C10Elite_2016;High_Stakes;5P;Purple;;
Chevrolet_C10Halloween_2016;Prize;5P;Purple;;
Chevrolet_C10Halloween_2016;IAP;5P;Purple;;
Chevrolet_C10Halloween_2016;IAPSpecial;5P;Purple;;
Chevrolet_C10Halloween_2016;Collection;5P;Purple;;
Chevrolet_C10Reward_2016;Prize;5P;Purple;;
Chevrolet_C10Reward_2016;IAP;5P;Purple;;
Chevrolet_C10Reward_2016;IAPSpecial;5P;Purple;;
Chevrolet_C10Reward_2016;Collection;5P;Purple;;
Chevrolet_C10RewardRecycled_2016;Gacha;5G;Gold;;
Chevrolet_C10RewardRecycled_2016;Collection;5G;Gold;;
Chevrolet_C10RewardVIP_2016;Prize;5P;Purple;;
Chevrolet_C10RewardVIP_2016;IAP;5P;Purple;;
Chevrolet_C10RewardVIP_2016;IAPSpecial;5P;Purple;;
Chevrolet_C10RewardVIP_2016;Collection;5P;Purple;;
Chevrolet_Camaro632_1988;Prize;5P;Purple;;
Chevrolet_Camaro632_1988;IAP;5P;Purple;;
Chevrolet_Camaro632_1988;IAPSpecial;5P;Purple;;
Chevrolet_Camaro632_1988;Collection;5P;Purple;;
Chevrolet_CamaroSS_2016;Prize;4G;Gold;4B;4G
Chevrolet_CamaroSS_2016;IAP;4G;Gold;4B;4G
Chevrolet_CamaroSS_2016;IAPSpecial;4G;Gold;4B;4G
Chevrolet_CamaroSS_2016;Collection;4G;Gold;4B;4G
Chevrolet_CamaroSS_2016;ShopGold;4B;Gold;4B;4G
Chevrolet_CamaroSS_2016;Gacha;4G;Gold;4B;4G
Chevrolet_CamaroSSNASCARXfinity_2021;Prize;5P;Purple;;
Chevrolet_CamaroSSNASCARXfinity_2021;IAP;5P;Purple;;
Chevrolet_CamaroSSNASCARXfinity_2021;IAPSpecial;5P;Purple;;
Chevrolet_CamaroSSNASCARXfinity_2021;Collection;5P;Purple;;
Chevrolet_CamaroZ28_2015;Prize;5G;Gold;;
Chevrolet_CamaroZ28_2015;IAP;5G;Gold;;
Chevrolet_CamaroZ28_2015;IAPSpecial;5G;Gold;;
Chevrolet_CamaroZ28_2015;Collection;5G;Gold;;
Chevrolet_CamaroZ28_2015;Gacha;5G;Gold;;
Chevrolet_CamaroZ28ASC_2015;Prize;5G;Gold;;
Chevrolet_CamaroZ28ASC_2015;IAP;5G;Gold;;
Chevrolet_CamaroZ28ASC_2015;IAPSpecial;5G;Gold;;
Chevrolet_CamaroZ28ASC_2015;Collection;5G;Gold;;
Chevrolet_CamaroZ28ASC_2015;Gacha;5G;Gold;;
Chevrolet_CamaroZL11LEReward_2018;Prize;5P;Purple;;
Chevrolet_CamaroZL11LEReward_2018;IAP;5P;Purple;;
Chevrolet_CamaroZL11LEReward_2018;IAPSpecial;5P;Purple;;
Chevrolet_CamaroZL11LEReward_2018;Collection;5P;Purple;;
Chevrolet_CamaroZL11LERewardRecycled_2018;Gacha;4G;Gold;;
Chevrolet_CamaroZL11LERewardRecycled_2018;Collection;4G;Gold;;
Chevrolet_CamaroZL1Crew_2017;High_Stakes;5P;Purple;;
Chevrolet_CamaroZL1CrewRecycled_2017;Prize;4G;Gold;;
Chevrolet_CamaroZL1CrewRecycled_2017;IAP;4G;Gold;;
Chevrolet_CamaroZL1CrewRecycled_2017;IAPSpecial;4G;Gold;;
Chevrolet_CamaroZL1CrewRecycled_2017;Collection;4G;Gold;;
Chevrolet_CamaroZL1CrewRecycled_2017;Gacha;4G;Gold;;
Chevrolet_CamaroZL1NASCAR_2022;Prize;5P;Purple;;
Chevrolet_CamaroZL1NASCAR_2022;IAP;5P;Purple;;
Chevrolet_CamaroZL1NASCAR_2022;IAPSpecial;5P;Purple;;
Chevrolet_CamaroZL1NASCAR_2022;Collection;5P;Purple;;
Chevrolet_CapriceDonk_1971;Prize;5P;Purple;;
Chevrolet_CapriceDonk_1971;IAP;5P;Purple;;
Chevrolet_CapriceDonk_1971;IAPSpecial;5P;Purple;;
Chevrolet_CapriceDonk_1971;Collection;5P;Purple;;
Chevrolet_COPOCamaroReward_2019;Prize;5P;Purple;;
Chevrolet_COPOCamaroReward_2019;IAP;5P;Purple;;
Chevrolet_COPOCamaroReward_2019;IAPSpecial;5P;Purple;;
Chevrolet_COPOCamaroReward_2019;Collection;5P;Purple;;
Chevrolet_COPOCamaroRewardEvo_2019;Prize;5P;Purple;;
Chevrolet_COPOCamaroRewardEvo_2019;IAP;5P;Purple;;
Chevrolet_COPOCamaroRewardEvo_2019;IAPSpecial;5P;Purple;;
Chevrolet_COPOCamaroRewardEvo_2019;Collection;5P;Purple;;
Chevrolet_COPOCamaroRewardRecycled_2019;Gacha;5G;Gold;;
Chevrolet_COPOCamaroRewardRecycled_2019;Collection;5G;Gold;;
Chevrolet_CorvetteC1LPClassic_1958;ShopGold;5P;Purple;5B;5P
Chevrolet_CorvetteC1LPClassic_1958;ShopCash;5P;Purple;5B;5P
Chevrolet_CorvetteC4ZR1_1994;Prize;5P;Purple;;
Chevrolet_CorvetteC4ZR1_1994;IAP;5P;Purple;;
Chevrolet_CorvetteC4ZR1_1994;IAPSpecial;5P;Purple;;
Chevrolet_CorvetteC4ZR1_1994;Collection;5P;Purple;;
Chevrolet_CorvetteC6ZR1_2012;Collection;5P;Purple;;
Chevrolet_CorvetteC6ZR1_2012;IAP;5P;Purple;;
Chevrolet_CorvetteC6ZR1_2012;Prize;5P;Purple;;
Chevrolet_CorvetteC6ZR1_2012;IAPSpecial;5P;Purple;;
Chevrolet_CorvetteC7REditionReward_2015;Prize;4P;Purple;;
Chevrolet_CorvetteC7REditionReward_2015;IAP;4P;Purple;;
Chevrolet_CorvetteC7REditionReward_2015;IAPSpecial;4P;Purple;;
Chevrolet_CorvetteC7REditionReward_2015;Collection;4P;Purple;;
Chevrolet_CorvetteC7REditionRewardRecycled_2015;Gacha;4G;Gold;;
Chevrolet_CorvetteC7REditionRewardRecycled_2015;Collection;4G;Gold;;
Chevrolet_CorvetteC8Convertible_2020;Prize;5P;Purple;;
Chevrolet_CorvetteC8Convertible_2020;IAP;5P;Purple;;
Chevrolet_CorvetteC8Convertible_2020;IAPSpecial;5P;Purple;;
Chevrolet_CorvetteC8Convertible_2020;Collection;5P;Purple;;
Chevrolet_CorvetteC8Reward_2020;Prize;4P;Purple;;
Chevrolet_CorvetteC8Reward_2020;IAP;4P;Purple;;
Chevrolet_CorvetteC8Reward_2020;IAPSpecial;4P;Purple;;
Chevrolet_CorvetteC8Reward_2020;Collection;4P;Purple;;
Chevrolet_CorvetteC8RewardRecycled_2020;Gacha;5G;Gold;4G1B;5G
Chevrolet_CorvetteC8RewardRecycled_2020;Collection;5G;Gold;4G1B;5G
Chevrolet_CorvetteC8RLB_2020;Prize;5P;Purple;;
Chevrolet_CorvetteC8RLB_2020;IAP;5P;Purple;;
Chevrolet_CorvetteC8RLB_2020;IAPSpecial;5P;Purple;;
Chevrolet_CorvetteC8RLB_2020;Collection;5P;Purple;;
Chevrolet_CorvetteC8RMS_2020;Prize;5P;Purple;;
Chevrolet_CorvetteC8RMS_2020;IAP;5P;Purple;;
Chevrolet_CorvetteC8RMS_2020;IAPSpecial;5P;Purple;;
Chevrolet_CorvetteC8RMS_2020;Collection;5P;Purple;;
Chevrolet_CorvetteC8ZR1_2024;Prize;5P;Purple;;
Chevrolet_CorvetteC8ZR1_2024;IAP;5P;Purple;;
Chevrolet_CorvetteC8ZR1_2024;IAPSpecial;5P;Purple;;
Chevrolet_CorvetteC8ZR1_2024;Collection;5P;Purple;;
Chevrolet_CorvetteC8ZR1Reward_2024;Prize;5P;Purple;;
Chevrolet_CorvetteC8ZR1Reward_2024;IAPSpecial;5P;Purple;;
Chevrolet_CorvetteC8ZR1Reward_2024;IAP;5P;Purple;;
Chevrolet_CorvetteC8ZR1Reward_2024;Collection;5P;Purple;;
Chevrolet_CorvetteC8ZR1RewardRecycled_2024;Gacha;5G;Gold;;
Chevrolet_CorvetteGrandSport_2017;Prize;4P;Purple;;
Chevrolet_CorvetteGrandSport_2017;IAP;4P;Purple;;
Chevrolet_CorvetteGrandSport_2017;IAPSpecial;4P;Purple;;
Chevrolet_CorvetteGrandSport_2017;Collection;4P;Purple;;
Chevrolet_CorvetteStingray_2015;ShopGold;0G;Gold;;
Chevrolet_CorvetteStingray_2015;Gacha;2G;Gold;;
Chevrolet_CorvetteStingRayC2F8_1966;Prize;5P;Purple;;
Chevrolet_CorvetteStingRayC2F8_1966;IAP;5P;Purple;;
Chevrolet_CorvetteStingRayC2F8_1966;IAPSpecial;5P;Purple;;
Chevrolet_CorvetteStingRayC2F8_1966;Collection;5P;Purple;;
Chevrolet_CorvetteStingrayTNR_2020;Prize;5P;Purple;5B;5P
Chevrolet_CorvetteStingrayTNR_2020;IAP;5P;Purple;5B;5P
Chevrolet_CorvetteStingrayTNR_2020;IAPSpecial;5P;Purple;5B;5P
Chevrolet_CorvetteStingrayTNR_2020;Collection;5P;Purple;5B;5P
Chevrolet_CorvetteZ06C8CReward_2023;Prize;5P;Purple;;
Chevrolet_CorvetteZ06C8CReward_2023;IAP;5P;Purple;;
Chevrolet_CorvetteZ06C8CReward_2023;IAPSpecial;5P;Purple;;
Chevrolet_CorvetteZ06C8CReward_2023;Collection;5P;Purple;;
Chevrolet_CorvetteZ06C8CRewardRecycled_2023;Gacha;5G;Gold;;
Chevrolet_CorvetteZ06C8CRewardRecycled_2023;Collection;5G;Gold;;
Chevrolet_CorvetteZ06Reward_2023;Prize;5P;Purple;;
Chevrolet_CorvetteZ06Reward_2023;IAP;5P;Purple;;
Chevrolet_CorvetteZ06Reward_2023;IAPSpecial;5P;Purple;;
Chevrolet_CorvetteZ06Reward_2023;Collection;5P;Purple;;
Chevrolet_CorvetteZ06RewardRecycled_2023;Gacha;5G;Gold;;
Chevrolet_CorvetteZ06RewardRecycled_2023;Collection;5G;Gold;;
Chevrolet_CorvetteZ06Z07Package_2023;Prize;5P;Purple;;
Chevrolet_CorvetteZ06Z07Package_2023;IAP;5P;Purple;;
Chevrolet_CorvetteZ06Z07Package_2023;IAPSpecial;5P;Purple;;
Chevrolet_CorvetteZ06Z07Package_2023;Collection;5P;Purple;;
Chevrolet_CorvetteZR1Classic_1970;ShopCash;4G;Gold;4B;4G
Chevrolet_CorvetteZR1Classic_1970;ShopGold;4G;Gold;4B;4G
Chevrolet_CorvetteZR1Reward_2018;Prize;5P;Purple;;
Chevrolet_CorvetteZR1Reward_2018;IAP;5P;Purple;;
Chevrolet_CorvetteZR1Reward_2018;IAPSpecial;5P;Purple;;
Chevrolet_CorvetteZR1Reward_2018;Collection;5P;Purple;;
Chevrolet_CorvetteZR1RewardRecycled_2018;Gacha;5G;Gold;;
Chevrolet_CorvetteZR1RewardRecycled_2018;Collection;5G;Gold;;
Chevrolet_CorvetteZR1SH1_2018;Prize;5P;Purple;;
Chevrolet_CorvetteZR1SH1_2018;IAP;5P;Purple;;
Chevrolet_CorvetteZR1SH1_2018;IAPSpecial;5P;Purple;;
Chevrolet_CorvetteZR1SH1_2018;Collection;5P;Purple;;
Chevrolet_DuSoldDesignCamaro_1967;Prize;5P;Purple;;
Chevrolet_DuSoldDesignCamaro_1967;IAP;5P;Purple;;
Chevrolet_DuSoldDesignCamaro_1967;IAPSpecial;5P;Purple;;
Chevrolet_DuSoldDesignCamaro_1967;Collection;5P;Purple;;
Chevrolet_DutchboysCamaroLB_1969;Prize;5P;Purple;;
Chevrolet_DutchboysCamaroLB_1969;IAP;5P;Purple;;
Chevrolet_DutchboysCamaroLB_1969;IAPSpecial;5P;Purple;;
Chevrolet_DutchboysCamaroLB_1969;Collection;5P;Purple;;
Chevrolet_DutchboysCamaroMS_1969;Prize;5P;Purple;;
Chevrolet_DutchboysCamaroMS_1969;IAP;5P;Purple;;
Chevrolet_DutchboysCamaroMS_1969;IAPSpecial;5P;Purple;;
Chevrolet_DutchboysCamaroMS_1969;Collection;5P;Purple;;
Chevrolet_EddiesCorvetteC2_1963;Prize;5P;Purple;;
Chevrolet_EddiesCorvetteC2_1963;IAP;5P;Purple;;
Chevrolet_EddiesCorvetteC2_1963;IAPSpecial;5P;Purple;;
Chevrolet_EddiesCorvetteC2_1963;Collection;5P;Purple;;
Chevrolet_GAPCorvette_1972;IAP;5P;Purple;;
Chevrolet_GAPCorvette_1972;IAPSpecial;5P;Purple;;
Chevrolet_GAPCorvette_1972;Prize;5P;Purple;;
Chevrolet_GAPCorvette_1972;Collection;5P;Purple;;
Chevrolet_GarretCamaro_1972;Prize;5P;Purple;;
Chevrolet_GarretCamaro_1972;IAP;5P;Purple;;
Chevrolet_GarretCamaro_1972;IAPSpecial;5P;Purple;;
Chevrolet_GarretCamaro_1972;Collection;5P;Purple;;
Chevrolet_GreeningCamaroIROCZ_1985;Prize;5P;Purple;;
Chevrolet_GreeningCamaroIROCZ_1985;IAP;5P;Purple;;
Chevrolet_GreeningCamaroIROCZ_1985;IAPSpecial;5P;Purple;;
Chevrolet_GreeningCamaroIROCZ_1985;Collection;5P;Purple;;
Chevrolet_HSCustomsCamaroReward_2016;Prize;5P;Purple;;
Chevrolet_HSCustomsCamaroReward_2016;IAP;5P;Purple;;
Chevrolet_HSCustomsCamaroReward_2016;IAPSpecial;5P;Purple;;
Chevrolet_HSCustomsCamaroReward_2016;Collection;5P;Purple;;
Chevrolet_HSCustomsCamaroRewardRecycled_2016;Gacha;5G;Gold;;
Chevrolet_HSCustomsCamaroRewardRecycled_2016;Collection;5G;Gold;;
Chevrolet_HSCustomsChevelle_1968;Prize;5P;Purple;;
Chevrolet_HSCustomsChevelle_1968;IAP;5P;Purple;;
Chevrolet_HSCustomsChevelle_1968;IAPSpecial;5P;Purple;;
Chevrolet_HSCustomsChevelle_1968;Collection;5P;Purple;;
Chevrolet_KellySonBelAir_1957;Prize;5P;Purple;;
Chevrolet_KellySonBelAir_1957;IAP;5P;Purple;;
Chevrolet_KellySonBelAir_1957;IAPSpecial;5P;Purple;;
Chevrolet_KellySonBelAir_1957;Collection;5P;Purple;;
Chevrolet_LBCamaroIROCZReward_1987;IAP;5P;Purple;;
Chevrolet_LBCamaroIROCZReward_1987;IAPSpecial;5P;Purple;;
Chevrolet_LBCamaroIROCZReward_1987;Prize;5P;Purple;;
Chevrolet_LBCamaroIROCZReward_1987;Collection;5P;Purple;;
Chevrolet_LBCamaroIROCZRewardRecycled_1987;Gacha;5G;Gold;;
Chevrolet_LMCorvetteC8_2020;Prize;5P;Purple;;
Chevrolet_LMCorvetteC8_2020;IAP;5P;Purple;;
Chevrolet_LMCorvetteC8_2020;IAPSpecial;5P;Purple;;
Chevrolet_LMCorvetteC8_2020;Collection;5P;Purple;;
Chevrolet_LMCorvetteZ06Reward_2023;Prize;5P;Purple;;
Chevrolet_LMCorvetteZ06Reward_2023;IAP;5P;Purple;;
Chevrolet_LMCorvetteZ06Reward_2023;IAPSpecial;5P;Purple;;
Chevrolet_LMCorvetteZ06Reward_2023;Collection;5P;Purple;;
Chevrolet_LMCorvetteZ06RewardRecycled_2023;Gacha;5G;Gold;;
Chevrolet_LMCorvetteZ06RewardRecycled_2023;Collection;5G;Gold;;
Chevrolet_LostAngelsCamaro_1970;Collection;5P;Purple;;
Chevrolet_LostAngelsCamaro_1970;IAPSpecial;5P;Purple;;
Chevrolet_LostAngelsCamaro_1970;Prize;5P;Purple;;
Chevrolet_LostAngelsCamaro_1970;IAP;5P;Purple;;
Chevrolet_LowerLevelGarageApache_1959;Prize;5P;Purple;;
Chevrolet_LowerLevelGarageApache_1959;IAPSpecial;5P;Purple;;
Chevrolet_LowerLevelGarageApache_1959;IAP;5P;Purple;;
Chevrolet_LowerLevelGarageApache_1959;Collection;5P;Purple;;
Chevrolet_MonteCarloRaceCarF9_1995;Prize;5P;Purple;;
Chevrolet_MonteCarloRaceCarF9_1995;IAP;5P;Purple;;
Chevrolet_MonteCarloRaceCarF9_1995;IAPSpecial;5P;Purple;;
Chevrolet_MonteCarloRaceCarF9_1995;Collection;5P;Purple;;
Chevrolet_NapalmNova_1972;Prize;5P;Purple;;
Chevrolet_NapalmNova_1972;IAP;5P;Purple;;
Chevrolet_NapalmNova_1972;IAPSpecial;5P;Purple;;
Chevrolet_NapalmNova_1972;Collection;5P;Purple;;
Chevrolet_NASCARCamaroZL1_2020;Prize;5P;Purple;;
Chevrolet_NASCARCamaroZL1_2020;IAP;5P;Purple;;
Chevrolet_NASCARCamaroZL1_2020;IAPSpecial;5P;Purple;;
Chevrolet_NASCARCamaroZL1_2020;Collection;5P;Purple;;
Chevrolet_NASCARCamaroZL1JE_2020;Prize;5P;Purple;;
Chevrolet_NASCARCamaroZL1JE_2020;IAP;5P;Purple;;
Chevrolet_NASCARCamaroZL1JE_2020;IAPSpecial;5P;Purple;;
Chevrolet_NASCARCamaroZL1JE_2020;Collection;5P;Purple;;
Chevrolet_NovaSSF9_1970;Prize;5P;Purple;;
Chevrolet_NovaSSF9_1970;IAP;5P;Purple;;
Chevrolet_NovaSSF9_1970;IAPSpecial;5P;Purple;;
Chevrolet_NovaSSF9_1970;Collection;5P;Purple;;
Chevrolet_NovaSSLPClassic_1970;ShopCash;5B;Gold;5B;5P
Chevrolet_NovaSSLPClassic_1970;ShopGold;5B;Gold;5B;5P
Chevrolet_PandeMCamaroZ28_1972;Prize;5P;Purple;;
Chevrolet_PandeMCamaroZ28_1972;IAP;5P;Purple;;
Chevrolet_PandeMCamaroZ28_1972;IAPSpecial;5P;Purple;;
Chevrolet_PandeMCamaroZ28_1972;Collection;5P;Purple;;
Chevrolet_PickUpVerminsDiner_1936;Prize;5P;Purple;;
Chevrolet_PickUpVerminsDiner_1936;IAP;5P;Purple;;
Chevrolet_PickUpVerminsDiner_1936;IAPSpecial;5P;Purple;;
Chevrolet_PickUpVerminsDiner_1936;Collection;5P;Purple;;
Chevrolet_PickUpVerminsDinerOG_1936;Prize;5P;Purple;;
Chevrolet_PickUpVerminsDinerOG_1936;IAP;5P;Purple;;
Chevrolet_PickUpVerminsDinerOG_1936;IAPSpecial;5P;Purple;;
Chevrolet_PickUpVerminsDinerOG_1936;Collection;5P;Purple;;
Chevrolet_QuintinBrotherCamaroReward_1968;Prize;5P;Purple;;
Chevrolet_QuintinBrotherCamaroReward_1968;IAP;5P;Purple;;
Chevrolet_QuintinBrotherCamaroReward_1968;IAPSpecial;5P;Purple;;
Chevrolet_QuintinBrotherCamaroReward_1968;Collection;5P;Purple;;
Chevrolet_QuintinBrotherCamaroRewardRecycled_1968;Gacha;5G;Gold;;
Chevrolet_QuintinBrotherCamaroRewardRecycled_1968;Collection;5G;Gold;;
Chevrolet_QuintinBrotherCamaroRewardRecycled_1968;IAP;5G;Gold;;
Chevrolet_RBCorvetteC8StingrayReward_2020;Prize;5P;Purple;;
Chevrolet_RBCorvetteC8StingrayReward_2020;IAP;5P;Purple;;
Chevrolet_RBCorvetteC8StingrayReward_2020;IAPSpecial;5P;Purple;;
Chevrolet_RBCorvetteC8StingrayReward_2020;Collection;5P;Purple;;
Chevrolet_RBCorvetteC8StingrayRewardRecycled_2020;Gacha;5G;Gold;;
Chevrolet_RBCorvetteC8StingrayRewardRecycled_2020;Collection;5G;Gold;;
Chevrolet_RingbrothersCamaro_1969;Prize;5P;Purple;;
Chevrolet_RingbrothersCamaro_1969;IAP;5P;Purple;;
Chevrolet_RingbrothersCamaro_1969;IAPSpecial;5P;Purple;;
Chevrolet_RingbrothersCamaro_1969;Collection;5P;Purple;;
Chevrolet_RingbrothersCamaroUSA_1969;Prize;5P;Purple;;
Chevrolet_RingbrothersCamaroUSA_1969;IAP;5P;Purple;;
Chevrolet_RingbrothersCamaroUSA_1969;IAPSpecial;5P;Purple;;
Chevrolet_RingbrothersCamaroUSA_1969;Collection;5P;Purple;;
Chevrolet_RingbrothersChevelle_1966;Prize;5P;Purple;;
Chevrolet_RingbrothersChevelle_1966;IAP;5P;Purple;;
Chevrolet_RingbrothersChevelle_1966;IAPSpecial;5P;Purple;;
Chevrolet_RingbrothersChevelle_1966;Collection;5P;Purple;;
Chevrolet_RingbrothersPickUp_1948;Prize;5P;Purple;;
Chevrolet_RingbrothersPickUp_1948;IAP;5P;Purple;;
Chevrolet_RingbrothersPickUp_1948;IAPSpecial;5P;Purple;;
Chevrolet_RingbrothersPickUp_1948;Collection;5P;Purple;;
Chevrolet_RoadsterShopCamaro_1970;Prize;5P;Purple;;
Chevrolet_RoadsterShopCamaro_1970;IAP;5P;Purple;;
Chevrolet_RoadsterShopCamaro_1970;IAPSpecial;5P;Purple;;
Chevrolet_RoadsterShopCamaro_1970;Collection;5P;Purple;;
Chevrolet_SickSecondsCamaroSS_1969;Prize;5P;Purple;;
Chevrolet_SickSecondsCamaroSS_1969;IAP;5P;Purple;;
Chevrolet_SickSecondsCamaroSS_1969;IAPSpecial;5P;Purple;;
Chevrolet_SickSecondsCamaroSS_1969;Collection;5P;Purple;;
Chevrolet_TimmBuiltElCamino_1978;Prize;5P;Purple;;
Chevrolet_TimmBuiltElCamino_1978;IAPSpecial;5P;Purple;;
Chevrolet_TimmBuiltElCamino_1978;IAP;5P;Purple;;
Chevrolet_TimmBuiltElCamino_1978;Collection;5P;Purple;;
Chevrolet_WeaverCamaro_1969;Prize;5P;Purple;;
Chevrolet_WeaverCamaro_1969;IAP;5P;Purple;;
Chevrolet_WeaverCamaro_1969;IAPSpecial;5P;Purple;;
Chevrolet_WeaverCamaro_1969;Collection;5P;Purple;;
Chevrolet_WeaverCustoms3100_1949;Prize;5P;Purple;;
Chevrolet_WeaverCustoms3100_1949;IAP;5P;Purple;;
Chevrolet_WeaverCustoms3100_1949;IAPSpecial;5P;Purple;;
Chevrolet_WeaverCustoms3100_1949;Collection;5P;Purple;;
Chevrolet_WolfeKustomsBelAir_1957;IAP;5P;Purple;;
Chevrolet_WolfeKustomsBelAir_1957;IAPSpecial;5P;Purple;;
Chevrolet_WolfeKustomsBelAir_1957;Prize;5P;Purple;;
Chevrolet_WolfeKustomsBelAir_1957;Collection;5P;Purple;;
Chevrolet_ZwygartNova_1967;Prize;5P;Purple;;
Chevrolet_ZwygartNova_1967;IAP;5P;Purple;;
Chevrolet_ZwygartNova_1967;IAPSpecial;5P;Purple;;
Chevrolet_ZwygartNova_1967;Collection;5P;Purple;;
Czinger_21C_2021;Prize;5P;Purple;;
Czinger_21C_2021;IAP;5P;Purple;;
Czinger_21C_2021;IAPSpecial;5P;Purple;;
Czinger_21C_2021;Collection;5P;Purple;;
Czinger_21CGold_2021;Prize;5P;Purple;;
Czinger_21CGold_2021;IAP;5P;Purple;;
Czinger_21CGold_2021;IAPSpecial;5P;Purple;;
Czinger_21CGold_2021;Collection;5P;Purple;;
Czinger_21CVMax_2023;Prize;5P;Purple;;
Czinger_21CVMax_2023;IAP;5P;Purple;;
Czinger_21CVMax_2023;IAPSpecial;5P;Purple;;
Czinger_21CVMax_2023;Collection;5P;Purple;;
Dallara_EXP_2021;Collection;5P;Purple;;
Dallara_EXP_2021;IAP;5P;Purple;;
Dallara_EXP_2021;Prize;5P;Purple;;
Dallara_EXP_2021;IAPSpecial;5P;Purple;;
Dallara_Stradale_2019;Prize;5P;Purple;;
Dallara_Stradale_2019;IAPSpecial;5P;Purple;;
Dallara_Stradale_2019;Collection;5P;Purple;;
Dallara_Stradale_2019;IAP;5P;Purple;;
Dallara_StradaleReward_2019;Prize;5P;Purple;;
Dallara_StradaleReward_2019;IAP;5P;Purple;;
Dallara_StradaleReward_2019;IAPSpecial;5P;Purple;;
Dallara_StradaleReward_2019;Collection;5P;Purple;;
Dallara_StradaleRewardRecycled_2019;Gacha;5G;Gold;;
Dallara_StradaleRewardRecycled_2019;Collection;5G;Gold;;
Datsun_240ZLPClassic_1972;ShopGold;5P;Purple;5B;5P
Datsun_240ZLPClassic_1972;ShopCash;5P;Purple;5B;5P
DeTomaso_P900_2022;IAPSpecial;5P;Purple;;
DeTomaso_P900_2022;Prize;5P;Purple;;
DeTomaso_P900_2022;Collection;5P;Purple;;
DeTomaso_P900_2022;IAP;5P;Purple;;
DeTomaso_PanteraGT5S_1984;Prize;5P;Purple;;
DeTomaso_PanteraGT5S_1984;IAP;5P;Purple;;
DeTomaso_PanteraGT5S_1984;IAPSpecial;5P;Purple;;
DeTomaso_PanteraGT5S_1984;Collection;5P;Purple;;
Devel_Sixteen_2022;Prize;5P;Purple;;
Devel_Sixteen_2022;IAP;5P;Purple;;
Devel_Sixteen_2022;IAPSpecial;5P;Purple;;
Devel_Sixteen_2022;Collection;5P;Purple;;
Dodge_ChallengerMoparDragPak_2021;Prize;5P;Purple;;
Dodge_ChallengerMoparDragPak_2021;IAP;5P;Purple;;
Dodge_ChallengerMoparDragPak_2021;IAPSpecial;5P;Purple;;
Dodge_ChallengerMoparDragPak_2021;Collection;5P;Purple;;
Dodge_ChallengerMoparDragPakGold_2021;Prize;5G;Gold;;
Dodge_ChallengerMoparDragPakGold_2021;IAP;5G;Gold;;
Dodge_ChallengerMoparDragPakGold_2021;IAPSpecial;5G;Gold;;
Dodge_ChallengerMoparDragPakGold_2021;Collection;5G;Gold;;
Dodge_ChallengerMoparDragPakGold_2021;Gacha;5G;Gold;;
Dodge_ChallengerRTLPClassic_1970;ShopGold;5B;Gold;5B;5P
Dodge_ChallengerRTLPClassic_1970;Unknown;5B;Gold;5B;5P
Dodge_ChallengerRTShakerF7_2015;Prize;5P;Purple;;
Dodge_ChallengerRTShakerF7_2015;IAP;5P;Purple;;
Dodge_ChallengerRTShakerF7_2015;IAPSpecial;5P;Purple;;
Dodge_ChallengerRTShakerF7_2015;Collection;5P;Purple;;
Dodge_ChallengerSRTDemonF8_2018;Prize;5P;Purple;;
Dodge_ChallengerSRTDemonF8_2018;IAP;5P;Purple;;
Dodge_ChallengerSRTDemonF8_2018;IAPSpecial;5P;Purple;;
Dodge_ChallengerSRTDemonF8_2018;Collection;5P;Purple;;
Dodge_ChallengerSRTDemonReward_2018;Prize;5P;Purple;;
Dodge_ChallengerSRTDemonReward_2018;IAP;5P;Purple;;
Dodge_ChallengerSRTDemonReward_2018;IAPSpecial;5P;Purple;;
Dodge_ChallengerSRTDemonReward_2018;Collection;5P;Purple;;
Dodge_ChallengerSRTDemonRewardRecycled_2018;Gacha;5G;Gold;;
Dodge_ChallengerSRTDemonRewardRecycled_2018;Collection;5G;Gold;;
Dodge_ChallengerSRTHellcat_2015;Prize;4G;Gold;4B;4G
Dodge_ChallengerSRTHellcat_2015;IAP;4G;Gold;4B;4G
Dodge_ChallengerSRTHellcat_2015;IAPSpecial;4G;Gold;4B;4G
Dodge_ChallengerSRTHellcat_2015;Collection;4G;Gold;4B;4G
Dodge_ChallengerSRTHellcat_2015;ShopGold;4G;Gold;4B;4G
Dodge_ChallengerSRTHellcat_2015;Gacha;4G;Gold;4B;4G
Dodge_ChallengerSRTHellcatReward_2015;Prize;4P;Purple;;
Dodge_ChallengerSRTHellcatReward_2015;IAP;4P;Purple;;
Dodge_ChallengerSRTHellcatReward_2015;IAPSpecial;4P;Purple;;
Dodge_ChallengerSRTHellcatReward_2015;Collection;4P;Purple;;
Dodge_ChallengerSRTHellcatRewardRecycled_2015;Gacha;4G;Gold;;
Dodge_ChallengerSRTHellcatRewardRecycled_2015;Collection;4G;Gold;;
Dodge_ChallengerSRTSuperStockReward_2021;Prize;5P;Purple;;
Dodge_ChallengerSRTSuperStockReward_2021;IAP;5P;Purple;;
Dodge_ChallengerSRTSuperStockReward_2021;IAPSpecial;5P;Purple;;
Dodge_ChallengerSRTSuperStockReward_2021;Collection;5P;Purple;;
Dodge_ChallengerSRTSuperStockRewardRecycled_2021;Gacha;4G;Gold;;
Dodge_ChallengerSRTSuperStockRewardRecycled_2021;Collection;4G;Gold;;
Dodge_ChargerDaytona_1970;Prize;5P;Purple;;
Dodge_ChargerDaytona_1970;IAP;5P;Purple;;
Dodge_ChargerDaytona_1970;IAPSpecial;5P;Purple;;
Dodge_ChargerDaytona_1970;Collection;5P;Purple;;
Dodge_ChargerDaytonaF6_1970;Prize;5P;Purple;;
Dodge_ChargerDaytonaF6_1970;IAP;5P;Purple;;
Dodge_ChargerDaytonaF6_1970;IAPSpecial;5P;Purple;;
Dodge_ChargerDaytonaF6_1970;Collection;5P;Purple;;
Dodge_ChargerDaytonaScatPack_2025;Prize;5G;Gold;;
Dodge_ChargerDaytonaScatPack_2025;IAP;5G;Gold;;
Dodge_ChargerDaytonaScatPack_2025;IAPSpecial;5G;Gold;;
Dodge_ChargerDaytonaScatPack_2025;Collection;5G;Gold;;
Dodge_ChargerDaytonaScatPack_2025;Gacha;5G;Gold;;
Dodge_ChargerHellcat_2020;Prize;5G;Gold;;
Dodge_ChargerHellcat_2020;IAP;5G;Gold;;
Dodge_ChargerHellcat_2020;IAPSpecial;5G;Gold;;
Dodge_ChargerHellcat_2020;Collection;5G;Gold;;
Dodge_ChargerHellcat_2020;Gacha;5G;Gold;;
Dodge_ChargerHellcatDaytona50th_2020;Prize;5P;Purple;;
Dodge_ChargerHellcatDaytona50th_2020;IAP;5P;Purple;;
Dodge_ChargerHellcatDaytona50th_2020;IAPSpecial;5P;Purple;;
Dodge_ChargerHellcatDaytona50th_2020;Collection;5P;Purple;;
Dodge_ChargerHellcatRedeyeReward_2021;Prize;4P;Purple;;
Dodge_ChargerHellcatRedeyeReward_2021;IAP;4P;Purple;;
Dodge_ChargerHellcatRedeyeReward_2021;IAPSpecial;4P;Purple;;
Dodge_ChargerHellcatRedeyeReward_2021;Collection;4P;Purple;;
Dodge_ChargerHellcatRedeyeRewardRecycled_2021;Gacha;4G;Gold;;
Dodge_ChargerHellcatRedeyeRewardRecycled_2021;Collection;4G;Gold;;
Dodge_ChargerRedeyeSplatter_2023;Prize;5P;Purple;;
Dodge_ChargerRedeyeSplatter_2023;IAP;5P;Purple;;
Dodge_ChargerRedeyeSplatter_2023;IAPSpecial;5P;Purple;;
Dodge_ChargerRedeyeSplatter_2023;Collection;5P;Purple;;
Dodge_ChargerRTCrew_1969;High_Stakes;4P;Purple;;
Dodge_ChargerRTF1_1970;Prize;5P;Purple;;
Dodge_ChargerRTF1_1970;IAP;5P;Purple;;
Dodge_ChargerRTF1_1970;IAPSpecial;5P;Purple;;
Dodge_ChargerRTF1_1970;Collection;5P;Purple;;
Dodge_ChargerRTF4_1970;Prize;5P;Purple;;
Dodge_ChargerRTF4_1970;IAP;5P;Purple;;
Dodge_ChargerRTF4_1970;IAPSpecial;5P;Purple;;
Dodge_ChargerRTF4_1970;Collection;5P;Purple;;
Dodge_ChargerRTF8_1970;Prize;5P;Purple;;
Dodge_ChargerRTF8_1970;IAP;5P;Purple;;
Dodge_ChargerRTF8_1970;IAPSpecial;5P;Purple;;
Dodge_ChargerRTF8_1970;Collection;5P;Purple;;
Dodge_ChargerRTF9_1966;Prize;5P;Purple;;
Dodge_ChargerRTF9_1966;IAP;5P;Purple;;
Dodge_ChargerRTF9_1966;IAPSpecial;5P;Purple;;
Dodge_ChargerRTF9_1966;Collection;5P;Purple;;
Dodge_ChargerSixpackReward_2025;Collection;5P;Purple;;
Dodge_ChargerSixpackReward_2025;Prize;5P;Purple;;
Dodge_ChargerSixpackReward_2025;IAPSpecial;5P;Purple;;
Dodge_ChargerSixpackReward_2025;IAP;5P;Purple;;
Dodge_ChargerSixpackRewardRecycled_2025;Gacha;5G;Gold;;
Dodge_ChargerTantrumF9_1970;Prize;5P;Purple;;
Dodge_ChargerTantrumF9_1970;IAP;5P;Purple;;
Dodge_ChargerTantrumF9_1970;IAPSpecial;5P;Purple;;
Dodge_ChargerTantrumF9_1970;Collection;5P;Purple;;
Dodge_DemonChargerF9_2018;Prize;5P;Purple;;
Dodge_DemonChargerF9_2018;IAP;5P;Purple;;
Dodge_DemonChargerF9_2018;IAPSpecial;5P;Purple;;
Dodge_DemonChargerF9_2018;Collection;5P;Purple;;
Dodge_HavocChallenger_1970;Prize;5P;Purple;;
Dodge_HavocChallenger_1970;IAP;5P;Purple;;
Dodge_HavocChallenger_1970;IAPSpecial;5P;Purple;;
Dodge_HavocChallenger_1970;Collection;5P;Purple;;
Dodge_HPE1200Demon_2018;Prize;5P;Purple;;
Dodge_HPE1200Demon_2018;IAP;5P;Purple;;
Dodge_HPE1200Demon_2018;IAPSpecial;5P;Purple;;
Dodge_HPE1200Demon_2018;Collection;5P;Purple;;
Dodge_HPE1200DemonGold_2018;Prize;5G;Gold;;
Dodge_HPE1200DemonGold_2018;IAP;5G;Gold;;
Dodge_HPE1200DemonGold_2018;IAPSpecial;5G;Gold;;
Dodge_HPE1200DemonGold_2018;Collection;5G;Gold;;
Dodge_HPE1200DemonGold_2018;Gacha;5G;Gold;;
Dodge_RingbrosChargerCAPTIV_1969;Prize;5P;Purple;;
Dodge_RingbrosChargerCAPTIV_1969;IAP;5P;Purple;;
Dodge_RingbrosChargerCAPTIV_1969;IAPSpecial;5P;Purple;;
Dodge_RingbrosChargerCAPTIV_1969;Collection;5P;Purple;;
Dodge_RingbrothersChargerTUSK_1969;Prize;5P;Purple;;
Dodge_RingbrothersChargerTUSK_1969;IAP;5P;Purple;;
Dodge_RingbrothersChargerTUSK_1969;IAPSpecial;5P;Purple;;
Dodge_RingbrothersChargerTUSK_1969;Collection;5P;Purple;;
Dodge_SpeedShopCharger_1968;Prize;5P;Purple;;
Dodge_SpeedShopCharger_1968;IAP;5P;Purple;;
Dodge_SpeedShopCharger_1968;IAPSpecial;5P;Purple;;
Dodge_SpeedShopCharger_1968;Collection;5P;Purple;;
Dodge_SRTDemon170Reward_2023;Prize;5P;Purple;;
Dodge_SRTDemon170Reward_2023;IAP;5P;Purple;;
Dodge_SRTDemon170Reward_2023;IAPSpecial;5P;Purple;;
Dodge_SRTDemon170Reward_2023;Collection;5P;Purple;;
Dodge_SRTDemon170RewardRecycled_2023;Gacha;5G;Gold;;
Dodge_SRTDemon170RewardRecycled_2023;Collection;5G;Gold;;
Dodge_ViperACR_2009;Collection;5P;Purple;;
Dodge_ViperACR_2009;IAPSpecial;5P;Purple;;
Dodge_ViperACR_2009;IAP;5P;Purple;;
Dodge_ViperACR_2009;Prize;5P;Purple;;
Dodge_ViperACRCrew_2016;High_Stakes;5P;Purple;;
Dodge_ViperACRExtremeAeroPackage_2016;Prize;4G;Gold;;
Dodge_ViperACRExtremeAeroPackage_2016;IAP;4G;Gold;;
Dodge_ViperACRExtremeAeroPackage_2016;IAPSpecial;4G;Gold;;
Dodge_ViperACRExtremeAeroPackage_2016;Collection;4G;Gold;;
Dodge_ViperACRExtremeAeroPackage_2016;Gacha;4G;Gold;;
Dodge_ViperACRReward_2016;Prize;5P;Purple;;
Dodge_ViperACRReward_2016;IAP;5P;Purple;;
Dodge_ViperACRReward_2016;IAPSpecial;5P;Purple;;
Dodge_ViperACRReward_2016;Collection;5P;Purple;;
Dodge_ViperACRRewardRecycled_2016;Gacha;5G;Gold;;
Dodge_ViperACRRewardRecycled_2016;Collection;5G;Gold;;
Dodge_ViperACRRewardRecycled_2016;IAP;5G;Gold;;
Dodge_ViperACRVoodooII_2016;Prize;5P;Purple;;
Dodge_ViperACRVoodooII_2016;IAP;5P;Purple;;
Dodge_ViperACRVoodooII_2016;IAPSpecial;5P;Purple;;
Dodge_ViperACRVoodooII_2016;Collection;5P;Purple;;
Dodge_ViperGTS_1996;Prize;5P;Purple;;
Dodge_ViperGTS_1996;IAP;5P;Purple;;
Dodge_ViperGTS_1996;IAPSpecial;5P;Purple;;
Dodge_ViperGTS_1996;Collection;5P;Purple;;
Dodge_ViperGTS_2015;Collection;3G2B;Gold;3G2B;5G
Dodge_ViperGTS_2015;ShopCash;0G;Gold;3G2B;5G
Dodge_ViperGTS_2015;ShopGold;0G;Gold;3G2B;5G
Dodge_ViperGTS_2015;Gacha;3G2B;Gold;3G2B;5G
Dodge_ViperSnakeskinEditionGTC_2017;Prize;5P;Purple;;
Dodge_ViperSnakeskinEditionGTC_2017;IAP;5P;Purple;;
Dodge_ViperSnakeskinEditionGTC_2017;IAPSpecial;5P;Purple;;
Dodge_ViperSnakeskinEditionGTC_2017;Collection;5P;Purple;;
Dodge_ViperSR1LPClassic_1995;ShopGold;5B;Gold;5B;5P0B
Dodge_WidebodyChargerF9_1968;Prize;5P;Purple;;
Dodge_WidebodyChargerF9_1968;IAP;5P;Purple;;
Dodge_WidebodyChargerF9_1968;IAPSpecial;5P;Purple;;
Dodge_WidebodyChargerF9_1968;Collection;5P;Purple;;
Donkervoort_D8GTOReward_2015;Prize;5P;Purple;;
Donkervoort_D8GTOReward_2015;IAP;5P;Purple;;
Donkervoort_D8GTOReward_2015;IAPSpecial;5P;Purple;;
Donkervoort_D8GTOReward_2015;Collection;5P;Purple;;
Donkervoort_D8GTORewardRecycled_2015;Gacha;5G;Gold;;
Donkervoort_D8GTORewardRecycled_2015;Collection;5G;Gold;;
Ferrari_12CilindriReward_2024;Prize;5P;Purple;;
Ferrari_12CilindriReward_2024;IAP;5P;Purple;;
Ferrari_12CilindriReward_2024;IAPSpecial;5P;Purple;;
Ferrari_12CilindriReward_2024;Collection;5P;Purple;;
Ferrari_12CilindriRewardRecycled_2024;Gacha;5G;Gold;;
Ferrari_12CilindriRewardRecycled_2024;Collection;5G;Gold;;
Ferrari_12CilindriSpiderReward_2024;Prize;5P;Purple;;
Ferrari_12CilindriSpiderReward_2024;IAP;5P;Purple;;
Ferrari_12CilindriSpiderReward_2024;IAPSpecial;5P;Purple;;
Ferrari_12CilindriSpiderReward_2024;Collection;5P;Purple;;
Ferrari_12CilindriSpiderRewardRecycled_2024;Gacha;5G;Gold;;
Ferrari_12CilindriSpiderRewardRecycled_2024;Collection;5G;Gold;;
Ferrari_250GTOClassic_1962;ShopCash;3B;Gold;3B;3G
Ferrari_250GTOClassic_1962;ShopGold;3B;Gold;3B;3G
Ferrari_250GTOClassic_1962;Tutorial;3B;Gold;3B;3G
Ferrari_250GTOClassic_1962;GenericRewards;3B;Gold;3B;3G
Ferrari_250GTOClassic_1962;Prize;3B;Gold;3B;3G
Ferrari_288GTO_1985;Prize;5P;Purple;;
Ferrari_288GTO_1985;IAPSpecial;5P;Purple;;
Ferrari_288GTO_1985;IAP;5P;Purple;;
Ferrari_288GTO_1985;Collection;5P;Purple;;
Ferrari_296GTB_2022;Prize;5G;Gold;;
Ferrari_296GTB_2022;IAP;5G;Gold;;
Ferrari_296GTB_2022;IAPSpecial;5G;Gold;;
Ferrari_296GTB_2022;Collection;5G;Gold;;
Ferrari_296GTB_2022;Gacha;5G;Gold;;
Ferrari_296GTBAssettoFiorano_2022;Prize;5P;Purple;;
Ferrari_296GTBAssettoFiorano_2022;IAP;5P;Purple;;
Ferrari_296GTBAssettoFiorano_2022;IAPSpecial;5P;Purple;;
Ferrari_296GTBAssettoFiorano_2022;Collection;5P;Purple;;
Ferrari_296GTSReward_2023;Prize;5P;Purple;;
Ferrari_296GTSReward_2023;IAP;5P;Purple;;
Ferrari_296GTSReward_2023;IAPSpecial;5P;Purple;;
Ferrari_296GTSReward_2023;Collection;5P;Purple;;
Ferrari_296GTSRewardRecycled_2023;Gacha;5G;Gold;;
Ferrari_296GTSRewardRecycled_2023;Collection;5G;Gold;;
Ferrari_296SpecialeA_2026;IAPSpecial;5P;Purple;;
Ferrari_296SpecialeA_2026;IAP;5P;Purple;;
Ferrari_296SpecialeA_2026;Collection;5P;Purple;;
Ferrari_296SpecialeA_2026;Prize;5P;Purple;;
Ferrari_296SpecialeReward_2026;Prize;5P;Purple;;
Ferrari_296SpecialeReward_2026;IAP;5P;Purple;;
Ferrari_296SpecialeReward_2026;IAPSpecial;5P;Purple;;
Ferrari_296SpecialeReward_2026;Collection;5P;Purple;;
Ferrari_296SpecialeRewardRecycled_2026;Gacha;5G;Gold;;
Ferrari_296SpecialeRewardRecycled_2026;Collection;5G;Gold;;
Ferrari_458Speciale_2014;Prize;4G;Gold;;
Ferrari_458Speciale_2014;IAP;4G;Gold;;
Ferrari_458Speciale_2014;IAPSpecial;4G;Gold;;
Ferrari_458Speciale_2014;Collection;4G;Gold;;
Ferrari_458Speciale_2014;Gacha;4G;Gold;;
Ferrari_488GTB70thAnniversary_2015;Prize;5P;Purple;;
Ferrari_488GTB70thAnniversary_2015;IAP;5P;Purple;;
Ferrari_488GTB70thAnniversary_2015;IAPSpecial;5P;Purple;;
Ferrari_488GTB70thAnniversary_2015;Collection;5P;Purple;;
Ferrari_488GTModificata_2021;Prize;5P;Purple;;
Ferrari_488GTModificata_2021;IAP;5P;Purple;;
Ferrari_488GTModificata_2021;IAPSpecial;5P;Purple;;
Ferrari_488GTModificata_2021;Collection;5P;Purple;;
Ferrari_488PistaReward_2019;Prize;4P;Purple;;
Ferrari_488PistaReward_2019;IAP;4P;Purple;;
Ferrari_488PistaReward_2019;IAPSpecial;4P;Purple;;
Ferrari_488PistaReward_2019;Collection;4P;Purple;;
Ferrari_488PistaRewardRecycled_2019;IAP;4G;Gold;;
Ferrari_488PistaRewardRecycled_2019;Gacha;4G;Gold;;
Ferrari_488PistaRewardRecycled_2019;Collection;4G;Gold;;
Ferrari_488PistaSpiderReward_2019;Prize;4P;Purple;;
Ferrari_488PistaSpiderReward_2019;IAP;4P;Purple;;
Ferrari_488PistaSpiderReward_2019;IAPSpecial;4P;Purple;;
Ferrari_488PistaSpiderReward_2019;Collection;4P;Purple;;
Ferrari_488PistaSpiderRewardRecycled_2019;Gacha;5G;Gold;4G1B;5G
Ferrari_488PistaSpiderRewardRecycled_2019;Collection;5G;Gold;4G1B;5G
Ferrari_488Spider70thAnniversary_2015;Prize;5P;Purple;;
Ferrari_488Spider70thAnniversary_2015;IAP;5P;Purple;;
Ferrari_488Spider70thAnniversary_2015;IAPSpecial;5P;Purple;;
Ferrari_488Spider70thAnniversary_2015;Collection;5P;Purple;;
Ferrari_488Spider_2015;ShopCash;3G;Gold;;
Ferrari_488Spider_2015;ShopGold;3G;Gold;;
Ferrari_488Spider_2015;Collection;3G;Gold;;
Ferrari_488Spider_2015;Gacha;3G;Gold;;
Ferrari_512TR_1991;Prize;5P;Purple;;
Ferrari_512TR_1991;IAP;5P;Purple;;
Ferrari_512TR_1991;IAPSpecial;5P;Purple;;
Ferrari_512TR_1991;Collection;5P;Purple;;
Ferrari_599GTOReward_2010;Prize;4P;Purple;;
Ferrari_599GTOReward_2010;IAP;4P;Purple;;
Ferrari_599GTOReward_2010;IAPSpecial;4P;Purple;;
Ferrari_599GTOReward_2010;Collection;4P;Purple;;
Ferrari_599GTORewardRecycled_2010;Gacha;4G;Gold;;
Ferrari_599GTORewardRecycled_2010;Collection;4G;Gold;;
Ferrari_599XXEvoluzione_2011;Prize;5G;Gold;;
Ferrari_599XXEvoluzione_2011;IAP;5G;Gold;;
Ferrari_599XXEvoluzione_2011;IAPSpecial;5G;Gold;;
Ferrari_599XXEvoluzione_2011;Collection;5G;Gold;;
Ferrari_599XXEvoluzione_2011;Gacha;5G;Gold;;
Ferrari_599XXReward_2010;Prize;5P;Purple;;
Ferrari_599XXReward_2010;IAPSpecial;5P;Purple;;
Ferrari_599XXReward_2010;IAP;5P;Purple;;
Ferrari_599XXReward_2010;Collection;5P;Purple;;
Ferrari_599XXRewardRecycled_2010;Gacha;5G;Gold;;
Ferrari_812Competizione_2021;Prize;5P;Purple;;
Ferrari_812Competizione_2021;IAP;5P;Purple;;
Ferrari_812Competizione_2021;IAPSpecial;5P;Purple;;
Ferrari_812Competizione_2021;Collection;5P;Purple;;
Ferrari_812CompetizioneReward_2021;Prize;5P;Purple;;
Ferrari_812CompetizioneReward_2021;IAP;5P;Purple;;
Ferrari_812CompetizioneReward_2021;IAPSpecial;5P;Purple;;
Ferrari_812CompetizioneReward_2021;Collection;5P;Purple;;
Ferrari_812CompetizioneRewardRecycled_2021;Gacha;5G;Gold;;
Ferrari_812CompetizioneRewardRecycled_2021;Collection;5G;Gold;;
Ferrari_812GTSReward_2020;Prize;5P;Purple;;
Ferrari_812GTSReward_2020;IAP;5P;Purple;;
Ferrari_812GTSReward_2020;IAPSpecial;5P;Purple;;
Ferrari_812GTSReward_2020;Collection;5P;Purple;;
Ferrari_812GTSRewardRecycled_2020;Gacha;5G;Gold;;
Ferrari_812GTSRewardRecycled_2020;Collection;5G;Gold;;
Ferrari_812SuperfastReward_2018;Prize;5P;Purple;;
Ferrari_812SuperfastReward_2018;IAP;5P;Purple;;
Ferrari_812SuperfastReward_2018;IAPSpecial;5P;Purple;;
Ferrari_812SuperfastReward_2018;Collection;5P;Purple;;
Ferrari_812SuperfastRewardRecycled_2018;Gacha;5G;Gold;;
Ferrari_812SuperfastRewardRecycled_2018;Collection;5G;Gold;;
Ferrari_849Testarossa_2026;Prize;5P;Purple;;
Ferrari_849Testarossa_2026;IAPSpecial;5P;Purple;;
Ferrari_849Testarossa_2026;IAP;5P;Purple;;
Ferrari_849Testarossa_2026;Collection;5P;Purple;;
Ferrari_AmalfiReward_2027;Prize;5P;Purple;;
Ferrari_AmalfiReward_2027;IAP;5P;Purple;;
Ferrari_AmalfiReward_2027;IAPSpecial;5P;Purple;;
Ferrari_AmalfiReward_2027;Collection;5P;Purple;;
Ferrari_AmalfiRewardRecycled_2027;Gacha;5G;Gold;;
Ferrari_California30Reward_2012;Prize;5P;Purple;;
Ferrari_California30Reward_2012;IAP;5P;Purple;;
Ferrari_California30Reward_2012;IAPSpecial;5P;Purple;;
Ferrari_California30Reward_2012;Collection;5P;Purple;;
Ferrari_California30RewardRecycled_2012;Gacha;4G;Gold;;
Ferrari_California30RewardRecycled_2012;Collection;4G;Gold;;
Ferrari_CaliforniaT70thAnniversary_2015;Prize;5P;Purple;;
Ferrari_CaliforniaT70thAnniversary_2015;IAP;5P;Purple;;
Ferrari_CaliforniaT70thAnniversary_2015;IAPSpecial;5P;Purple;;
Ferrari_CaliforniaT70thAnniversary_2015;Collection;5P;Purple;;
Ferrari_DaytonaSP3_2022;Prize;5P;Purple;;
Ferrari_DaytonaSP3_2022;IAP;5P;Purple;;
Ferrari_DaytonaSP3_2022;IAPSpecial;5P;Purple;;
Ferrari_DaytonaSP3_2022;Collection;5P;Purple;;
Ferrari_Dino246GTS_1973;Prize;5P;Purple;;
Ferrari_Dino246GTS_1973;IAPSpecial;5P;Purple;;
Ferrari_Dino246GTS_1973;IAP;5P;Purple;;
Ferrari_Dino246GTS_1973;Collection;5P;Purple;;
Ferrari_Enzo_2002;Prize;5P;Purple;;
Ferrari_Enzo_2002;IAP;5P;Purple;;
Ferrari_Enzo_2002;IAPSpecial;5P;Purple;;
Ferrari_Enzo_2002;Collection;5P;Purple;;
Ferrari_EnzoGold_2002;Prize;5G;Gold;;
Ferrari_EnzoGold_2002;IAP;5G;Gold;;
Ferrari_EnzoGold_2002;IAPSpecial;5G;Gold;;
Ferrari_EnzoGold_2002;Collection;5G;Gold;;
Ferrari_EnzoGold_2002;Gacha;5G;Gold;;
Ferrari_F12berlinetta70thAnniversary_2014;Prize;5P;Purple;;
Ferrari_F12berlinetta70thAnniversary_2014;IAP;5P;Purple;;
Ferrari_F12berlinetta70thAnniversary_2014;IAPSpecial;5P;Purple;;
Ferrari_F12berlinetta70thAnniversary_2014;Collection;5P;Purple;;
Ferrari_F12berlinetta_2014;ShopCash;0G;Gold;;
Ferrari_F12berlinetta_2014;ShopGold;0G;Gold;;
Ferrari_F12berlinetta_2014;Gacha;3G;Gold;;
Ferrari_F12tdfReward_2016;Prize;5P;Purple;;
Ferrari_F12tdfReward_2016;IAP;5P;Purple;;
Ferrari_F12tdfReward_2016;IAPSpecial;5P;Purple;;
Ferrari_F12tdfReward_2016;Collection;5P;Purple;;
Ferrari_F12tdfRewardRecycled_2016;Gacha;5G;Gold;;
Ferrari_F12tdfRewardRecycled_2016;Collection;5G;Gold;;
Ferrari_F355Berlinetta_1994;Collection;5P;Purple;;
Ferrari_F355Berlinetta_1994;IAP;5P;Purple;;
Ferrari_F355Berlinetta_1994;Prize;5P;Purple;;
Ferrari_F355Berlinetta_1994;IAPSpecial;5P;Purple;;
Ferrari_F40Competizione_1989;Prize;5P;Purple;;
Ferrari_F40Competizione_1989;IAPSpecial;5P;Purple;;
Ferrari_F40Competizione_1989;IAP;5P;Purple;;
Ferrari_F40Competizione_1989;Collection;5P;Purple;;
Ferrari_F40Reward_1987;Prize;5P;Purple;;
Ferrari_F40Reward_1987;IAP;5P;Purple;;
Ferrari_F40Reward_1987;IAPSpecial;5P;Purple;;
Ferrari_F40Reward_1987;Collection;5P;Purple;;
Ferrari_F40RewardRecycled_1987;Gacha;5G;Gold;;
Ferrari_F40RewardRecycled_1987;Collection;5G;Gold;;
Ferrari_F430Scuderia_2008;Collection;5P;Purple;;
Ferrari_F430Scuderia_2008;IAP;5P;Purple;;
Ferrari_F430Scuderia_2008;Prize;5P;Purple;;
Ferrari_F430Scuderia_2008;IAPSpecial;5P;Purple;;
Ferrari_F50Crew_1995;High_Stakes;5P;Purple;;
Ferrari_F50CrewRecycled_1995;Prize;4G;Gold;;
Ferrari_F50CrewRecycled_1995;IAP;4G;Gold;;
Ferrari_F50CrewRecycled_1995;IAPSpecial;4G;Gold;;
Ferrari_F50CrewRecycled_1995;Collection;4G;Gold;;
Ferrari_F50CrewRecycled_1995;Gacha;4G;Gold;;
Ferrari_F50GT_1996;Prize;5P;Purple;;
Ferrari_F50GT_1996;IAP;5P;Purple;;
Ferrari_F50GT_1996;IAPSpecial;5P;Purple;;
Ferrari_F50GT_1996;Collection;5P;Purple;;
Ferrari_F8SpiderReward_2020;Prize;5P;Purple;;
Ferrari_F8SpiderReward_2020;IAP;5P;Purple;;
Ferrari_F8SpiderReward_2020;IAPSpecial;5P;Purple;;
Ferrari_F8SpiderReward_2020;Collection;5P;Purple;;
Ferrari_F8SpiderRewardRecycled_2020;Gacha;5G;Gold;;
Ferrari_F8SpiderRewardRecycled_2020;Collection;5G;Gold;;
Ferrari_F8TributoReward_2020;Prize;5P;Purple;;
Ferrari_F8TributoReward_2020;IAP;5P;Purple;;
Ferrari_F8TributoReward_2020;IAPSpecial;5P;Purple;;
Ferrari_F8TributoReward_2020;Collection;5P;Purple;;
Ferrari_F8TributoRewardRecycled_2020;Gacha;5G;Gold;;
Ferrari_F8TributoRewardRecycled_2020;Collection;5G;Gold;;
Ferrari_FXXEvoluzione_2008;Prize;5P;Purple;;
Ferrari_FXXEvoluzione_2008;IAP;5P;Purple;;
Ferrari_FXXEvoluzione_2008;IAPSpecial;5P;Purple;;
Ferrari_FXXEvoluzione_2008;Collection;5P;Purple;;
Ferrari_FXXKEvo_2018;Prize;5G;Gold;;
Ferrari_FXXKEvo_2018;IAP;5G;Gold;;
Ferrari_FXXKEvo_2018;IAPSpecial;5G;Gold;;
Ferrari_FXXKEvo_2018;Collection;5G;Gold;;
Ferrari_FXXKEvo_2018;Gacha;5G;Gold;;
Ferrari_FXXKReward_2014;Prize;5P;Purple;;
Ferrari_FXXKReward_2014;IAP;5P;Purple;;
Ferrari_FXXKReward_2014;IAPSpecial;5P;Purple;;
Ferrari_FXXKReward_2014;Collection;5P;Purple;;
Ferrari_FXXKRewardRecycled_2014;Gacha;5G;Gold;;
Ferrari_FXXKRewardRecycled_2014;Collection;5G;Gold;;
Ferrari_GTC4Lusso70thAnniversary_2016;Prize;5P;Purple;;
Ferrari_GTC4Lusso70thAnniversary_2016;IAP;5P;Purple;;
Ferrari_GTC4Lusso70thAnniversary_2016;IAPSpecial;5P;Purple;;
Ferrari_GTC4Lusso70thAnniversary_2016;Collection;5P;Purple;;
Ferrari_GTC4LussoReward_2016;Prize;4P;Purple;;
Ferrari_GTC4LussoReward_2016;IAP;4P;Purple;;
Ferrari_GTC4LussoReward_2016;IAPSpecial;4P;Purple;;
Ferrari_GTC4LussoReward_2016;Collection;4P;Purple;;
Ferrari_GTC4LussoRewardRecycled_2016;Gacha;4G;Gold;;
Ferrari_GTC4LussoRewardRecycled_2016;Collection;4G;Gold;;
Ferrari_LaFerrari_2014;Prize;5G;Gold;;
Ferrari_LaFerrari_2014;IAP;5G;Gold;;
Ferrari_LaFerrari_2014;IAPSpecial;5G;Gold;;
Ferrari_LaFerrari_2014;Collection;5G;Gold;;
Ferrari_LaFerrari_2014;Gacha;5G;Gold;;
Ferrari_LaFerrariAperta70thAnniversary_2017;Prize;5P;Purple;;
Ferrari_LaFerrariAperta70thAnniversary_2017;IAP;5P;Purple;;
Ferrari_LaFerrariAperta70thAnniversary_2017;IAPSpecial;5P;Purple;;
Ferrari_LaFerrariAperta70thAnniversary_2017;Collection;5P;Purple;;
Ferrari_LaFerrariAperta_2017;Prize;5G;Gold;;
Ferrari_LaFerrariAperta_2017;IAP;5G;Gold;;
Ferrari_LaFerrariAperta_2017;IAPSpecial;5G;Gold;;
Ferrari_LaFerrariAperta_2017;Collection;5G;Gold;;
Ferrari_LaFerrariAperta_2017;Gacha;5G;Gold;;
Ferrari_MonzaReward_2019;Prize;5P;Purple;;
Ferrari_MonzaReward_2019;IAP;5P;Purple;;
Ferrari_MonzaReward_2019;IAPSpecial;5P;Purple;;
Ferrari_MonzaReward_2019;Collection;5P;Purple;;
Ferrari_MonzaRewardRecycled_2019;Gacha;5G;Gold;;
Ferrari_MonzaRewardRecycled_2019;Collection;5G;Gold;;
Ferrari_MV512Testarossa_1986;Prize;5P;Purple;;
Ferrari_MV512Testarossa_1986;IAPSpecial;5P;Purple;;
Ferrari_MV512Testarossa_1986;IAP;5P;Purple;;
Ferrari_MV512Testarossa_1986;Collection;5P;Purple;;
Ferrari_PortofinoReward_2018;Prize;4P;Purple;;
Ferrari_PortofinoReward_2018;IAP;4P;Purple;;
Ferrari_PortofinoReward_2018;IAPSpecial;4P;Purple;;
Ferrari_PortofinoReward_2018;Collection;4P;Purple;;
Ferrari_PortofinoRewardRecycled_2018;Gacha;4G;Gold;;
Ferrari_PortofinoRewardRecycled_2018;Collection;4G;Gold;;
Ferrari_PurosangueReward_2023;Prize;5P;Purple;;
Ferrari_PurosangueReward_2023;IAP;5P;Purple;;
Ferrari_PurosangueReward_2023;IAPSpecial;5P;Purple;;
Ferrari_PurosangueReward_2023;Collection;5P;Purple;;
Ferrari_PurosangueRewardRecycled_2023;Gacha;5G;Gold;;
Ferrari_PurosangueRewardRecycled_2023;Collection;5G;Gold;;
Ferrari_RomaReward_2020;Prize;5P;Purple;;
Ferrari_RomaReward_2020;IAP;5P;Purple;;
Ferrari_RomaReward_2020;IAPSpecial;5P;Purple;;
Ferrari_RomaReward_2020;Collection;5P;Purple;;
Ferrari_RomaRewardRecycled_2020;Gacha;5G;Gold;;
Ferrari_RomaRewardRecycled_2020;Collection;5G;Gold;;
Ferrari_SF90SpiderReward_2021;Prize;5P;Purple;;
Ferrari_SF90SpiderReward_2021;IAP;5P;Purple;;
Ferrari_SF90SpiderReward_2021;IAPSpecial;5P;Purple;;
Ferrari_SF90SpiderReward_2021;Collection;5P;Purple;;
Ferrari_SF90SpiderRewardRecycled_2021;Gacha;5G;Gold;;
Ferrari_SF90SpiderRewardRecycled_2021;Collection;5G;Gold;;
Ferrari_SF90Stradale_2020;Prize;5P;Purple;;
Ferrari_SF90Stradale_2020;IAP;5P;Purple;;
Ferrari_SF90Stradale_2020;IAPSpecial;5P;Purple;;
Ferrari_SF90Stradale_2020;Collection;5P;Purple;;
Ferrari_SF90StradaleAssettoFiorano_2021;Prize;5P;Purple;;
Ferrari_SF90StradaleAssettoFiorano_2021;IAP;5P;Purple;;
Ferrari_SF90StradaleAssettoFiorano_2021;IAPSpecial;5P;Purple;;
Ferrari_SF90StradaleAssettoFiorano_2021;Collection;5P;Purple;;
Ferrari_SF90StradaleAssettoFioranoF175_2021;Prize;5P;Purple;;
Ferrari_SF90StradaleAssettoFioranoF175_2021;IAP;5P;Purple;;
Ferrari_SF90StradaleAssettoFioranoF175_2021;IAPSpecial;5P;Purple;;
Ferrari_SF90StradaleAssettoFioranoF175_2021;Collection;5P;Purple;;
Ferrari_SF90StradaleGold_2020;Prize;5G;Gold;;
Ferrari_SF90StradaleGold_2020;IAP;5G;Gold;;
Ferrari_SF90StradaleGold_2020;IAPSpecial;5G;Gold;;
Ferrari_SF90StradaleGold_2020;Collection;5G;Gold;;
Ferrari_SF90StradaleGold_2020;Gacha;5G;Gold;;
Ferrari_SF90XXSpiderReward_2024;Prize;5P;Purple;;
Ferrari_SF90XXSpiderReward_2024;IAP;5P;Purple;;
Ferrari_SF90XXSpiderReward_2024;IAPSpecial;5P;Purple;;
Ferrari_SF90XXSpiderReward_2024;Collection;5P;Purple;;
Ferrari_SF90XXSpiderRewardRecycled_2024;Gacha;5G;Gold;;
Ferrari_SF90XXSpiderRewardRecycled_2024;Collection;5G;Gold;;
Ferrari_SF90XXStradale_2024;Prize;5P;Purple;;
Ferrari_SF90XXStradale_2024;IAP;5P;Purple;;
Ferrari_SF90XXStradale_2024;IAPSpecial;5P;Purple;;
Ferrari_SF90XXStradale_2024;Collection;5P;Purple;;
FnF_FlipCar_2013;Prize;5P;Purple;;
FnF_FlipCar_2013;IAP;5P;Purple;;
FnF_FlipCar_2013;IAPSpecial;5P;Purple;;
FnF_FlipCar_2013;Collection;5P;Purple;;
FnF_SupraMKIVF2_1994;Prize;5P;Purple;;
FnF_SupraMKIVF2_1994;IAP;5P;Purple;;
FnF_SupraMKIVF2_1994;IAPSpecial;5P;Purple;;
FnF_SupraMKIVF2_1994;Collection;5P;Purple;;
Ford_Durty30_2016;Prize;5G;Gold;;
Ford_Durty30_2016;IAP;5G;Gold;;
Ford_Durty30_2016;IAPSpecial;5G;Gold;;
Ford_Durty30_2016;Collection;5G;Gold;;
Ford_Durty30_2016;Gacha;5G;Gold;;
Ford_Durty30Gold_2016;Prize;5P;Purple;;
Ford_Durty30Gold_2016;IAP;5P;Purple;;
Ford_Durty30Gold_2016;IAPSpecial;5P;Purple;;
Ford_Durty30Gold_2016;Collection;5P;Purple;;
Ford_DutchboysTorino_1969;Collection;5P;Purple;;
Ford_DutchboysTorino_1969;Prize;5P;Purple;;
Ford_DutchboysTorino_1969;IAPSpecial;5P;Purple;;
Ford_DutchboysTorino_1969;IAP;5P;Purple;;
Ford_EscortMk1RS2000LPClassic_1973;ShopGold;5B;Gold;5B;5P
Ford_EscortMk1RS2000LPClassic_1973;Unknown;5B;Gold;5B;5P
Ford_EscortMKIF6_1970;Prize;5P;Purple;;
Ford_EscortMKIF6_1970;IAP;5P;Purple;;
Ford_EscortMKIF6_1970;IAPSpecial;5P;Purple;;
Ford_EscortMKIF6_1970;Collection;5P;Purple;;
Ford_EscortRSCosworthCossieV2_1994;Prize;5P;Purple;;
Ford_EscortRSCosworthCossieV2_1994;IAP;5P;Purple;;
Ford_EscortRSCosworthCossieV2_1994;IAPSpecial;5P;Purple;;
Ford_EscortRSCosworthCossieV2_1994;Collection;5P;Purple;;
Ford_F150Hoonitruck_1977;Prize;5P;Purple;;
Ford_F150Hoonitruck_1977;IAP;5P;Purple;;
Ford_F150Hoonitruck_1977;IAPSpecial;5P;Purple;;
Ford_F150Hoonitruck_1977;Collection;5P;Purple;;
Ford_F150SVTRaptor_2014;Prize;3G;Gold;3G;3G
Ford_F150SVTRaptor_2014;IAP;3G;Gold;3G;3G
Ford_F150SVTRaptor_2014;IAPSpecial;3G;Gold;3G;3G
Ford_F150SVTRaptor_2014;Collection;3G;Gold;3G;3G
Ford_F150SVTRaptor_2014;ShopGold;3G;Gold;3G;3G
Ford_F150SVTRaptor_2014;Gacha;3G;Gold;3G;3G
Ford_F150SVTRaptor_2014;ShopCash;3G;Gold;3G;3G
Ford_F150SVTRaptorElite_2014;High_Stakes;3P;Purple;;
Ford_FiestaST_2016;ShopCash;0G;Gold;;
Ford_FiestaST_2016;ShopGold;0G;Gold;;
Ford_FiestaST_2016;Gacha;1G;Gold;;
Ford_FiestaST_2016;Tutorial;0G;Gold;;
Ford_FocusRS_2017;ShopGold;0G;Gold;;
Ford_FocusRS_2017;Gacha;1G;Gold;;
Ford_FocusRSElite_2017;High_Stakes;3P;Purple;;
Ford_FocusSTCrew_2014;High_Stakes;3P;Purple;;
Ford_FocusSTCrewRecycled_2014;Prize;2G;Gold;;
Ford_FocusSTCrewRecycled_2014;IAP;2G;Gold;;
Ford_FocusSTCrewRecycled_2014;IAPSpecial;2G;Gold;;
Ford_FocusSTCrewRecycled_2014;Collection;2G;Gold;;
Ford_FocusSTCrewRecycled_2014;Gacha;2G;Gold;;
Ford_GT40MkII1_1966;Prize;5P;Purple;;
Ford_GT40MkII1_1966;IAP;5P;Purple;;
Ford_GT40MkII1_1966;IAPSpecial;5P;Purple;;
Ford_GT40MkII1_1966;Collection;5P;Purple;;
Ford_GT40MkII_1966;ShopCash;5B;Gold;5B;5G
Ford_GT40MkII_1966;ShopGold;5B;Gold;5B;5G
Ford_GT40MkII_1966;Gacha;5B;Gold;5B;5G
Ford_GT_2005;Prize;5G;Gold;;
Ford_GT_2005;IAP;5G;Gold;;
Ford_GT_2005;IAPSpecial;5G;Gold;;
Ford_GT_2005;Collection;5G;Gold;;
Ford_GT_2005;Gacha;5G;Gold;;
Ford_GTDaytonaHeritageEdition_2021;Prize;5P;Purple;;
Ford_GTDaytonaHeritageEdition_2021;IAP;5P;Purple;;
Ford_GTDaytonaHeritageEdition_2021;IAPSpecial;5P;Purple;;
Ford_GTDaytonaHeritageEdition_2021;Collection;5P;Purple;;
Ford_GTElite_2017;High_Stakes;5P;Purple;;
Ford_GTHeritageEdition_2005;Prize;5P;Purple;;
Ford_GTHeritageEdition_2005;IAP;5P;Purple;;
Ford_GTHeritageEdition_2005;IAPSpecial;5P;Purple;;
Ford_GTHeritageEdition_2005;Collection;5P;Purple;;
Ford_GTHeritageEdition_2017;Prize;5P;Purple;;
Ford_GTHeritageEdition_2017;IAP;5P;Purple;;
Ford_GTHeritageEdition_2017;IAPSpecial;5P;Purple;;
Ford_GTHeritageEdition_2017;Collection;5P;Purple;;
Ford_GTLeMansRacecar_2016;Prize;5P;Purple;;
Ford_GTLeMansRacecar_2016;IAP;5P;Purple;;
Ford_GTLeMansRacecar_2016;IAPSpecial;5P;Purple;;
Ford_GTLeMansRacecar_2016;Collection;5P;Purple;;
Ford_GTMk4_2024;Prize;5P;Purple;;
Ford_GTMk4_2024;IAP;5P;Purple;;
Ford_GTMk4_2024;IAPSpecial;5P;Purple;;
Ford_GTMk4_2024;Collection;5P;Purple;;
Ford_GTReward_2017;Prize;4P;Purple;;
Ford_GTReward_2017;IAP;4P;Purple;;
Ford_GTReward_2017;IAPSpecial;4P;Purple;;
Ford_GTReward_2017;Collection;4P;Purple;;
Ford_GTRewardRecycled66_2017;Gacha;4G;Gold;;
Ford_GTRewardRecycled66_2017;Collection;4G;Gold;;
Ford_GTRewardRecycled66_2017;IAP;4G;Gold;;
Ford_GTRewardRecycled_2017;Gacha;4G;Gold;;
Ford_GTRewardRecycled_2017;Collection;4G;Gold;;
Ford_Mustang302_1970;ShopCash;0G;Gold;1G2B;3G
Ford_Mustang302_1970;ShopGold;0G;Gold;1G2B;3G
Ford_Mustang302_1970;Gacha;1G;Gold;1G2B;3G
Ford_Mustang302_1970;Tutorial;1G;Gold;1G2B;3G
Ford_MustangCobraJet_2019;Prize;5G;Gold;;
Ford_MustangCobraJet_2019;IAP;5G;Gold;;
Ford_MustangCobraJet_2019;IAPSpecial;5G;Gold;;
Ford_MustangCobraJet_2019;Collection;5G;Gold;;
Ford_MustangCobraJet_2019;Gacha;5G;Gold;;
Ford_MustangCobraJetVIP_2019;Prize;5P;Purple;;
Ford_MustangCobraJetVIP_2019;IAP;5P;Purple;;
Ford_MustangCobraJetVIP_2019;IAPSpecial;5P;Purple;;
Ford_MustangCobraJetVIP_2019;Collection;5P;Purple;;
Ford_MustangDarkHorse_2024;Prize;5P;Purple;;
Ford_MustangDarkHorse_2024;IAP;5P;Purple;;
Ford_MustangDarkHorse_2024;IAPSpecial;5P;Purple;;
Ford_MustangDarkHorse_2024;Collection;5P;Purple;;
Ford_MustangDarkHorseSCReward_2025;Prize;5P;Purple;;
Ford_MustangDarkHorseSCReward_2025;IAP;5P;Purple;;
Ford_MustangDarkHorseSCReward_2025;IAPSpecial;5P;Purple;;
Ford_MustangDarkHorseSCReward_2025;Collection;5P;Purple;;
Ford_MustangDarkHorseSCRewardRecycled_2025;Gacha;5G;Gold;;
Ford_MustangF3_1967;Prize;5P;Purple;;
Ford_MustangF3_1967;IAP;5P;Purple;;
Ford_MustangF3_1967;IAPSpecial;5P;Purple;;
Ford_MustangF3_1967;Collection;5P;Purple;;
Ford_MustangFoxbodyF9_1987;Prize;5P;Purple;;
Ford_MustangFoxbodyF9_1987;IAP;5P;Purple;;
Ford_MustangFoxbodyF9_1987;IAPSpecial;5P;Purple;;
Ford_MustangFoxbodyF9_1987;Collection;5P;Purple;;
Ford_MustangGT350F9_2016;Prize;5P;Purple;;
Ford_MustangGT350F9_2016;IAP;5P;Purple;;
Ford_MustangGT350F9_2016;IAPSpecial;5P;Purple;;
Ford_MustangGT350F9_2016;Collection;5P;Purple;;
Ford_MustangGT_2024;Prize;5G;Gold;;
Ford_MustangGT_2024;IAP;5G;Gold;;
Ford_MustangGT_2024;IAPSpecial;5G;Gold;;
Ford_MustangGT_2024;Collection;5G;Gold;;
Ford_MustangGT_2024;Gacha;5G;Gold;;
Ford_MustangGTD_2025;Prize;5P;Purple;;
Ford_MustangGTD_2025;IAP;5P;Purple;;
Ford_MustangGTD_2025;IAPSpecial;5P;Purple;;
Ford_MustangGTD_2025;Collection;5P;Purple;;
Ford_MustangGTFastbackTNR_2018;IAP;5P;Purple;5B;5P
Ford_MustangGTFastbackTNR_2018;Gacha;5P;Purple;5B;5P
Ford_MustangGTFastbackTNR_2018;Collection;5P;Purple;5B;5P
Ford_MustangGTHoonicornV1_1965;Prize;5P;Purple;;
Ford_MustangGTHoonicornV1_1965;IAP;5P;Purple;;
Ford_MustangGTHoonicornV1_1965;IAPSpecial;5P;Purple;;
Ford_MustangGTHoonicornV1_1965;Collection;5P;Purple;;
Ford_MustangGTHoonicornV2_1965;Prize;5P;Purple;;
Ford_MustangGTHoonicornV2_1965;IAP;5P;Purple;;
Ford_MustangGTHoonicornV2_1965;IAPSpecial;5P;Purple;;
Ford_MustangGTHoonicornV2_1965;Collection;5P;Purple;;
Ford_MustangGTHPE750Silver_2015;Prize;4G;Gold;;
Ford_MustangGTHPE750Silver_2015;IAP;4G;Gold;;
Ford_MustangGTHPE750Silver_2015;IAPSpecial;4G;Gold;;
Ford_MustangGTHPE750Silver_2015;Collection;4G;Gold;;
Ford_MustangGTHPE750Silver_2015;Gacha;4G;Gold;;
Ford_MustangGTPremium_2015;ShopCash;0G;Gold;2G2B;4G
Ford_MustangGTPremium_2015;ShopGold;0G;Gold;2G2B;4G
Ford_MustangGTPremium_2015;Gacha;2G2B;Gold;2G2B;4G
Ford_MustangGTPremiumBoss_2015;High_Stakes;4P;Purple;;
Ford_MustangGTPremiumElite_2015;High_Stakes;5P;Purple;;
Ford_MustangGTPremiumElite_2015;High_Stakes;5P;Purple;;
Ford_MustangMach1_2021;Prize;4G;Gold;;
Ford_MustangMach1_2021;IAP;4G;Gold;;
Ford_MustangMach1_2021;IAPSpecial;4G;Gold;;
Ford_MustangMach1_2021;Collection;4G;Gold;;
Ford_MustangMach1_2021;Gacha;4G;Gold;;
Ford_MustangMachE1400_2021;Prize;5P;Purple;;
Ford_MustangMachE1400_2021;IAP;5P;Purple;;
Ford_MustangMachE1400_2021;IAPSpecial;5P;Purple;;
Ford_MustangMachE1400_2021;Collection;5P;Purple;;
Ford_MustangMachEGTReward_2021;Prize;5P;Purple;;
Ford_MustangMachEGTReward_2021;IAP;5P;Purple;;
Ford_MustangMachEGTReward_2021;IAPSpecial;5P;Purple;;
Ford_MustangMachEGTReward_2021;Collection;5P;Purple;;
Ford_MustangMachEGTRewardRecycled_2021;Gacha;5G;Gold;;
Ford_MustangMachEGTRewardRecycled_2021;Collection;5G;Gold;;
Ford_MustangNASCAR_2022;Prize;5P;Purple;;
Ford_MustangNASCAR_2022;IAP;5P;Purple;;
Ford_MustangNASCAR_2022;IAPSpecial;5P;Purple;;
Ford_MustangNASCAR_2022;Collection;5P;Purple;;
Ford_MustangRTRSpec3_2019;Prize;4G;Gold;;
Ford_MustangRTRSpec3_2019;IAP;4G;Gold;;
Ford_MustangRTRSpec3_2019;IAPSpecial;4G;Gold;;
Ford_MustangRTRSpec3_2019;Collection;4G;Gold;;
Ford_MustangRTRSpec3_2019;Gacha;4G;Gold;;
Ford_MustangRTRSPEC5_2019;Prize;5P;Purple;;
Ford_MustangRTRSPEC5_2019;IAP;5P;Purple;;
Ford_MustangRTRSPEC5_2019;IAPSpecial;5P;Purple;;
Ford_MustangRTRSPEC5_2019;Collection;5P;Purple;;
Ford_MustangShelbyGT350LPClassic_1965;Unknown;5P;Purple;5B;5P
Ford_MustangShelbyGT500Reward_2019;Prize;5P;Purple;;
Ford_MustangShelbyGT500Reward_2019;IAP;5P;Purple;;
Ford_MustangShelbyGT500Reward_2019;IAPSpecial;5P;Purple;;
Ford_MustangShelbyGT500Reward_2019;Collection;5P;Purple;;
Ford_MustangShelbyGT500RewardRecycled_2019;Gacha;5G;Gold;;
Ford_MustangShelbyGT500RewardRecycled_2019;Collection;5G;Gold;;
Ford_MustangSVTCobraRLPClassic_1993;ShopGold;5B;Gold;5B;5P
Ford_RadRidesTroyRoadster_1936;Prize;5P;Purple;;
Ford_RadRidesTroyRoadster_1936;IAPSpecial;5P;Purple;;
Ford_RadRidesTroyRoadster_1936;IAP;5P;Purple;;
Ford_RadRidesTroyRoadster_1936;Collection;5P;Purple;;
Ford_RingbrothersMustang_1969;Prize;5P;Purple;;
Ford_RingbrothersMustang_1969;IAP;5P;Purple;;
Ford_RingbrothersMustang_1969;IAPSpecial;5P;Purple;;
Ford_RingbrothersMustang_1969;Collection;5P;Purple;;
Ford_RingbrothersMustangMach1_1969;Prize;5P;Purple;;
Ford_RingbrothersMustangMach1_1969;IAP;5P;Purple;;
Ford_RingbrothersMustangMach1_1969;IAPSpecial;5P;Purple;;
Ford_RingbrothersMustangMach1_1969;Collection;5P;Purple;;
Ford_RoushStage3Mustang_1996;Prize;5P;Purple;;
Ford_RoushStage3Mustang_1996;IAP;5P;Purple;;
Ford_RoushStage3Mustang_1996;IAPSpecial;5P;Purple;;
Ford_RoushStage3Mustang_1996;Collection;5P;Purple;;
Ford_ROUSHStage3Mustang_2019;Prize;4G;Gold;;
Ford_ROUSHStage3Mustang_2019;IAP;4G;Gold;;
Ford_ROUSHStage3Mustang_2019;IAPSpecial;4G;Gold;;
Ford_ROUSHStage3Mustang_2019;Collection;4G;Gold;;
Ford_ROUSHStage3Mustang_2019;Gacha;4G;Gold;;
Ford_RuffianGalaxie500_1964;Prize;5P;Purple;;
Ford_RuffianGalaxie500_1964;IAP;5P;Purple;;
Ford_RuffianGalaxie500_1964;IAPSpecial;5P;Purple;;
Ford_RuffianGalaxie500_1964;Collection;5P;Purple;;
Ford_RuffianGT40_1966;Prize;5P;Purple;;
Ford_RuffianGT40_1966;IAP;5P;Purple;;
Ford_RuffianGT40_1966;IAPSpecial;5P;Purple;;
Ford_RuffianGT40_1966;Collection;5P;Purple;;
Ford_RuffianMustang_1970;Prize;5P;Purple;;
Ford_RuffianMustang_1970;IAP;5P;Purple;;
Ford_RuffianMustang_1970;IAPSpecial;5P;Purple;;
Ford_RuffianMustang_1970;Collection;5P;Purple;;
Ford_RuffianMustangFIAFastback_1967;Prize;5P;Purple;;
Ford_RuffianMustangFIAFastback_1967;IAP;5P;Purple;;
Ford_RuffianMustangFIAFastback_1967;IAPSpecial;5P;Purple;;
Ford_RuffianMustangFIAFastback_1967;Collection;5P;Purple;;
Ford_ShelbyGT350R_2016;Prize;5G;Gold;;
Ford_ShelbyGT350R_2016;IAP;5G;Gold;;
Ford_ShelbyGT350R_2016;IAPSpecial;5G;Gold;;
Ford_ShelbyGT350R_2016;Collection;5G;Gold;;
Ford_ShelbyGT350R_2016;Gacha;5G;Gold;;
Ford_ShelbyGT350RElite_2016;High_Stakes;5P;Purple;;
Ford_SpeedShopF100_1956;Prize;5P;Purple;;
Ford_SpeedShopF100_1956;IAP;5P;Purple;;
Ford_SpeedShopF100_1956;IAPSpecial;5P;Purple;;
Ford_SpeedShopF100_1956;Collection;5P;Purple;;
Ford_Supervan4_2022;Prize;5P;Purple;;
Ford_Supervan4_2022;IAP;5P;Purple;;
Ford_Supervan4_2022;IAPSpecial;5P;Purple;;
Ford_Supervan4_2022;Collection;5P;Purple;;
Ford_WeaverCustomsModelAElite_1931;High_Stakes;5P;Purple;;
Ford_WeaverCustomsModelALB_1931;Prize;5P;Purple;;
Ford_WeaverCustomsModelALB_1931;IAP;5P;Purple;;
Ford_WeaverCustomsModelALB_1931;IAPSpecial;5P;Purple;;
Ford_WeaverCustomsModelALB_1931;Collection;5P;Purple;;
Ford_WeaverCustomsModelAMS_1931;Prize;5P;Purple;;
Ford_WeaverCustomsModelAMS_1931;IAP;5P;Purple;;
Ford_WeaverCustomsModelAMS_1931;IAPSpecial;5P;Purple;;
Ford_WeaverCustomsModelAMS_1931;Collection;5P;Purple;;
Ford_WeaverCustomsMustangFastback_1968;Prize;5P;Purple;;
Ford_WeaverCustomsMustangFastback_1968;IAP;5P;Purple;;
Ford_WeaverCustomsMustangFastback_1968;IAPSpecial;5P;Purple;;
Ford_WeaverCustomsMustangFastback_1968;Collection;5P;Purple;;
FSD_ConceptCar_2027;Prize;5P;Purple;;
FSD_ConceptCar_2027;IAPSpecial;5P;Purple;;
FSD_ConceptCar_2027;Collection;5P;Purple;;
FSD_ConceptCar_2027;IAP;5P;Purple;;
Ginetta_Akula_2019;Prize;5P;Purple;;
Ginetta_Akula_2019;IAP;5P;Purple;;
Ginetta_Akula_2019;IAPSpecial;5P;Purple;;
Ginetta_Akula_2019;Collection;5P;Purple;;
Ginetta_AkulaGold_2019;Prize;5G;Gold;;
Ginetta_AkulaGold_2019;IAP;5G;Gold;;
Ginetta_AkulaGold_2019;IAPSpecial;5G;Gold;;
Ginetta_AkulaGold_2019;Collection;5G;Gold;;
Ginetta_AkulaGold_2019;Gacha;5G;Gold;;
GTA_SpanoCrew_2015;High_Stakes;5P;Purple;;
GTA_SpanoCrewRecycled_2015;Prize;5G;Gold;;
GTA_SpanoCrewRecycled_2015;IAP;5G;Gold;;
GTA_SpanoCrewRecycled_2015;IAPSpecial;5G;Gold;;
GTA_SpanoCrewRecycled_2015;Collection;5G;Gold;;
GTA_SpanoCrewRecycled_2015;Gacha;5G;Gold;;
Hennessey_CamaroExorcistReward_2017;Prize;5P;Purple;;
Hennessey_CamaroExorcistReward_2017;IAP;5P;Purple;;
Hennessey_CamaroExorcistReward_2017;IAPSpecial;5P;Purple;;
Hennessey_CamaroExorcistReward_2017;Collection;5P;Purple;;
Hennessey_CamaroExorcistRewardRecycled_2017;Gacha;5G;Gold;;
Hennessey_CamaroExorcistRewardRecycled_2017;Collection;5G;Gold;;
Hennessey_CamaroTheResurrection_2017;Prize;5P;Purple;;
Hennessey_CamaroTheResurrection_2017;IAP;5P;Purple;;
Hennessey_CamaroTheResurrection_2017;IAPSpecial;5P;Purple;;
Hennessey_CamaroTheResurrection_2017;Collection;5P;Purple;;
Hennessey_VenomF5_2020;Prize;5P;Purple;;
Hennessey_VenomF5_2020;IAP;5P;Purple;;
Hennessey_VenomF5_2020;IAPSpecial;5P;Purple;;
Hennessey_VenomF5_2020;Collection;5P;Purple;;
Hennessey_VenomF5_2021;Prize;5P;Purple;;
Hennessey_VenomF5_2021;IAP;5P;Purple;;
Hennessey_VenomF5_2021;IAPSpecial;5P;Purple;;
Hennessey_VenomF5_2021;Collection;5P;Purple;;
Hennessey_VenomF5Gold_2020;Prize;5G;Gold;;
Hennessey_VenomF5Gold_2020;IAP;5G;Gold;;
Hennessey_VenomF5Gold_2020;IAPSpecial;5G;Gold;;
Hennessey_VenomF5Gold_2020;Collection;5G;Gold;;
Hennessey_VenomF5Gold_2020;Gacha;5G;Gold;;
Hennessey_VenomF5Revolution_2023;Prize;5P;Purple;;
Hennessey_VenomF5Revolution_2023;IAPSpecial;5P;Purple;;
Hennessey_VenomF5Revolution_2023;Collection;5P;Purple;;
Hennessey_VenomF5Revolution_2023;IAP;5P;Purple;;
Hennessey_VenomF5RoadsterReward_2023;Prize;5P;Purple;;
Hennessey_VenomF5RoadsterReward_2023;IAP;5P;Purple;;
Hennessey_VenomF5RoadsterReward_2023;IAPSpecial;5P;Purple;;
Hennessey_VenomF5RoadsterReward_2023;Collection;5P;Purple;;
Hennessey_VenomF5RoadsterRewardRecycled_2023;Gacha;5G;Gold;;
Hennessey_VenomF5RoadsterRewardRecycled_2023;Collection;5G;Gold;;
Hennessey_VenomGT_2012;Prize;4G;Gold;;
Hennessey_VenomGT_2012;IAP;4G;Gold;;
Hennessey_VenomGT_2012;IAPSpecial;4G;Gold;;
Hennessey_VenomGT_2012;Collection;4G;Gold;;
Hennessey_VenomGT_2012;Gacha;4G;Gold;;
Hennessey_VenomGTSpyderReward_2016;Prize;5P;Purple;;
Hennessey_VenomGTSpyderReward_2016;IAP;5P;Purple;;
Hennessey_VenomGTSpyderReward_2016;IAPSpecial;5P;Purple;;
Hennessey_VenomGTSpyderReward_2016;Collection;5P;Purple;;
Hennessey_VenomGTSpyderRewardGold_2016;Prize;5P;Purple;;
Hennessey_VenomGTSpyderRewardGold_2016;IAP;5P;Purple;;
Hennessey_VenomGTSpyderRewardGold_2016;IAPSpecial;5P;Purple;;
Hennessey_VenomGTSpyderRewardGold_2016;Collection;5P;Purple;;
Hennessey_VenomGTSpyderRewardRecycled_2016;Gacha;5G;Gold;;
Hennessey_VenomGTSpyderRewardRecycled_2016;Collection;5G;Gold;;
Honda_AIMGAINGTNSXEvo_2017;Prize;5P;Purple;;
Honda_AIMGAINGTNSXEvo_2017;IAP;5P;Purple;;
Honda_AIMGAINGTNSXEvo_2017;IAPSpecial;5P;Purple;;
Honda_AIMGAINGTNSXEvo_2017;Collection;5P;Purple;;
Honda_AIMGAINGTNSXReward_2017;Prize;5P;Purple;;
Honda_AIMGAINGTNSXReward_2017;IAP;5P;Purple;;
Honda_AIMGAINGTNSXReward_2017;IAPSpecial;5P;Purple;;
Honda_AIMGAINGTNSXReward_2017;Collection;5P;Purple;;
Honda_AIMGAINGTNSXRewardRecycled_2017;Gacha;5G;Gold;;
Honda_AIMGAINGTNSXRewardRecycled_2017;Collection;5G;Gold;;
Honda_Civic15VTECCrew_1994;High_Stakes;3P;Purple;;
Honda_Civic15VTECCrewRecycled_1994;Prize;2G;Gold;;
Honda_Civic15VTECCrewRecycled_1994;IAP;2G;Gold;;
Honda_Civic15VTECCrewRecycled_1994;IAPSpecial;2G;Gold;;
Honda_Civic15VTECCrewRecycled_1994;Collection;2G;Gold;;
Honda_Civic15VTECCrewRecycled_1994;Gacha;2G;Gold;;
Honda_CivicEGTNR_1995;Unknown;5B;Gold;5B;5P
Honda_CivicEJ1F1_1993;Prize;5P;Purple;;
Honda_CivicEJ1F1_1993;IAP;5P;Purple;;
Honda_CivicEJ1F1_1993;IAPSpecial;5P;Purple;;
Honda_CivicEJ1F1_1993;Collection;5P;Purple;;
Honda_CivicTypeR_2017;Prize;3G;Gold;;
Honda_CivicTypeR_2017;IAP;3G;Gold;;
Honda_CivicTypeR_2017;IAPSpecial;3G;Gold;;
Honda_CivicTypeR_2017;Collection;3G;Gold;;
Honda_CivicTypeR_2017;Gacha;3G;Gold;;
Honda_CivicTypeRElite_2017;High_Stakes;3P;Purple;;
Honda_CivicTypeRReward_2023;Prize;4P;Purple;;
Honda_CivicTypeRReward_2023;IAP;4P;Purple;;
Honda_CivicTypeRReward_2023;IAPSpecial;4P;Purple;;
Honda_CivicTypeRReward_2023;Collection;4P;Purple;;
Honda_CivicTypeRRewardRecycled_2023;Gacha;4G;Gold;;
Honda_CivicTypeRRewardRecycled_2023;Collection;4G;Gold;;
Honda_CivicTypeRTNR_2017;Unknown;5P;Purple;5B;5P
Honda_CivicTypeRVaris_2017;Gacha;4G;Gold;4G;4G
Honda_CivicTypeRVaris_2017;Collection;4G;Gold;4G;4G
Honda_IndyTruck_2017;Prize;5P;Purple;;
Honda_IndyTruck_2017;IAP;5P;Purple;;
Honda_IndyTruck_2017;IAPSpecial;5P;Purple;;
Honda_IndyTruck_2017;Collection;5P;Purple;;
Honda_LBNSXReward_2017;Prize;5P;Purple;;
Honda_LBNSXReward_2017;IAP;5P;Purple;;
Honda_LBNSXReward_2017;IAPSpecial;5P;Purple;;
Honda_LBNSXReward_2017;Collection;5P;Purple;;
Honda_LBNSXRewardRecycled_2017;Gacha;5G;Gold;5G;5G
Honda_LBNSXRewardRecycled_2017;Collection;5G;Gold;5G;5G
Honda_NSXLBWorksReward_1992;Prize;5P;Purple;;
Honda_NSXLBWorksReward_1992;IAP;5P;Purple;;
Honda_NSXLBWorksReward_1992;IAPSpecial;5P;Purple;;
Honda_NSXLBWorksReward_1992;Collection;5P;Purple;;
Honda_NSXLBWorksRewardRecycled_1992;Gacha;5G;Gold;;
Honda_NSXLBWorksRewardRecycled_1992;Collection;5G;Gold;;
Honda_NSXRClassic_1992;ShopCash;5G;Gold;5B;5G
Honda_NSXRClassic_1992;ShopGold;5G;Gold;5B;5G
Honda_NSXReward_2017;Prize;5P;Purple;;
Honda_NSXReward_2017;IAP;5P;Purple;;
Honda_NSXReward_2017;IAPSpecial;5P;Purple;;
Honda_NSXReward_2017;Collection;5P;Purple;;
Honda_NSXRewardRecycled_2017;Gacha;5G;Gold;4G1B;5G
Honda_NSXRewardRecycled_2017;Collection;5G;Gold;4G1B;5G
Honda_NSXRocketBunny_1992;Prize;5P;Purple;;
Honda_NSXRocketBunny_1992;IAP;5P;Purple;;
Honda_NSXRocketBunny_1992;IAPSpecial;5P;Purple;;
Honda_NSXRocketBunny_1992;Collection;5P;Purple;;
Honda_NSXTNR_1992;Gacha;5P;Purple;5B;5P
Honda_NSXTNR_1992;Collection;5P;Purple;5B;5P
Honda_NSXTNR_1992;Unknown;5P;Purple;5B;5P
Honda_S2000F1_2001;Prize;5P;Purple;;
Honda_S2000F1_2001;IAP;5P;Purple;;
Honda_S2000F1_2001;IAPSpecial;5P;Purple;;
Honda_S2000F1_2001;Collection;5P;Purple;;
Honda_S2000F2_2001;Prize;5P;Purple;;
Honda_S2000F2_2001;IAP;5P;Purple;;
Honda_S2000F2_2001;IAPSpecial;5P;Purple;;
Honda_S2000F2_2001;Collection;5P;Purple;;
Honda_S2000TNR_2001;IAP;5P;Purple;5B;5P
Honda_S2000TNR_2001;ShopGold;5P;Purple;5B;5P
Honda_S2000TNR_2001;Unknown;5P;Purple;5B;5P
Honda_VarisS2000Reward_2005;Collection;5P;Purple;;
Honda_VarisS2000Reward_2005;IAPSpecial;5P;Purple;;
Honda_VarisS2000Reward_2005;IAP;5P;Purple;;
Honda_VarisS2000Reward_2005;Prize;5P;Purple;;
Honda_VarisS2000RewardRecycled_2005;Gacha;5G;Gold;;
Honda_VeilsideNSXReward_1995;IAPSpecial;5P;Purple;;
Honda_VeilsideNSXReward_1995;Collection;5P;Purple;;
Honda_VeilsideNSXReward_1995;IAP;5P;Purple;;
Honda_VeilsideNSXReward_1995;Prize;5P;Purple;;
Honda_VeilsideNSXRewardRecycled_1995;Gacha;5G;Gold;;
Hyperion_XP1_2023;Prize;5P;Purple;;
Hyperion_XP1_2023;IAPSpecial;5P;Purple;;
Hyperion_XP1_2023;Collection;5P;Purple;;
Hyperion_XP1_2023;IAP;5P;Purple;;
Hyundai_ElantraNReward_2022;Prize;3P;Purple;;
Hyundai_ElantraNReward_2022;IAP;3P;Purple;;
Hyundai_ElantraNReward_2022;IAPSpecial;3P;Purple;;
Hyundai_ElantraNReward_2022;Collection;3P;Purple;;
Hyundai_ElantraNRewardRecycled_2022;Gacha;3G;Gold;;
Hyundai_ElantraNRewardRecycled_2022;Collection;3G;Gold;;
Hyundai_IONIQ5NNPX1Reward_2024;Prize;5P;Purple;;
Hyundai_IONIQ5NNPX1Reward_2024;IAP;5P;Purple;;
Hyundai_IONIQ5NNPX1Reward_2024;IAPSpecial;5P;Purple;;
Hyundai_IONIQ5NNPX1Reward_2024;Collection;5P;Purple;;
Hyundai_IONIQ5NNPX1RewardRecycled_2024;Gacha;5G;Gold;;
Hyundai_IONIQ5NNPX1RewardRecycled_2024;Collection;5G;Gold;;
Hyundai_Ioniq5NReward_2023;Prize;5P;Purple;;
Hyundai_Ioniq5NReward_2023;IAP;5P;Purple;;
Hyundai_Ioniq5NReward_2023;IAPSpecial;5P;Purple;;
Hyundai_Ioniq5NReward_2023;Collection;5P;Purple;;
Hyundai_Ioniq5NRewardRecycled_2023;Gacha;5G;Gold;;
Hyundai_Ioniq5NRewardRecycled_2023;Collection;5G;Gold;;
Hyundai_IONIQ6NReward_2025;Collection;5P;Purple;;
Hyundai_IONIQ6NReward_2025;IAP;5P;Purple;;
Hyundai_IONIQ6NReward_2025;Prize;5P;Purple;;
Hyundai_IONIQ6NReward_2025;IAPSpecial;5P;Purple;;
Hyundai_IONIQ6NRewardRecycled_2025;Gacha;5G;Gold;;
Hyundai_NVision74Concept_2023;Prize;5P;Purple;;
Hyundai_NVision74Concept_2023;IAP;5P;Purple;;
Hyundai_NVision74Concept_2023;IAPSpecial;5P;Purple;;
Hyundai_NVision74Concept_2023;Collection;5P;Purple;;
Hyundai_VelosterTurboRSpec_2014;ShopCash;0G;Gold;;
Hyundai_VelosterTurboRSpec_2014;ShopGold;0G;Gold;;
Hyundai_VelosterTurboRSpec_2014;Gacha;1G;Gold;;
Hyundai_VelosterTurboRSpecARK_2014;Gacha;2G;Gold;;
Hyundai_VelosterTurboRSpecARK_2014;Collection;2G;Gold;;
Hyundai_VelosterTurboRSpecCrew_2014;High_Stakes;3P;Purple;;
Indy_Car_2021;Prize;5P;Purple;;
Indy_Car_2021;IAP;5P;Purple;;
Indy_Car_2021;IAPSpecial;5P;Purple;;
Indy_Car_2021;Collection;5P;Purple;;
Infiniti_Q60ProjectBlackSReward_2018;Prize;5P;Purple;;
Infiniti_Q60ProjectBlackSReward_2018;IAP;5P;Purple;;
Infiniti_Q60ProjectBlackSReward_2018;IAPSpecial;5P;Purple;;
Infiniti_Q60ProjectBlackSReward_2018;Collection;5P;Purple;;
Infiniti_Q60ProjectBlackSRewardRecycled_2018;Gacha;5G;Gold;;
Infiniti_Q60ProjectBlackSRewardRecycled_2018;Collection;5G;Gold;;
Italdesign_ZerounoDuerta_2018;Prize;5P;Purple;;
Italdesign_ZerounoDuerta_2018;IAP;5P;Purple;;
Italdesign_ZerounoDuerta_2018;IAPSpecial;5P;Purple;;
Italdesign_ZerounoDuerta_2018;Collection;5P;Purple;;
Italdesign_ZerounoReward_2017;Prize;5P;Purple;;
Italdesign_ZerounoReward_2017;IAP;5P;Purple;;
Italdesign_ZerounoReward_2017;IAPSpecial;5P;Purple;;
Italdesign_ZerounoReward_2017;Collection;5P;Purple;;
Italdesign_ZerounoRewardRecycled_2017;Gacha;5G;Gold;;
Italdesign_ZerounoRewardRecycled_2017;Collection;5G;Gold;;
Jaguar_CX75PrototypeCrew_2013;High_Stakes;5P;Purple;;
Jaguar_CX75PrototypeReward_2013;Prize;5P;Purple;;
Jaguar_CX75PrototypeReward_2013;IAP;5P;Purple;;
Jaguar_CX75PrototypeReward_2013;IAPSpecial;5P;Purple;;
Jaguar_CX75PrototypeReward_2013;Collection;5P;Purple;;
Jaguar_CX75PrototypeRewardRecycled_2013;Gacha;5G;Gold;;
Jaguar_CX75PrototypeRewardRecycled_2013;Collection;5G;Gold;;
Jaguar_FTYPERConvertibleReward_2021;Prize;4P;Purple;;
Jaguar_FTYPERConvertibleReward_2021;IAP;4P;Purple;;
Jaguar_FTYPERConvertibleReward_2021;IAPSpecial;4P;Purple;;
Jaguar_FTYPERConvertibleReward_2021;Collection;4P;Purple;;
Jaguar_FTYPERConvertibleRewardRecycled_2021;Gacha;4G;Gold;;
Jaguar_FTYPERConvertibleRewardRecycled_2021;Collection;4G;Gold;;
Jaguar_FTypeRCoupe_2016;Prize;3G;Gold;;
Jaguar_FTypeRCoupe_2016;IAP;3G;Gold;;
Jaguar_FTypeRCoupe_2016;IAPSpecial;3G;Gold;;
Jaguar_FTypeRCoupe_2016;Collection;3G;Gold;;
Jaguar_FTypeRCoupe_2016;ShopGold;0G;Gold;;
Jaguar_FTypeRCoupe_2016;Gacha;3G;Gold;;
Jaguar_FTypeRCoupeF8_2016;Prize;5P;Purple;;
Jaguar_FTypeRCoupeF8_2016;IAP;5P;Purple;;
Jaguar_FTypeRCoupeF8_2016;IAPSpecial;5P;Purple;;
Jaguar_FTypeRCoupeF8_2016;Collection;5P;Purple;;
Jaguar_FTypeSVRCoupeReward_2019;Prize;4P;Purple;;
Jaguar_FTypeSVRCoupeReward_2019;IAP;4P;Purple;;
Jaguar_FTypeSVRCoupeReward_2019;IAPSpecial;4P;Purple;;
Jaguar_FTypeSVRCoupeReward_2019;Collection;4P;Purple;;
Jaguar_FTypeSVRCoupeRewardRecycled_2019;Gacha;4G;Gold;;
Jaguar_FTypeSVRCoupeRewardRecycled_2019;Collection;4G;Gold;;
Jaguar_Project7Boss_2016;High_Stakes;5P;Purple;;
Jaguar_Project7Boss_2016;Collection;5P;Purple;;
Jaguar_Project7VIP_2016;Prize;5P;Purple;;
Jaguar_Project7VIP_2016;IAP;5P;Purple;;
Jaguar_Project7VIP_2016;IAPSpecial;5P;Purple;;
Jaguar_Project7VIP_2016;Collection;5P;Purple;;
Jaguar_XESVProject8F9_2018;Prize;5P;Purple;;
Jaguar_XESVProject8F9_2018;IAP;5P;Purple;;
Jaguar_XESVProject8F9_2018;IAPSpecial;5P;Purple;;
Jaguar_XESVProject8F9_2018;Collection;5P;Purple;;
Jaguar_XESVProject8Reward_2018;Prize;5P;Purple;;
Jaguar_XESVProject8Reward_2018;IAP;5P;Purple;;
Jaguar_XESVProject8Reward_2018;IAPSpecial;5P;Purple;;
Jaguar_XESVProject8Reward_2018;Collection;5P;Purple;;
Jaguar_XESVProject8RewardRecycled_2018;Gacha;5G;Gold;;
Jaguar_XESVProject8RewardRecycled_2018;Collection;5G;Gold;;
Jaguar_XJ220Classic_1993;ShopCash;5G;Gold;5B;5G
Jaguar_XJ220Classic_1993;ShopGold;5G;Gold;5B;5G
Jaguar_XJR15_1991;Prize;5P;Purple;;
Jaguar_XJR15_1991;IAP;5P;Purple;;
Jaguar_XJR15_1991;IAPSpecial;5P;Purple;;
Jaguar_XJR15_1991;Collection;5P;Purple;;
Jaguar_XKRSGT_2014;Prize;5P;Purple;;
Jaguar_XKRSGT_2014;IAP;5P;Purple;;
Jaguar_XKRSGT_2014;IAPSpecial;5P;Purple;;
Jaguar_XKRSGT_2014;Collection;5P;Purple;;
Jeep_GladiatorF9_2019;Prize;5P;Purple;;
Jeep_GladiatorF9_2019;IAP;5P;Purple;;
Jeep_GladiatorF9_2019;IAPSpecial;5P;Purple;;
Jeep_GladiatorF9_2019;Collection;5P;Purple;;
Jeep_GladiatorReward_2019;Prize;5P;Purple;;
Jeep_GladiatorReward_2019;IAP;5P;Purple;;
Jeep_GladiatorReward_2019;IAPSpecial;5P;Purple;;
Jeep_GladiatorReward_2019;Collection;5P;Purple;;
Jeep_GladiatorRewardRecycled_2019;Gacha;5G;Gold;;
Jeep_GladiatorRewardRecycled_2019;Collection;5G;Gold;;
Jeep_GrandCherokeeTrackhawk_2018;Prize;4G;Gold;4G;4G
Jeep_GrandCherokeeTrackhawk_2018;IAP;4G;Gold;4G;4G
Jeep_GrandCherokeeTrackhawk_2018;IAPSpecial;4G;Gold;4G;4G
Jeep_GrandCherokeeTrackhawk_2018;Collection;4G;Gold;4G;4G
Jeep_GrandCherokeeTrackhawk_2018;Gacha;4G;Gold;4G;4G
Jeep_GrandCherokeeTrackhawkF9_2018;Prize;4P;Purple;;
Jeep_GrandCherokeeTrackhawkF9_2018;IAP;4P;Purple;;
Jeep_GrandCherokeeTrackhawkF9_2018;IAPSpecial;4P;Purple;;
Jeep_GrandCherokeeTrackhawkF9_2018;Collection;4P;Purple;;
Jeep_GrandCherokeeTrackhawkF9_2018;Gacha;4P;Purple;;
Kia_StingerGTS_2020;Prize;4G;Gold;;
Kia_StingerGTS_2020;IAP;4G;Gold;;
Kia_StingerGTS_2020;IAPSpecial;4G;Gold;;
Kia_StingerGTS_2020;Collection;4G;Gold;;
Kia_StingerGTS_2020;Gacha;4G;Gold;;
Kimera_EVO37_2022;Prize;5P;Purple;;
Kimera_EVO37_2022;IAP;5P;Purple;;
Kimera_EVO37_2022;IAPSpecial;5P;Purple;;
Kimera_EVO37_2022;Collection;5P;Purple;;
Kimera_EVO37Gold_2022;Prize;5P;Purple;;
Kimera_EVO37Gold_2022;IAP;5P;Purple;;
Kimera_EVO37Gold_2022;IAPSpecial;5P;Purple;;
Kimera_EVO37Gold_2022;Collection;5P;Purple;;
Kimera_EVO37Martini_2024;Prize;5P;Purple;;
Kimera_EVO37Martini_2024;IAP;5P;Purple;;
Kimera_EVO37Martini_2024;IAPSpecial;5P;Purple;;
Kimera_EVO37Martini_2024;Collection;5P;Purple;;
Kimera_EVO38_2024;IAPSpecial;5P;Purple;;
Kimera_EVO38_2024;Collection;5P;Purple;;
Kimera_EVO38_2024;IAP;5P;Purple;;
Kimera_EVO38_2024;Prize;5P;Purple;;
Koenigsegg_AgeraR_2013;High_Stakes;5P;Purple;;
Koenigsegg_AgeraRSReward_2017;Prize;5P;Purple;;
Koenigsegg_AgeraRSReward_2017;IAP;5P;Purple;;
Koenigsegg_AgeraRSReward_2017;IAPSpecial;5P;Purple;;
Koenigsegg_AgeraRSReward_2017;Collection;5P;Purple;;
Koenigsegg_AgeraRSRewardRecycled_2017;Gacha;5G;Gold;;
Koenigsegg_AgeraRSRewardRecycled_2017;IAP;5G;Gold;;
Koenigsegg_AgeraRSRewardRecycled_2017;Collection;5G;Gold;;
Koenigsegg_CC850_2023;Prize;5P;Purple;;
Koenigsegg_CC850_2023;IAP;5P;Purple;;
Koenigsegg_CC850_2023;IAPSpecial;5P;Purple;;
Koenigsegg_CC850_2023;Collection;5P;Purple;;
Koenigsegg_Gemera_2021;Prize;5G;Gold;;
Koenigsegg_Gemera_2021;IAP;5G;Gold;;
Koenigsegg_Gemera_2021;IAPSpecial;5G;Gold;;
Koenigsegg_Gemera_2021;Collection;5G;Gold;;
Koenigsegg_Gemera_2021;Gacha;5G;Gold;;
Koenigsegg_Gemera_2025;IAPSpecial;5P;Purple;;
Koenigsegg_Gemera_2025;Prize;5P;Purple;;
Koenigsegg_Gemera_2025;Collection;5P;Purple;;
Koenigsegg_Gemera_2025;IAP;5P;Purple;;
Koenigsegg_GemeraLE_2021;Prize;5P;Purple;;
Koenigsegg_GemeraLE_2021;IAP;5P;Purple;;
Koenigsegg_GemeraLE_2021;IAPSpecial;5P;Purple;;
Koenigsegg_GemeraLE_2021;Collection;5P;Purple;;
Koenigsegg_Jesko_2020;Prize;5P;Purple;;
Koenigsegg_Jesko_2020;IAP;5P;Purple;;
Koenigsegg_Jesko_2020;IAPSpecial;5P;Purple;;
Koenigsegg_Jesko_2020;Collection;5P;Purple;;
Koenigsegg_JeskoAbsolut_2021;Prize;5P;Purple;;
Koenigsegg_JeskoAbsolut_2021;IAP;5P;Purple;;
Koenigsegg_JeskoAbsolut_2021;IAPSpecial;5P;Purple;;
Koenigsegg_JeskoAbsolut_2021;Collection;5P;Purple;;
Koenigsegg_JeskoGold_2020;Prize;5P;Purple;;
Koenigsegg_JeskoGold_2020;IAP;5P;Purple;;
Koenigsegg_JeskoGold_2020;IAPSpecial;5P;Purple;;
Koenigsegg_JeskoGold_2020;Collection;5P;Purple;;
Koenigsegg_JeskoRoofless_2020;Prize;5P;Purple;;
Koenigsegg_JeskoRoofless_2020;IAP;5P;Purple;;
Koenigsegg_JeskoRoofless_2020;IAPSpecial;5P;Purple;;
Koenigsegg_JeskoRoofless_2020;Collection;5P;Purple;;
Koenigsegg_One1_2014;Prize;5G;Gold;;
Koenigsegg_One1_2014;IAP;5G;Gold;;
Koenigsegg_One1_2014;IAPSpecial;5G;Gold;;
Koenigsegg_One1_2014;Collection;5G;Gold;;
Koenigsegg_One1_2014;Gacha;5G;Gold;;
Koenigsegg_RegeraHalloween_2016;Prize;5P;Purple;;
Koenigsegg_RegeraHalloween_2016;IAP;5P;Purple;;
Koenigsegg_RegeraHalloween_2016;IAPSpecial;5P;Purple;;
Koenigsegg_RegeraHalloween_2016;Collection;5P;Purple;;
Koenigsegg_RegeraReward_2016;Prize;5P;Purple;;
Koenigsegg_RegeraReward_2016;IAP;5P;Purple;;
Koenigsegg_RegeraReward_2016;IAPSpecial;5P;Purple;;
Koenigsegg_RegeraReward_2016;Collection;5P;Purple;;
Koenigsegg_RegeraRewardGold_2016;Prize;5P;Purple;;
Koenigsegg_RegeraRewardGold_2016;IAP;5P;Purple;;
Koenigsegg_RegeraRewardGold_2016;IAPSpecial;5P;Purple;;
Koenigsegg_RegeraRewardGold_2016;Collection;5P;Purple;;
Koenigsegg_RegeraRewardRecycled_2016;Gacha;5G;Gold;;
Koenigsegg_RegeraRewardRecycled_2016;Collection;5G;Gold;;
Koenigsegg_RegeraRewardRecycled_2016;IAP;5G;Gold;;
KTM_XBowGTX_2020;Prize;5P;Purple;;
KTM_XBowGTX_2020;IAP;5P;Purple;;
KTM_XBowGTX_2020;IAPSpecial;5P;Purple;;
KTM_XBowGTX_2020;Collection;5P;Purple;;
KTM_XBowRReward_2011;Prize;4P;Purple;;
KTM_XBowRReward_2011;IAP;4P;Purple;;
KTM_XBowRReward_2011;IAPSpecial;4P;Purple;;
KTM_XBowRReward_2011;Collection;4P;Purple;;
KTM_XBowRRewardRecycled_2011;Gacha;4G;Gold;;
KTM_XBowRRewardRecycled_2011;Collection;4G;Gold;;
Lamborghini_Autentica_2023;Prize;5P;Purple;;
Lamborghini_Autentica_2023;IAP;5P;Purple;;
Lamborghini_Autentica_2023;IAPSpecial;5P;Purple;;
Lamborghini_Autentica_2023;Collection;5P;Purple;;
Lamborghini_AventadorLP7004_2011;Gacha;3G;Gold;;
Lamborghini_AventadorLP7004_2011;Collection;3G;Gold;;
Lamborghini_AventadorLP7504Superveloce_2015;Gacha;4G;Gold;;
Lamborghini_AventadorLP7504Superveloce_2015;Collection;4G;Gold;;
Lamborghini_AventadorSJReward_2021;Prize;5P;Purple;;
Lamborghini_AventadorSJReward_2021;IAP;5P;Purple;;
Lamborghini_AventadorSJReward_2021;IAPSpecial;5P;Purple;;
Lamborghini_AventadorSJReward_2021;Collection;5P;Purple;;
Lamborghini_AventadorSJRewardRecycled_2021;Gacha;5G;Gold;;
Lamborghini_AventadorSJRewardRecycled_2021;Collection;5G;Gold;;
Lamborghini_AventadorSVJReward_2019;Prize;5P;Purple;;
Lamborghini_AventadorSVJReward_2019;IAP;5P;Purple;;
Lamborghini_AventadorSVJReward_2019;IAPSpecial;5P;Purple;;
Lamborghini_AventadorSVJReward_2019;Collection;5P;Purple;;
Lamborghini_AventadorSVJRewardRecycled_2019;Gacha;5G;Gold;;
Lamborghini_AventadorSVJRewardRecycled_2019;Collection;5G;Gold;;
Lamborghini_AventadorSVJRoadster_2020;Gacha;5G;Gold;;
Lamborghini_AventadorSVJRoadster_2020;Collection;5G;Gold;;
Lamborghini_AventadorSVJRoadsterReward_2020;Prize;5P;Purple;;
Lamborghini_AventadorSVJRoadsterReward_2020;IAP;5P;Purple;;
Lamborghini_AventadorSVJRoadsterReward_2020;IAPSpecial;5P;Purple;;
Lamborghini_AventadorSVJRoadsterReward_2020;Collection;5P;Purple;;
Lamborghini_AventadorSVJRoadsterRewardRecycled_2020;Gacha;5G;Gold;;
Lamborghini_AventadorSVJRoadsterRewardRecycled_2020;Collection;5G;Gold;;
Lamborghini_AventadorTNR_2021;Gacha;5P;Purple;5B;5P
Lamborghini_AventadorTNR_2021;Collection;5P;Purple;5B;5P
Lamborghini_AventadorTNR_2021;Prize;5P;Purple;5B;5P
Lamborghini_Centenario_2017;Prize;5P;Purple;;
Lamborghini_Centenario_2017;IAP;5P;Purple;;
Lamborghini_Centenario_2017;IAPSpecial;5P;Purple;;
Lamborghini_Centenario_2017;Collection;5P;Purple;;
Lamborghini_CentenarioRoadsterAdPersonam_2017;Prize;5P;Purple;;
Lamborghini_CentenarioRoadsterAdPersonam_2017;IAP;5P;Purple;;
Lamborghini_CentenarioRoadsterAdPersonam_2017;IAPSpecial;5P;Purple;;
Lamborghini_CentenarioRoadsterAdPersonam_2017;Collection;5P;Purple;;
Lamborghini_CentenarioRoadsterAndroid_2017;Prize;5P;Purple;;
Lamborghini_CentenarioRoadsterAndroid_2017;IAP;5P;Purple;;
Lamborghini_CentenarioRoadsterAndroid_2017;IAPSpecial;5P;Purple;;
Lamborghini_CentenarioRoadsterAndroid_2017;Collection;5P;Purple;;
Lamborghini_CentenarioRoadsteriOS_2017;Prize;5P;Purple;;
Lamborghini_CentenarioRoadsteriOS_2017;IAP;5P;Purple;;
Lamborghini_CentenarioRoadsteriOS_2017;IAPSpecial;5P;Purple;;
Lamborghini_CentenarioRoadsteriOS_2017;Collection;5P;Purple;;
Lamborghini_CountachClassic_1988;ShopCash;5B;Gold;5B;5G
Lamborghini_CountachClassic_1988;ShopGold;5B;Gold;5B;5G
Lamborghini_CountachLPI8004_2022;Prize;5P;Purple;;
Lamborghini_CountachLPI8004_2022;IAP;5P;Purple;;
Lamborghini_CountachLPI8004_2022;IAPSpecial;5P;Purple;;
Lamborghini_CountachLPI8004_2022;Collection;5P;Purple;;
Lamborghini_CountachLPI8004Reward_2022;Prize;5P;Purple;;
Lamborghini_CountachLPI8004Reward_2022;IAP;5P;Purple;;
Lamborghini_CountachLPI8004Reward_2022;IAPSpecial;5P;Purple;;
Lamborghini_CountachLPI8004Reward_2022;Collection;5P;Purple;;
Lamborghini_CountachLPI8004RewardRecycled_2022;Gacha;5G;Gold;;
Lamborghini_CountachLPI8004RewardRecycled_2022;Collection;5G;Gold;;
Lamborghini_DiabloGT_2000;Prize;5P;Purple;;
Lamborghini_DiabloGT_2000;IAPSpecial;5P;Purple;;
Lamborghini_DiabloGT_2000;Collection;5P;Purple;;
Lamborghini_DiabloGT_2000;IAP;5P;Purple;;
Lamborghini_DiabloSV_1997;Prize;5P;Purple;;
Lamborghini_DiabloSV_1997;IAP;5P;Purple;;
Lamborghini_DiabloSV_1997;IAPSpecial;5P;Purple;;
Lamborghini_DiabloSV_1997;Collection;5P;Purple;;
Lamborghini_EssenzaSCV12_2021;Prize;5P;Purple;;
Lamborghini_EssenzaSCV12_2021;IAP;5P;Purple;;
Lamborghini_EssenzaSCV12_2021;IAPSpecial;5P;Purple;;
Lamborghini_EssenzaSCV12_2021;Collection;5P;Purple;;
Lamborghini_EssenzaSCV12Monterey_2021;Prize;5P;Purple;;
Lamborghini_EssenzaSCV12Monterey_2021;IAP;5P;Purple;;
Lamborghini_EssenzaSCV12Monterey_2021;IAPSpecial;5P;Purple;;
Lamborghini_EssenzaSCV12Monterey_2021;Collection;5P;Purple;;
Lamborghini_EssenzaSCV12Nero_2021;Prize;5P;Purple;;
Lamborghini_EssenzaSCV12Nero_2021;IAP;5P;Purple;;
Lamborghini_EssenzaSCV12Nero_2021;IAPSpecial;5P;Purple;;
Lamborghini_EssenzaSCV12Nero_2021;Collection;5P;Purple;;
Lamborghini_Fenomeno_2026;IAPSpecial;5P;Purple;;
Lamborghini_Fenomeno_2026;Collection;5P;Purple;;
Lamborghini_Fenomeno_2026;IAP;5P;Purple;;
Lamborghini_Fenomeno_2026;Prize;5P;Purple;;
Lamborghini_FewOff_2020;Prize;5P;Purple;;
Lamborghini_FewOff_2020;IAP;5P;Purple;;
Lamborghini_FewOff_2020;IAPSpecial;5P;Purple;;
Lamborghini_FewOff_2020;Collection;5P;Purple;;
Lamborghini_FewOffAdPersonam_2020;Prize;5P;Purple;;
Lamborghini_FewOffAdPersonam_2020;IAP;5P;Purple;;
Lamborghini_FewOffAdPersonam_2020;IAPSpecial;5P;Purple;;
Lamborghini_FewOffAdPersonam_2020;Collection;5P;Purple;;
Lamborghini_HuracanEvoReward_2019;Prize;5P;Purple;;
Lamborghini_HuracanEvoReward_2019;IAP;5P;Purple;;
Lamborghini_HuracanEvoReward_2019;IAPSpecial;5P;Purple;;
Lamborghini_HuracanEvoReward_2019;Collection;5P;Purple;;
Lamborghini_HuracanEvoRewardRecycled_2019;Gacha;5G;Gold;;
Lamborghini_HuracanEvoRewardRecycled_2019;Collection;5G;Gold;;
Lamborghini_HuracanEvoSpyderReward_2019;Prize;5P;Purple;;
Lamborghini_HuracanEvoSpyderReward_2019;IAP;5P;Purple;;
Lamborghini_HuracanEvoSpyderReward_2019;IAPSpecial;5P;Purple;;
Lamborghini_HuracanEvoSpyderReward_2019;Collection;5P;Purple;;
Lamborghini_HuracanEvoSpyderRewardRecycled_2019;Gacha;5G;Gold;;
Lamborghini_HuracanEvoSpyderRewardRecycled_2019;Collection;5G;Gold;;
Lamborghini_HuracanEVOTNR_2021;Unknown;5P;Purple;5B;5P
Lamborghini_HuracanGT3Evo2_2024;Prize;5P;Purple;;
Lamborghini_HuracanGT3Evo2_2024;IAP;5P;Purple;;
Lamborghini_HuracanGT3Evo2_2024;IAPSpecial;5P;Purple;;
Lamborghini_HuracanGT3Evo2_2024;Collection;5P;Purple;;
Lamborghini_HuracanGT3EVORacecar_2019;Prize;5P;Purple;;
Lamborghini_HuracanGT3EVORacecar_2019;IAP;5P;Purple;;
Lamborghini_HuracanGT3EVORacecar_2019;IAPSpecial;5P;Purple;;
Lamborghini_HuracanGT3EVORacecar_2019;Collection;5P;Purple;;
Lamborghini_HuracanLP6104_2014;ShopCash;5B;Gold;3G2B;5G
Lamborghini_HuracanLP6104_2014;ShopGold;5B;Gold;3G2B;5G
Lamborghini_HuracanLP6104_2014;Gacha;3G2B;Gold;3G2B;5G
Lamborghini_HuracanLP6104Reward_2014;Prize;5P;Purple;;
Lamborghini_HuracanLP6104Reward_2014;IAP;5P;Purple;;
Lamborghini_HuracanLP6104Reward_2014;IAPSpecial;5P;Purple;;
Lamborghini_HuracanLP6104Reward_2014;Collection;5P;Purple;;
Lamborghini_HuracanLP6104RewardRecycled_2014;Gacha;5G;Gold;;
Lamborghini_HuracanLP6104RewardRecycled_2014;Collection;5G;Gold;;
Lamborghini_HuracanPerformanteReward_2018;Prize;5P;Purple;;
Lamborghini_HuracanPerformanteReward_2018;IAP;5P;Purple;;
Lamborghini_HuracanPerformanteReward_2018;IAPSpecial;5P;Purple;;
Lamborghini_HuracanPerformanteReward_2018;Collection;5P;Purple;;
Lamborghini_HuracanPerformanteRewardRecycled_2018;Gacha;5G;Gold;;
Lamborghini_HuracanPerformanteRewardRecycled_2018;IAP;5G;Gold;;
Lamborghini_HuracanPerformanteRewardRecycled_2018;Collection;5G;Gold;;
Lamborghini_HuracanPerformanteSpyder_2019;Gacha;5G;Gold;;
Lamborghini_HuracanPerformanteSpyder_2019;Collection;5G;Gold;;
Lamborghini_HuracanPerformanteSpyder_2019;IAP;5G;Gold;;
Lamborghini_HuracanSterratoHoliday_2021;Prize;5P;Purple;;
Lamborghini_HuracanSterratoHoliday_2021;IAPSpecial;5P;Purple;;
Lamborghini_HuracanSterratoHoliday_2021;Collection;5P;Purple;;
Lamborghini_HuracanSterratoHoliday_2021;IAP;5P;Purple;;
Lamborghini_HuracanSterratoReward_2021;Prize;5P;Purple;;
Lamborghini_HuracanSterratoReward_2021;IAP;5P;Purple;;
Lamborghini_HuracanSterratoReward_2021;IAPSpecial;5P;Purple;;
Lamborghini_HuracanSterratoReward_2021;Collection;5P;Purple;;
Lamborghini_HuracanSterratoRewardRecycled_2021;Gacha;5G;Gold;;
Lamborghini_HuracanSterratoRewardRecycled_2021;Collection;5G;Gold;;
Lamborghini_HuracanSTO_2021;Gacha;5G;Gold;;
Lamborghini_HuracanSTO_2021;Collection;5G;Gold;;
Lamborghini_HuracanSTOEVO_2021;Prize;5P;Purple;;
Lamborghini_HuracanSTOEVO_2021;IAP;5P;Purple;;
Lamborghini_HuracanSTOEVO_2021;IAPSpecial;5P;Purple;;
Lamborghini_HuracanSTOEVO_2021;Collection;5P;Purple;;
Lamborghini_HuracanTecnicaReward_2023;Prize;5P;Purple;;
Lamborghini_HuracanTecnicaReward_2023;IAP;5P;Purple;;
Lamborghini_HuracanTecnicaReward_2023;IAPSpecial;5P;Purple;;
Lamborghini_HuracanTecnicaReward_2023;Collection;5P;Purple;;
Lamborghini_HuracanTecnicaRewardRecycled_2023;Gacha;5G;Gold;;
Lamborghini_HuracanTecnicaRewardRecycled_2023;Collection;5G;Gold;;
Lamborghini_Invencible_2023;Prize;5P;Purple;;
Lamborghini_Invencible_2023;IAP;5P;Purple;;
Lamborghini_Invencible_2023;IAPSpecial;5P;Purple;;
Lamborghini_Invencible_2023;Collection;5P;Purple;;
Lamborghini_IVReward_2024;Prize;5P;Purple;;
Lamborghini_IVReward_2024;IAP;5P;Purple;;
Lamborghini_IVReward_2024;IAPSpecial;5P;Purple;;
Lamborghini_IVReward_2024;Collection;5P;Purple;;
Lamborghini_IVRewardRecycled_2024;Gacha;5G;Gold;;
Lamborghini_IVRewardRecycled_2024;Collection;5G;Gold;;
Lamborghini_LB634_2024;Prize;5P;Purple;;
Lamborghini_LB634_2024;IAP;5P;Purple;;
Lamborghini_LB634_2024;IAPSpecial;5P;Purple;;
Lamborghini_LB634_2024;Collection;5P;Purple;;
Lamborghini_LBAventadorLP7004Reward_2011;Prize;5P;Purple;;
Lamborghini_LBAventadorLP7004Reward_2011;IAP;5P;Purple;;
Lamborghini_LBAventadorLP7004Reward_2011;IAPSpecial;5P;Purple;;
Lamborghini_LBAventadorLP7004Reward_2011;Collection;5P;Purple;;
Lamborghini_LBAventadorLP7004RewardGold_2011;Prize;5P;Purple;;
Lamborghini_LBAventadorLP7004RewardGold_2011;IAP;5P;Purple;;
Lamborghini_LBAventadorLP7004RewardGold_2011;IAPSpecial;5P;Purple;;
Lamborghini_LBAventadorLP7004RewardGold_2011;Collection;5P;Purple;;
Lamborghini_LBAventadorLP7004RewardRecycled_2011;Gacha;5G;Gold;;
Lamborghini_LBAventadorLP7004RewardRecycled_2011;Collection;5G;Gold;;
Lamborghini_LBAventadorLP7004RewardRecycled_2011;IAP;5G;Gold;;
Lamborghini_LBAventadorLP7004RewardVIP_2011;Prize;5P;Purple;;
Lamborghini_LBAventadorLP7004RewardVIP_2011;IAP;5P;Purple;;
Lamborghini_LBAventadorLP7004RewardVIP_2011;IAPSpecial;5P;Purple;;
Lamborghini_LBAventadorLP7004RewardVIP_2011;Collection;5P;Purple;;
Lamborghini_LBCountachLPReward_1988;Prize;5P;Purple;;
Lamborghini_LBCountachLPReward_1988;IAP;5P;Purple;;
Lamborghini_LBCountachLPReward_1988;IAPSpecial;5P;Purple;;
Lamborghini_LBCountachLPReward_1988;Collection;5P;Purple;;
Lamborghini_LBCountachLPRewardRecycled_1988;Gacha;5G;Gold;;
Lamborghini_LBCountachLPRewardRecycled_1988;Collection;5G;Gold;;
Lamborghini_LBMurcielagoSVReward_2009;Prize;5P;Purple;;
Lamborghini_LBMurcielagoSVReward_2009;IAP;5P;Purple;;
Lamborghini_LBMurcielagoSVReward_2009;IAPSpecial;5P;Purple;;
Lamborghini_LBMurcielagoSVReward_2009;Collection;5P;Purple;;
Lamborghini_LBMurcielagoSVRewardRecycled_2009;Gacha;5G;Gold;;
Lamborghini_LBMurcielagoSVRewardRecycled_2009;Collection;5G;Gold;;
Lamborghini_LBSilhouetteHuracanReward_2014;Prize;5P;Purple;;
Lamborghini_LBSilhouetteHuracanReward_2014;IAP;5P;Purple;;
Lamborghini_LBSilhouetteHuracanReward_2014;IAPSpecial;5P;Purple;;
Lamborghini_LBSilhouetteHuracanReward_2014;Collection;5P;Purple;;
Lamborghini_LBSilhouetteHuracanRewardRecycled_2014;Gacha;5G;Gold;5G;5G
Lamborghini_LBSilhouetteHuracanRewardRecycled_2014;Collection;5G;Gold;5G;5G
Lamborghini_LBWKMurcielagoReward_2009;Prize;5P;Purple;;
Lamborghini_LBWKMurcielagoReward_2009;IAP;5P;Purple;;
Lamborghini_LBWKMurcielagoReward_2009;IAPSpecial;5P;Purple;;
Lamborghini_LBWKMurcielagoReward_2009;Collection;5P;Purple;;
Lamborghini_LBWKMurcielagoRewardRecycled_2009;Gacha;5G;Gold;;
Lamborghini_LBWKMurcielagoRewardRecycled_2009;Collection;5G;Gold;;
Lamborghini_MiuraSVLPClassic_1971;Unknown;5P;Purple;5B;5P
Lamborghini_MurcielagoLP640F8_2006;Prize;5P;Purple;;
Lamborghini_MurcielagoLP640F8_2006;IAP;5P;Purple;;
Lamborghini_MurcielagoLP640F8_2006;IAPSpecial;5P;Purple;;
Lamborghini_MurcielagoLP640F8_2006;Collection;5P;Purple;;
Lamborghini_MurcielagoSVReward_2009;Prize;4P;Purple;;
Lamborghini_MurcielagoSVReward_2009;IAP;4P;Purple;;
Lamborghini_MurcielagoSVReward_2009;IAPSpecial;4P;Purple;;
Lamborghini_MurcielagoSVReward_2009;Collection;4P;Purple;;
Lamborghini_MurcielagoSVRewardRecycled_2009;Gacha;4G;Gold;;
Lamborghini_MurcielagoSVRewardRecycled_2009;Collection;4G;Gold;;
Lamborghini_Reventon_2008;Collection;5P;Purple;;
Lamborghini_Reventon_2008;IAPSpecial;5P;Purple;;
Lamborghini_Reventon_2008;IAP;5P;Purple;;
Lamborghini_Reventon_2008;Prize;5P;Purple;;
Lamborghini_RevueltoReward_2024;Prize;5P;Purple;;
Lamborghini_RevueltoReward_2024;IAP;5P;Purple;;
Lamborghini_RevueltoReward_2024;IAPSpecial;5P;Purple;;
Lamborghini_RevueltoReward_2024;Collection;5P;Purple;;
Lamborghini_RevueltoRewardRecycled_2024;Gacha;5G;Gold;;
Lamborghini_RevueltoRewardRecycled_2024;Collection;5G;Gold;;
Lamborghini_RevueltoSS1_2024;Prize;5P;Purple;;
Lamborghini_RevueltoSS1_2024;IAPSpecial;5P;Purple;;
Lamborghini_RevueltoSS1_2024;IAP;5P;Purple;;
Lamborghini_RevueltoSS1_2024;Collection;5P;Purple;;
Lamborghini_RevueltoSS2_2024;Prize;5P;Purple;;
Lamborghini_RevueltoSS2_2024;IAPSpecial;5P;Purple;;
Lamborghini_RevueltoSS2_2024;IAP;5P;Purple;;
Lamborghini_RevueltoSS2_2024;Collection;5P;Purple;;
Lamborghini_RevueltoSV_2027;Prize;5P;Purple;;
Lamborghini_RevueltoSV_2027;IAP;5P;Purple;;
Lamborghini_RevueltoSV_2027;IAPSpecial;5P;Purple;;
Lamborghini_RevueltoSV_2027;Collection;5P;Purple;;
Lamborghini_SC18Alston_2019;Prize;5P;Purple;;
Lamborghini_SC18Alston_2019;IAP;5P;Purple;;
Lamborghini_SC18Alston_2019;IAPSpecial;5P;Purple;;
Lamborghini_SC18Alston_2019;Collection;5P;Purple;;
Lamborghini_SC20_2020;Prize;5P;Purple;;
Lamborghini_SC20_2020;IAP;5P;Purple;;
Lamborghini_SC20_2020;IAPSpecial;5P;Purple;;
Lamborghini_SC20_2020;Collection;5P;Purple;;
Lamborghini_SC63LMDH_2024;Prize;5P;Purple;;
Lamborghini_SC63LMDH_2024;IAP;5P;Purple;;
Lamborghini_SC63LMDH_2024;IAPSpecial;5P;Purple;;
Lamborghini_SC63LMDH_2024;Collection;5P;Purple;;
Lamborghini_SestoElementoCrew_2012;High_Stakes;5P;Purple;;
Lamborghini_SestoElementoCrewRecycled_2012;Gacha;4G;Gold;;
Lamborghini_SestoElementoCrewRecycled_2012;Collection;4G;Gold;;
Lamborghini_SianRoadster_2021;Prize;5P;Purple;;
Lamborghini_SianRoadster_2021;IAP;5P;Purple;;
Lamborghini_SianRoadster_2021;IAPSpecial;5P;Purple;;
Lamborghini_SianRoadster_2021;Collection;5P;Purple;;
Lamborghini_TemerarioReward_2025;Prize;5P;Purple;;
Lamborghini_TemerarioReward_2025;IAPSpecial;5P;Purple;;
Lamborghini_TemerarioReward_2025;IAP;5P;Purple;;
Lamborghini_TemerarioReward_2025;Collection;5P;Purple;;
Lamborghini_TemerarioRewardRecycled_2025;Gacha;5G;Gold;;
Lamborghini_TerzoMillennio_2017;Prize;5P;Purple;;
Lamborghini_TerzoMillennio_2017;IAP;5P;Purple;;
Lamborghini_TerzoMillennio_2017;IAPSpecial;5P;Purple;;
Lamborghini_TerzoMillennio_2017;Collection;5P;Purple;;
Lamborghini_UrusPerformanteReward_2023;Prize;5P;Purple;;
Lamborghini_UrusPerformanteReward_2023;IAP;5P;Purple;;
Lamborghini_UrusPerformanteReward_2023;IAPSpecial;5P;Purple;;
Lamborghini_UrusPerformanteReward_2023;Collection;5P;Purple;;
Lamborghini_UrusPerformanteRewardRecycled_2023;Gacha;5G;Gold;;
Lamborghini_UrusPerformanteRewardRecycled_2023;Collection;5G;Gold;;
Lamborghini_UrusPHEVReward_2024;Prize;4P;Purple;;
Lamborghini_UrusPHEVReward_2024;IAP;4P;Purple;;
Lamborghini_UrusPHEVReward_2024;IAPSpecial;4P;Purple;;
Lamborghini_UrusPHEVReward_2024;Collection;4P;Purple;;
Lamborghini_UrusPHEVRewardRecycled_2024;Gacha;4G;Gold;;
Lamborghini_UrusPHEVRewardRecycled_2024;Collection;4G;Gold;;
Lamborghini_UrusReward_2018;Prize;4P;Purple;;
Lamborghini_UrusReward_2018;IAP;4P;Purple;;
Lamborghini_UrusReward_2018;IAPSpecial;4P;Purple;;
Lamborghini_UrusReward_2018;Collection;4P;Purple;;
Lamborghini_UrusRewardRecycled_2018;Gacha;4G;Gold;;
Lamborghini_UrusRewardRecycled_2018;Collection;4G;Gold;;
Lamborghini_Veneno_2013;Prize;5P;Purple;;
Lamborghini_Veneno_2013;IAP;5P;Purple;;
Lamborghini_Veneno_2013;IAPSpecial;5P;Purple;;
Lamborghini_Veneno_2013;Collection;5P;Purple;;
Lamborghini_VenenoGold_2013;Gacha;5G;Gold;;
Lamborghini_VenenoGold_2013;Collection;5G;Gold;;
Lamborghini_VenenoRoadster_2014;Prize;5P;Purple;;
Lamborghini_VenenoRoadster_2014;IAP;5P;Purple;;
Lamborghini_VenenoRoadster_2014;IAPSpecial;5P;Purple;;
Lamborghini_VenenoRoadster_2014;Collection;5P;Purple;;
Lamborghini_VenenoRoadsterGold_2014;Gacha;5G;Gold;;
Lamborghini_VenenoRoadsterGold_2014;Collection;5G;Gold;;
Lancia_DeltaHFIntegraleEvo2_1994;Prize;5P;Purple;;
Lancia_DeltaHFIntegraleEvo2_1994;IAP;5P;Purple;;
Lancia_DeltaHFIntegraleEvo2_1994;IAPSpecial;5P;Purple;;
Lancia_DeltaHFIntegraleEvo2_1994;Collection;5P;Purple;;
Landrover_RangeRoverEvoqueCoupeCrew_2016;High_Stakes;3P;Purple;;
Landrover_RangeRoverEvoqueCoupeCrewRecycled_2016;Gacha;2G;Gold;;
Landrover_RangeRoverEvoqueCoupeCrewRecycled_2016;Collection;2G;Gold;;
Lexus_LC500ConvertibleReward_2017;Prize;5P;Purple;;
Lexus_LC500ConvertibleReward_2017;IAP;5P;Purple;;
Lexus_LC500ConvertibleReward_2017;IAPSpecial;5P;Purple;;
Lexus_LC500ConvertibleReward_2017;Collection;5P;Purple;;
Lexus_LC500ConvertibleRewardRecycled_2017;Gacha;5G;Gold;;
Lexus_LC500ConvertibleRewardRecycled_2017;Collection;5G;Gold;;
Lexus_LC500TNR_2018;Unknown;5P;Purple;5B;5P
Lexus_LFA_2011;Prize;5P;Purple;;
Lexus_LFA_2011;IAP;5P;Purple;;
Lexus_LFA_2011;IAPSpecial;5P;Purple;;
Lexus_LFA_2011;Collection;5P;Purple;;
Lexus_LFAGold_2011;Gacha;5G;Gold;;
Lexus_LFAGold_2011;Collection;5G;Gold;;
Lexus_LFANurburgringPackage_2011;Prize;5P;Purple;;
Lexus_LFANurburgringPackage_2011;IAP;5P;Purple;;
Lexus_LFANurburgringPackage_2011;IAPSpecial;5P;Purple;;
Lexus_LFANurburgringPackage_2011;Collection;5P;Purple;;
LocalMotor_RallyFighter_2013;Gacha;3G;Gold;3G;3G
LocalMotor_RallyFighter_2013;Collection;3G;Gold;3G;3G
LocalMotor_RallyFighterF8_2013;Prize;4P;Purple;;
LocalMotor_RallyFighterF8_2013;IAP;4P;Purple;;
LocalMotor_RallyFighterF8_2013;IAPSpecial;4P;Purple;;
LocalMotor_RallyFighterF8_2013;Collection;4P;Purple;;
Lotus_Evija_2020;Prize;5P;Purple;;
Lotus_Evija_2020;IAP;5P;Purple;;
Lotus_Evija_2020;IAPSpecial;5P;Purple;;
Lotus_Evija_2020;Collection;5P;Purple;;
Lotus_EvijaReward_2020;Prize;5P;Purple;;
Lotus_EvijaReward_2020;IAP;5P;Purple;;
Lotus_EvijaReward_2020;IAPSpecial;5P;Purple;;
Lotus_EvijaReward_2020;Collection;5P;Purple;;
Lotus_EvijaRewardRecycled_2020;Gacha;5G;Gold;;
Lotus_EvijaRewardRecycled_2020;Collection;5G;Gold;;
Lotus_EvoraGT430Reward_2018;Prize;5P;Purple;;
Lotus_EvoraGT430Reward_2018;IAP;5P;Purple;;
Lotus_EvoraGT430Reward_2018;IAPSpecial;5P;Purple;;
Lotus_EvoraGT430Reward_2018;Collection;5P;Purple;;
Lotus_EvoraGT430RewardRecycled_2018;Gacha;5G;Gold;;
Lotus_EvoraGT430RewardRecycled_2018;Collection;5G;Gold;;
Lotus_Exige360CupCrew_2016;High_Stakes;3G;Gold;;
Lotus_Exige360CupCrewRecycled_2016;Gacha;2G;Gold;;
Lotus_Exige360CupCrewRecycled_2016;Collection;2G;Gold;;
Lotus_ExigeLF1_2014;Gacha;2G;Gold;;
Lotus_ExigeLF1_2014;Collection;2G;Gold;;
Lotus_ExigeS_2014;ShopGold;0G;Gold;;
Lotus_ExigeS_2014;Gacha;1G;Gold;;
Lotus_Type131Reward_2022;Prize;5P;Purple;;
Lotus_Type131Reward_2022;IAP;5P;Purple;;
Lotus_Type131Reward_2022;IAPSpecial;5P;Purple;;
Lotus_Type131Reward_2022;Collection;5P;Purple;;
Lotus_Type131RewardRecycled_2022;Gacha;5G;Gold;;
Lotus_Type131RewardRecycled_2022;Collection;5G;Gold;;
Lotus_VorsteinerEmiraReward_2022;Prize;5P;Purple;;
Lotus_VorsteinerEmiraReward_2022;IAP;5P;Purple;;
Lotus_VorsteinerEmiraReward_2022;IAPSpecial;5P;Purple;;
Lotus_VorsteinerEmiraReward_2022;Collection;5P;Purple;;
Lotus_VorsteinerEmiraRewardRecycled_2022;Gacha;5G;Gold;;
Lotus_VorsteinerEmiraRewardRecycled_2022;Collection;5G;Gold;;
Maserati_7DesignMC20VIP_2021;Collection;5P;Purple;;
Maserati_7DesignMC20VIP_2021;IAP;5P;Purple;;
Maserati_7DesignMC20VIP_2021;Prize;5P;Purple;;
Maserati_7DesignMC20VIP_2021;IAPSpecial;5P;Purple;;
Maserati_GhibliSQ4_2014;Gacha;4G;Gold;;
Maserati_GhibliSQ4_2014;Collection;4G;Gold;;
Maserati_GranTurismoMCReward_2018;Prize;4P;Purple;;
Maserati_GranTurismoMCReward_2018;IAP;4P;Purple;;
Maserati_GranTurismoMCReward_2018;IAPSpecial;4P;Purple;;
Maserati_GranTurismoMCReward_2018;Collection;4P;Purple;;
Maserati_GranTurismoMCRewardRecycled_2018;Gacha;4G;Gold;;
Maserati_GranTurismoMCRewardRecycled_2018;Collection;4G;Gold;;
Maserati_LBGranTurismoS_2018;Gacha;5G;Gold;;
Maserati_LBGranTurismoS_2018;Collection;5G;Gold;;
Maserati_MC12_2004;Prize;5P;Purple;;
Maserati_MC12_2004;IAP;5P;Purple;;
Maserati_MC12_2004;IAPSpecial;5P;Purple;;
Maserati_MC12_2004;Collection;5P;Purple;;
Maserati_MC12BC_2004;Prize;5P;Purple;;
Maserati_MC12BC_2004;IAP;5P;Purple;;
Maserati_MC12BC_2004;IAPSpecial;5P;Purple;;
Maserati_MC12BC_2004;Collection;5P;Purple;;
Maserati_MC12CarbonBlue_2004;Prize;5P;Purple;;
Maserati_MC12CarbonBlue_2004;IAP;5P;Purple;;
Maserati_MC12CarbonBlue_2004;IAPSpecial;5P;Purple;;
Maserati_MC12CarbonBlue_2004;Collection;5P;Purple;;
Maserati_MC20CieloReward_2023;Prize;5P;Purple;;
Maserati_MC20CieloReward_2023;IAP;5P;Purple;;
Maserati_MC20CieloReward_2023;IAPSpecial;5P;Purple;;
Maserati_MC20CieloReward_2023;Collection;5P;Purple;;
Maserati_MC20CieloRewardRecycled_2023;Gacha;5G;Gold;;
Maserati_MC20CieloRewardRecycled_2023;Collection;5G;Gold;;
Maserati_MC20Coupe_2021;Prize;5P;Purple;;
Maserati_MC20Coupe_2021;IAP;5P;Purple;;
Maserati_MC20Coupe_2021;IAPSpecial;5P;Purple;;
Maserati_MC20Coupe_2021;Collection;5P;Purple;;
Mazda_Furai_2008;Prize;5P;Purple;;
Mazda_Furai_2008;IAP;5P;Purple;;
Mazda_Furai_2008;IAPSpecial;5P;Purple;;
Mazda_Furai_2008;Collection;5P;Purple;;
Mazda_KRCJapanRX8Reward_2004;Prize;5P;Purple;;
Mazda_KRCJapanRX8Reward_2004;IAP;5P;Purple;;
Mazda_KRCJapanRX8Reward_2004;IAPSpecial;5P;Purple;;
Mazda_KRCJapanRX8Reward_2004;Collection;5P;Purple;;
Mazda_KRCJapanRX8RewardRecycled_2004;Gacha;5G;Gold;;
Mazda_KRCJapanRX8RewardRecycled_2004;Collection;5G;Gold;;
Mazda_LBSuperSilhouetteRX7_1993;Prize;5P;Purple;;
Mazda_LBSuperSilhouetteRX7_1993;IAP;5P;Purple;;
Mazda_LBSuperSilhouetteRX7_1993;IAPSpecial;5P;Purple;;
Mazda_LBSuperSilhouetteRX7_1993;Collection;5P;Purple;;
Mazda_LBSuperSilhouetteRX7SE_1993;Prize;5P;Purple;;
Mazda_LBSuperSilhouetteRX7SE_1993;IAP;5P;Purple;;
Mazda_LBSuperSilhouetteRX7SE_1993;IAPSpecial;5P;Purple;;
Mazda_LBSuperSilhouetteRX7SE_1993;Collection;5P;Purple;;
Mazda_MX5_2016;High_Stakes;2P;Purple;;
Mazda_MX5_2016;Prize;2P;Purple;;
Mazda_PandeMMX5_2016;Gacha;3G;Gold;;
Mazda_PandeMMX5_2016;Collection;3G;Gold;;
Mazda_RBRX8_2004;Prize;5P;Purple;;
Mazda_RBRX8_2004;IAP;5P;Purple;;
Mazda_RBRX8_2004;IAPSpecial;5P;Purple;;
Mazda_RBRX8_2004;Collection;5P;Purple;;
Mazda_RX7F1_1993;Prize;5P;Purple;;
Mazda_RX7F1_1993;IAP;5P;Purple;;
Mazda_RX7F1_1993;IAPSpecial;5P;Purple;;
Mazda_RX7F1_1993;Collection;5P;Purple;;
Mazda_RX7F2_1993;Prize;5P;Purple;;
Mazda_RX7F2_1993;IAP;5P;Purple;;
Mazda_RX7F2_1993;IAPSpecial;5P;Purple;;
Mazda_RX7F2_1993;Collection;5P;Purple;;
Mazda_RX7F3_1993;Prize;5P;Purple;;
Mazda_RX7F3_1993;IAP;5P;Purple;;
Mazda_RX7F3_1993;IAPSpecial;5P;Purple;;
Mazda_RX7F3_1993;Collection;5P;Purple;;
Mazda_RX7Reward_1993;Prize;5P;Purple;;
Mazda_RX7Reward_1993;IAP;5P;Purple;;
Mazda_RX7Reward_1993;IAPSpecial;5P;Purple;;
Mazda_RX7Reward_1993;Collection;5P;Purple;;
Mazda_RX7RewardEaster_1993;Prize;5P;Purple;;
Mazda_RX7RewardEaster_1993;IAP;5P;Purple;;
Mazda_RX7RewardEaster_1993;IAPSpecial;5P;Purple;;
Mazda_RX7RewardEaster_1993;Collection;5P;Purple;;
Mazda_RX7RewardRecycled_1993;Gacha;5G;Gold;5G;5G
Mazda_RX7RewardRecycled_1993;Collection;5G;Gold;5G;5G
Mazda_RX7TNR_1993;IAP;5P;Purple;5B;5P
Mazda_RX7TNR_1993;ShopGold;5P;Purple;5B;5P
Mazda_RX7TNR_1993;Gacha;5P;Purple;5B;5P
Mazda_RX7TNR_1993;Unknown;5P;Purple;5B;5P
Mazda_RX8F3_2004;Prize;5P;Purple;;
Mazda_RX8F3_2004;IAP;5P;Purple;;
Mazda_RX8F3_2004;IAPSpecial;5P;Purple;;
Mazda_RX8F3_2004;Collection;5P;Purple;;
Mazda_RX8TNR_2008;Unknown;5B;Gold;5B;5P0B
Mazzanti_EvantraMillecavalli_2019;Prize;5P;Purple;;
Mazzanti_EvantraMillecavalli_2019;IAP;5P;Purple;;
Mazzanti_EvantraMillecavalli_2019;IAPSpecial;5P;Purple;;
Mazzanti_EvantraMillecavalli_2019;Collection;5P;Purple;;
Mazzanti_EvantraMillecavalliGold_2019;Gacha;5G;Gold;;
Mazzanti_EvantraMillecavalliGold_2019;Collection;5G;Gold;;
McLaren_570S_2016;ShopCash;0G;Gold;;
McLaren_570S_2016;ShopGold;0G;Gold;;
McLaren_570S_2016;Gacha;3G;Gold;;
McLaren_600LTReward_2019;Prize;5P;Purple;;
McLaren_600LTReward_2019;IAP;5P;Purple;;
McLaren_600LTReward_2019;IAPSpecial;5P;Purple;;
McLaren_600LTReward_2019;Collection;5P;Purple;;
McLaren_600LTRewardRecycled_2019;Gacha;5G;Gold;;
McLaren_600LTRewardRecycled_2019;Collection;5G;Gold;;
McLaren_600LTSpiderReward_2020;Prize;5P;Purple;;
McLaren_600LTSpiderReward_2020;IAP;5P;Purple;;
McLaren_600LTSpiderReward_2020;IAPSpecial;5P;Purple;;
McLaren_600LTSpiderReward_2020;Collection;5P;Purple;;
McLaren_600LTSpiderRewardRecycled_2020;Gacha;5G;Gold;;
McLaren_600LTSpiderRewardRecycled_2020;Collection;5G;Gold;;
McLaren_650S_2015;ShopGold;3G;Gold;;
McLaren_650S_2015;Gacha;3G;Gold;;
McLaren_675LTSpiderReward_2016;Prize;4P;Purple;;
McLaren_675LTSpiderReward_2016;IAP;4P;Purple;;
McLaren_675LTSpiderReward_2016;IAPSpecial;4P;Purple;;
McLaren_675LTSpiderReward_2016;Collection;4P;Purple;;
McLaren_675LTSpiderRewardRecycled_2016;Gacha;4G;Gold;;
McLaren_675LTSpiderRewardRecycled_2016;Collection;4G;Gold;;
McLaren_675LTSpiderRewardRecycled_2016;IAP;4G;Gold;;
McLaren_720SGT3_2019;Prize;5P;Purple;;
McLaren_720SGT3_2019;IAP;5P;Purple;;
McLaren_720SGT3_2019;IAPSpecial;5P;Purple;;
McLaren_720SGT3_2019;Collection;5P;Purple;;
McLaren_720SGT3X_2021;Prize;5P;Purple;;
McLaren_720SGT3X_2021;IAP;5P;Purple;;
McLaren_720SGT3X_2021;IAPSpecial;5P;Purple;;
McLaren_720SGT3X_2021;Collection;5P;Purple;;
McLaren_720SSpiderReward_2019;Prize;5P;Purple;;
McLaren_720SSpiderReward_2019;IAP;5P;Purple;;
McLaren_720SSpiderReward_2019;IAPSpecial;5P;Purple;;
McLaren_720SSpiderReward_2019;Collection;5P;Purple;;
McLaren_720SSpiderRewardRecycled_2019;Gacha;5G;Gold;;
McLaren_720SSpiderRewardRecycled_2019;Collection;5G;Gold;;
McLaren_720STNR_2017;Gacha;5P;Purple;5B;5P
McLaren_720STNR_2017;Collection;5P;Purple;5B;5P
McLaren_720STNR_2017;Unknown;5P;Purple;5B;5P
McLaren_750SReward_2023;Prize;5P;Purple;;
McLaren_750SReward_2023;IAP;5P;Purple;;
McLaren_750SReward_2023;IAPSpecial;5P;Purple;;
McLaren_750SReward_2023;Collection;5P;Purple;;
McLaren_750SRewardRecycled_2023;Gacha;5G;Gold;;
McLaren_750SRewardRecycled_2023;Collection;5G;Gold;;
McLaren_765LT_2021;Gacha;5G;Gold;;
McLaren_765LT_2021;Collection;5G;Gold;;
McLaren_765LT_2021;IAP;5G;Gold;;
McLaren_765LTSpiderReward_2021;Prize;5P;Purple;;
McLaren_765LTSpiderReward_2021;IAP;5P;Purple;;
McLaren_765LTSpiderReward_2021;IAPSpecial;5P;Purple;;
McLaren_765LTSpiderReward_2021;Collection;5P;Purple;;
McLaren_765LTSpiderRewardRecycled_2021;Gacha;5G;Gold;;
McLaren_765LTSpiderRewardRecycled_2021;Collection;5G;Gold;;
McLaren_ArturaReward_2022;Prize;5P;Purple;;
McLaren_ArturaReward_2022;IAP;5P;Purple;;
McLaren_ArturaReward_2022;IAPSpecial;5P;Purple;;
McLaren_ArturaReward_2022;Collection;5P;Purple;;
McLaren_ArturaRewardRecycled_2022;Gacha;5G;Gold;;
McLaren_ArturaRewardRecycled_2022;Collection;5G;Gold;;
McLaren_ArturaSpiderReward_2024;Prize;5P;Purple;;
McLaren_ArturaSpiderReward_2024;IAP;5P;Purple;;
McLaren_ArturaSpiderReward_2024;IAPSpecial;5P;Purple;;
McLaren_ArturaSpiderReward_2024;Collection;5P;Purple;;
McLaren_ArturaSpiderRewardRecycled_2024;Gacha;5G;Gold;;
McLaren_ArturaSpiderRewardRecycled_2024;Collection;5G;Gold;;
McLaren_Elva_2021;Prize;5P;Purple;;
McLaren_Elva_2021;IAP;5P;Purple;;
McLaren_Elva_2021;IAPSpecial;5P;Purple;;
McLaren_Elva_2021;Collection;5P;Purple;;
McLaren_ElvaGold_2021;Gacha;5G;Gold;;
McLaren_ElvaGold_2021;Collection;5G;Gold;;
McLaren_ElvaGOSH_2021;Prize;5P;Purple;;
McLaren_ElvaGOSH_2021;IAP;5P;Purple;;
McLaren_ElvaGOSH_2021;IAPSpecial;5P;Purple;;
McLaren_ElvaGOSH_2021;Collection;5P;Purple;;
McLaren_ElvaMSO_2021;Prize;5P;Purple;;
McLaren_ElvaMSO_2021;IAP;5P;Purple;;
McLaren_ElvaMSO_2021;IAPSpecial;5P;Purple;;
McLaren_ElvaMSO_2021;Collection;5P;Purple;;
McLaren_ElvaWindscreenReward_2021;Prize;5P;Purple;;
McLaren_ElvaWindscreenReward_2021;IAP;5P;Purple;;
McLaren_ElvaWindscreenReward_2021;IAPSpecial;5P;Purple;;
McLaren_ElvaWindscreenReward_2021;Collection;5P;Purple;;
McLaren_ElvaWindscreenRewardRecycled_2021;Gacha;5G;Gold;;
McLaren_ElvaWindscreenRewardRecycled_2021;Collection;5G;Gold;;
McLaren_F1_1993;Prize;5P;Purple;5P;5P
McLaren_F1GT_1997;Prize;5P;Purple;;
McLaren_F1GT_1997;IAP;5P;Purple;;
McLaren_F1GT_1997;IAPSpecial;5P;Purple;;
McLaren_F1GT_1997;Collection;5P;Purple;;
McLaren_F1LM_1995;Prize;5P;Purple;;
McLaren_F1LM_1995;IAP;5P;Purple;;
McLaren_F1LM_1995;IAPSpecial;5P;Purple;;
McLaren_F1LM_1995;Collection;5P;Purple;;
McLaren_GTReward_2020;Prize;5P;Purple;;
McLaren_GTReward_2020;IAP;5P;Purple;;
McLaren_GTReward_2020;IAPSpecial;5P;Purple;;
McLaren_GTReward_2020;Collection;5P;Purple;;
McLaren_GTRewardRecycled_2020;Gacha;5G;Gold;;
McLaren_GTRewardRecycled_2020;Collection;5G;Gold;;
McLaren_LB650SReward_2015;Prize;5P;Purple;;
McLaren_LB650SReward_2015;IAP;5P;Purple;;
McLaren_LB650SReward_2015;IAPSpecial;5P;Purple;;
McLaren_LB650SReward_2015;Collection;5P;Purple;;
McLaren_LB650SRewardGold_2015;Prize;5P;Purple;;
McLaren_LB650SRewardGold_2015;IAP;5P;Purple;;
McLaren_LB650SRewardGold_2015;IAPSpecial;5P;Purple;;
McLaren_LB650SRewardGold_2015;Collection;5P;Purple;;
McLaren_LB650SRewardRecycled_2015;Gacha;5G;Gold;;
McLaren_LB650SRewardRecycled_2015;Collection;5G;Gold;;
McLaren_P14CoupeReward_2017;Prize;5P;Purple;;
McLaren_P14CoupeReward_2017;IAP;5P;Purple;;
McLaren_P14CoupeReward_2017;IAPSpecial;5P;Purple;;
McLaren_P14CoupeReward_2017;Collection;5P;Purple;;
McLaren_P14CoupeRewardRecycled_2017;Gacha;5G;Gold;;
McLaren_P14CoupeRewardRecycled_2017;Collection;5G;Gold;;
McLaren_P14CoupeSH1_2017;Prize;5P;Purple;;
McLaren_P14CoupeSH1_2017;IAP;5P;Purple;;
McLaren_P14CoupeSH1_2017;IAPSpecial;5P;Purple;;
McLaren_P14CoupeSH1_2017;Collection;5P;Purple;;
McLaren_P1_2014;Gacha;5G;Gold;;
McLaren_P1_2014;Collection;5G;Gold;;
McLaren_P1GTREvo_2015;Prize;5P;Purple;;
McLaren_P1GTREvo_2015;IAP;5P;Purple;;
McLaren_P1GTREvo_2015;IAPSpecial;5P;Purple;;
McLaren_P1GTREvo_2015;Collection;5P;Purple;;
McLaren_P1GTRReward_2015;Prize;5P;Purple;;
McLaren_P1GTRReward_2015;IAP;5P;Purple;;
McLaren_P1GTRReward_2015;IAPSpecial;5P;Purple;;
McLaren_P1GTRReward_2015;Collection;5P;Purple;;
McLaren_P1GTRRewardRecycled_2015;Gacha;5G;Gold;;
McLaren_P1GTRRewardRecycled_2015;Collection;5G;Gold;;
McLaren_P1GTRRewardRecycled_2015;IAP;5G;Gold;;
McLaren_Sabre_2022;Prize;5P;Purple;;
McLaren_Sabre_2022;IAP;5P;Purple;;
McLaren_Sabre_2022;IAPSpecial;5P;Purple;;
McLaren_Sabre_2022;Collection;5P;Purple;;
McLaren_Senna_2018;Prize;5P;Purple;;
McLaren_Senna_2018;IAP;5P;Purple;;
McLaren_Senna_2018;IAPSpecial;5P;Purple;;
McLaren_Senna_2018;Collection;5P;Purple;;
McLaren_SennaCarbon_2018;Prize;5P;Purple;;
McLaren_SennaCarbon_2018;IAP;5P;Purple;;
McLaren_SennaCarbon_2018;IAPSpecial;5P;Purple;;
McLaren_SennaCarbon_2018;Collection;5P;Purple;;
McLaren_SennaGOSH_2018;Prize;5P;Purple;;
McLaren_SennaGOSH_2018;IAP;5P;Purple;;
McLaren_SennaGOSH_2018;IAPSpecial;5P;Purple;;
McLaren_SennaGOSH_2018;Collection;5P;Purple;;
McLaren_SennaGTR_2020;Prize;5P;Purple;;
McLaren_SennaGTR_2020;IAP;5P;Purple;;
McLaren_SennaGTR_2020;IAPSpecial;5P;Purple;;
McLaren_SennaGTR_2020;Collection;5P;Purple;;
McLaren_SennaGTRLM_2020;Prize;5P;Purple;;
McLaren_SennaGTRLM_2020;IAP;5P;Purple;;
McLaren_SennaGTRLM_2020;IAPSpecial;5P;Purple;;
McLaren_SennaGTRLM_2020;Collection;5P;Purple;;
McLaren_SennaLE_2018;Prize;5P;Purple;;
McLaren_SennaLE_2018;IAP;5P;Purple;;
McLaren_SennaLE_2018;IAPSpecial;5P;Purple;;
McLaren_SennaLE_2018;Collection;5P;Purple;;
McLaren_SLR722EditionCrew_2007;High_Stakes;0G;Gold;;
McLaren_SLR722EditionReward_2006;Prize;5P;Purple;;
McLaren_SLR722EditionReward_2006;IAP;5P;Purple;;
McLaren_SLR722EditionReward_2006;IAPSpecial;5P;Purple;;
McLaren_SLR722EditionReward_2006;Collection;5P;Purple;;
McLaren_SLR722EditionRewardRecycled_2006;Gacha;5G;Gold;;
McLaren_SLR722EditionRewardRecycled_2006;Collection;5G;Gold;;
McLaren_SLR722SRoadster_2009;Prize;5P;Purple;;
McLaren_SLR722SRoadster_2009;IAP;5P;Purple;;
McLaren_SLR722SRoadster_2009;IAPSpecial;5P;Purple;;
McLaren_SLR722SRoadster_2009;Collection;5P;Purple;;
McLaren_SolusGT_2023;Prize;5P;Purple;;
McLaren_SolusGT_2023;IAP;5P;Purple;;
McLaren_SolusGT_2023;IAPSpecial;5P;Purple;;
McLaren_SolusGT_2023;Collection;5P;Purple;;
McLaren_Speedtail_2019;Prize;5P;Purple;;
McLaren_Speedtail_2019;IAP;5P;Purple;;
McLaren_Speedtail_2019;IAPSpecial;5P;Purple;;
McLaren_Speedtail_2019;Collection;5P;Purple;;
McLaren_SpeedtailOrange_2019;Prize;5P;Purple;;
McLaren_SpeedtailOrange_2019;IAP;5P;Purple;;
McLaren_SpeedtailOrange_2019;IAPSpecial;5P;Purple;;
McLaren_SpeedtailOrange_2019;Collection;5P;Purple;;
McLaren_SpeedtailRed_2019;Prize;5P;Purple;;
McLaren_SpeedtailRed_2019;IAP;5P;Purple;;
McLaren_SpeedtailRed_2019;IAPSpecial;5P;Purple;;
McLaren_SpeedtailRed_2019;Collection;5P;Purple;;
McLaren_SpeedtailRedSEG_2019;Prize;5P;Purple;;
McLaren_SpeedtailRedSEG_2019;IAP;5P;Purple;;
McLaren_SpeedtailRedSEG_2019;IAPSpecial;5P;Purple;;
McLaren_SpeedtailRedSEG_2019;Collection;5P;Purple;;
McLaren_Vorsteiner570VXReward_2016;Prize;4P;Purple;;
McLaren_Vorsteiner570VXReward_2016;IAP;4P;Purple;;
McLaren_Vorsteiner570VXReward_2016;IAPSpecial;4P;Purple;;
McLaren_Vorsteiner570VXReward_2016;Collection;4P;Purple;;
McLaren_Vorsteiner570VXRewardRecycled_2016;Gacha;4G;Gold;;
McLaren_Vorsteiner570VXRewardRecycled_2016;Collection;4G;Gold;;
McLaren_Vorsteiner720SReward_2018;Prize;5P;Purple;;
McLaren_Vorsteiner720SReward_2018;IAP;5P;Purple;;
McLaren_Vorsteiner720SReward_2018;IAPSpecial;5P;Purple;;
McLaren_Vorsteiner720SReward_2018;Collection;5P;Purple;;
McLaren_Vorsteiner720SRewardRecycled_2018;Gacha;5G;Gold;;
McLaren_Vorsteiner720SRewardRecycled_2018;Collection;5G;Gold;;
McLaren_W1_2025;Prize;5P;Purple;;
McLaren_W1_2025;IAPSpecial;5P;Purple;;
McLaren_W1_2025;Collection;5P;Purple;;
McLaren_W1_2025;IAP;5P;Purple;;
McMurtry_Speirling_2022;Prize;5P;Purple;;
McMurtry_Speirling_2022;IAP;5P;Purple;;
McMurtry_Speirling_2022;IAPSpecial;5P;Purple;;
McMurtry_Speirling_2022;Collection;5P;Purple;;
MercedesAMG_CLAEVReward_2025;Prize;4P;Purple;;
MercedesAMG_CLAEVReward_2025;IAP;4P;Purple;;
MercedesAMG_CLAEVReward_2025;IAPSpecial;4P;Purple;;
MercedesAMG_CLAEVReward_2025;Collection;4P;Purple;;
MercedesAMG_CLAEVRewardRecycled_2025;Gacha;4G;Gold;;
MercedesAMG_CLAEVRewardRecycled_2025;Collection;4G;Gold;;
MercedesAMG_CLE53CoupeReward_2024;Collection;5P;Purple;;
MercedesAMG_CLE53CoupeReward_2024;IAPSpecial;5P;Purple;;
MercedesAMG_CLE53CoupeReward_2024;IAP;5P;Purple;;
MercedesAMG_CLE53CoupeReward_2024;Prize;5P;Purple;;
MercedesAMG_CLE53CoupeRewardRecycled_2024;Gacha;5G;Gold;;
MercedesAMG_G63SUVReward_2020;Prize;5P;Purple;;
MercedesAMG_G63SUVReward_2020;IAP;5P;Purple;;
MercedesAMG_G63SUVReward_2020;IAPSpecial;5P;Purple;;
MercedesAMG_G63SUVReward_2020;Collection;5P;Purple;;
MercedesAMG_G63SUVRewardRecycled_2020;Gacha;5G;Gold;;
MercedesAMG_G63SUVRewardRecycled_2020;Collection;5G;Gold;;
MercedesAMG_GT3_2020;Prize;5P;Purple;;
MercedesAMG_GT3_2020;IAP;5P;Purple;;
MercedesAMG_GT3_2020;IAPSpecial;5P;Purple;;
MercedesAMG_GT3_2020;Collection;5P;Purple;;
MercedesAMG_GT_2015;ShopGold;3G;Gold;;
MercedesAMG_GT_2015;Gacha;3G;Gold;;
MercedesAMG_GT_2015;Collection;3G;Gold;;
MercedesAMG_GTBlackSeriesReward_2020;Prize;5P;Purple;;
MercedesAMG_GTBlackSeriesReward_2020;IAP;5P;Purple;;
MercedesAMG_GTBlackSeriesReward_2020;IAPSpecial;5P;Purple;;
MercedesAMG_GTBlackSeriesReward_2020;Collection;5P;Purple;;
MercedesAMG_GTBlackSeriesRewardRecycled_2020;Gacha;5G;Gold;;
MercedesAMG_GTBlackSeriesRewardRecycled_2020;Collection;5G;Gold;;
MercedesAMG_GTRReward_2017;Prize;4P;Purple;;
MercedesAMG_GTRReward_2017;IAP;4P;Purple;;
MercedesAMG_GTRReward_2017;IAPSpecial;4P;Purple;;
MercedesAMG_GTRReward_2017;Collection;4P;Purple;;
MercedesAMG_GTRRewardHalloween_2017;Prize;4P;Purple;;
MercedesAMG_GTRRewardHalloween_2017;IAP;4P;Purple;;
MercedesAMG_GTRRewardHalloween_2017;IAPSpecial;4P;Purple;;
MercedesAMG_GTRRewardHalloween_2017;Collection;4P;Purple;;
MercedesAMG_GTRRewardRecycled_2017;Gacha;4G;Gold;;
MercedesAMG_GTRRewardRecycled_2017;Collection;4G;Gold;;
MercedesAMG_GTSF8_2015;Prize;5P;Purple;;
MercedesAMG_GTSF8_2015;IAP;5P;Purple;;
MercedesAMG_GTSF8_2015;IAPSpecial;5P;Purple;;
MercedesAMG_GTSF8_2015;Collection;5P;Purple;;
MercedesAMG_S63CoupeReward_2020;Prize;5P;Purple;;
MercedesAMG_S63CoupeReward_2020;IAP;5P;Purple;;
MercedesAMG_S63CoupeReward_2020;IAPSpecial;5P;Purple;;
MercedesAMG_S63CoupeReward_2020;Collection;5P;Purple;;
MercedesAMG_S63CoupeRewardRecycled_2020;Gacha;5G;Gold;;
MercedesAMG_S63CoupeRewardRecycled_2020;Collection;5G;Gold;;
MercedesAMGF1_W11_2020;Prize;5P;Purple;;
MercedesAMGF1_W11_2020;IAP;5P;Purple;;
MercedesAMGF1_W11_2020;IAPSpecial;5P;Purple;;
MercedesAMGF1_W11_2020;Collection;5P;Purple;;
MercedesAMGF1_W11VB_2020;Prize;5P;Purple;;
MercedesAMGF1_W11VB_2020;IAP;5P;Purple;;
MercedesAMGF1_W11VB_2020;IAPSpecial;5P;Purple;;
MercedesAMGF1_W11VB_2020;Collection;5P;Purple;;
MercedesBenz_300SLClassic_1954;ShopCash;3B;Gold;3B;3G
MercedesBenz_300SLClassic_1954;ShopGold;3B;Gold;3B;3G
MercedesBenz_A45AMG_2014;Gacha;2G;Gold;;
MercedesBenz_A45AMG_2014;Collection;2G;Gold;;
MercedesBenz_A45AMGElite_2014;High_Stakes;3P;Purple;;
MercedesBenz_C63AMGCoupeBlackSeries_2014;Gacha;4G;Gold;;
MercedesBenz_C63AMGCoupeBlackSeries_2014;Collection;4G;Gold;;
MercedesBenz_C63AMGEdition507_2014;Gacha;4G;Gold;3G1B;4G
MercedesBenz_C63AMGEdition507_2014;Collection;4G;Gold;3G1B;4G
MercedesBenz_CLA45AMGShootingBrakeBoss_2015;High_Stakes;3P;Purple;;
MercedesBenz_CLKGTR_1999;Prize;5P;Purple;;
MercedesBenz_CLKGTR_1999;IAP;5P;Purple;;
MercedesBenz_CLKGTR_1999;IAPSpecial;5P;Purple;;
MercedesBenz_CLKGTR_1999;Collection;5P;Purple;;
MercedesBenz_LBC63AMGCoupeBlackSeries_2014;Gacha;5G;Gold;;
MercedesBenz_LBC63AMGCoupeBlackSeries_2014;Collection;5G;Gold;;
MercedesBenz_SL65AMGBlackSeries_2009;Gacha;5G;Gold;;
MercedesBenz_SL65AMGBlackSeries_2009;Collection;5G;Gold;;
MercedesBenz_SLSAMGBlackSeries_2013;Gacha;4G;Gold;;
MercedesBenz_SLSAMGBlackSeries_2013;Collection;4G;Gold;;
Mini_CooperJCWGP_2020;Gacha;3G;Gold;;
Mini_CooperJCWGP_2020;Collection;3G;Gold;;
Mini_CooperS_2014;ShopCash;0G;Gold;;
Mini_CooperS_2014;ShopGold;0G;Gold;;
Mini_CooperS_2014;Gacha;1G;Gold;;
Mini_CooperS_2014;Tutorial;0G;Gold;;
Mini_CooperSElite_2014;High_Stakes;3P;Purple;;
Mitsubishi_EclipseF1_1995;Prize;5P;Purple;;
Mitsubishi_EclipseF1_1995;IAP;5P;Purple;;
Mitsubishi_EclipseF1_1995;IAPSpecial;5P;Purple;;
Mitsubishi_EclipseF1_1995;Collection;5P;Purple;;
Mitsubishi_EclipseSpyderF2_2003;Prize;5P;Purple;;
Mitsubishi_EclipseSpyderF2_2003;IAP;5P;Purple;;
Mitsubishi_EclipseSpyderF2_2003;IAPSpecial;5P;Purple;;
Mitsubishi_EclipseSpyderF2_2003;Collection;5P;Purple;;
Mitsubishi_LancerEvolutionIXF3_2006;Prize;5P;Purple;;
Mitsubishi_LancerEvolutionIXF3_2006;IAP;5P;Purple;;
Mitsubishi_LancerEvolutionIXF3_2006;IAPSpecial;5P;Purple;;
Mitsubishi_LancerEvolutionIXF3_2006;Collection;5P;Purple;;
Mitsubishi_LancerEvolutionVIIF2_2002;Prize;5P;Purple;;
Mitsubishi_LancerEvolutionVIIF2_2002;IAP;5P;Purple;;
Mitsubishi_LancerEvolutionVIIF2_2002;IAPSpecial;5P;Purple;;
Mitsubishi_LancerEvolutionVIIF2_2002;Collection;5P;Purple;;
Mitsubishi_LancerEVOXTNR_2015;ShopGold;5G;Gold;5B;5G
Mitsubishi_LancerEVOXTNR_2015;GenericRewards;5G;Gold;5B;5G
Mitsubishi_LancerEVOXTNR_2015;IAP;5G;Gold;5B;5G
Mitsubishi_VoltexEvoIXReward_2005;Prize;5P;Purple;;
Mitsubishi_VoltexEvoIXReward_2005;IAP;5P;Purple;;
Mitsubishi_VoltexEvoIXReward_2005;IAPSpecial;5P;Purple;;
Mitsubishi_VoltexEvoIXReward_2005;Collection;5P;Purple;;
Mitsubishi_VoltexEvoIXRewardRecycled_2005;Gacha;5G;Gold;;
Mitsubishi_VoltexEvoIXRewardRecycled_2005;Collection;5G;Gold;;
Nilu27_NILU_2025;Prize;5P;Purple;;
Nilu27_NILU_2025;IAP;5P;Purple;;
Nilu27_NILU_2025;IAPSpecial;5P;Purple;;
Nilu27_NILU_2025;Collection;5P;Purple;;
Nissan_240SXRocketBunnyBossReward_1995;Prize;5P;Purple;;
Nissan_240SXRocketBunnyBossReward_1995;IAP;5P;Purple;;
Nissan_240SXRocketBunnyBossReward_1995;IAPSpecial;5P;Purple;;
Nissan_240SXRocketBunnyBossReward_1995;Collection;5P;Purple;;
Nissan_240SXRocketBunnyBossRewardRecycled_1995;Gacha;5G;Gold;;
Nissan_240SXRocketBunnyBossRewardRecycled_1995;Collection;5G;Gold;;
Nissan_350ZF3_2003;Prize;5P;Purple;;
Nissan_350ZF3_2003;IAP;5P;Purple;;
Nissan_350ZF3_2003;IAPSpecial;5P;Purple;;
Nissan_350ZF3_2003;Collection;5P;Purple;;
Nissan_350ZRocketBunny_2003;Prize;5P;Purple;;
Nissan_350ZRocketBunny_2003;IAP;5P;Purple;;
Nissan_350ZRocketBunny_2003;IAPSpecial;5P;Purple;;
Nissan_350ZRocketBunny_2003;Collection;5P;Purple;;
Nissan_350ZRocketBunnyV2_2003;Prize;5P;Purple;;
Nissan_350ZRocketBunnyV2_2003;IAP;5P;Purple;;
Nissan_350ZRocketBunnyV2_2003;IAPSpecial;5P;Purple;;
Nissan_350ZRocketBunnyV2_2003;Collection;5P;Purple;;
Nissan_350ZRocketBunnyV2Easter_2003;Prize;5P;Purple;;
Nissan_350ZRocketBunnyV2Easter_2003;IAP;5P;Purple;;
Nissan_350ZRocketBunnyV2Easter_2003;IAPSpecial;5P;Purple;;
Nissan_350ZRocketBunnyV2Easter_2003;Collection;5P;Purple;;
Nissan_ActiveSkylineGTRR33_1995;Prize;5P;Purple;;
Nissan_ActiveSkylineGTRR33_1995;IAP;5P;Purple;;
Nissan_ActiveSkylineGTRR33_1995;IAPSpecial;5P;Purple;;
Nissan_ActiveSkylineGTRR33_1995;Collection;5P;Purple;;
Nissan_GTR50_2021;Prize;5P;Purple;;
Nissan_GTR50_2021;IAP;5P;Purple;;
Nissan_GTR50_2021;IAPSpecial;5P;Purple;;
Nissan_GTR50_2021;Collection;5P;Purple;;
Nissan_GTR50Reward_2020;Prize;5P;Purple;;
Nissan_GTR50Reward_2020;IAP;5P;Purple;;
Nissan_GTR50Reward_2020;IAPSpecial;5P;Purple;;
Nissan_GTR50Reward_2020;Collection;5P;Purple;;
Nissan_GTR50RewardRecycled_2020;Gacha;5G;Gold;;
Nissan_GTR50RewardRecycled_2020;Collection;5G;Gold;;
Nissan_GTR_2017;Gacha;4G;Gold;;
Nissan_GTR_2017;Collection;4G;Gold;;
Nissan_GTRNismoCrew_2017;High_Stakes;5P;Purple;;
Nissan_GTRNismoCrewRecycled_2017;Gacha;4G;Gold;;
Nissan_GTRNismoCrewRecycled_2017;Collection;4G;Gold;;
Nissan_GTRNISMOGT3_2015;Prize;5P;Purple;;
Nissan_GTRNISMOGT3_2015;IAP;5P;Purple;;
Nissan_GTRNISMOGT3_2015;IAPSpecial;5P;Purple;;
Nissan_GTRNISMOGT3_2015;Collection;5P;Purple;;
Nissan_GTRNismoNReward_2017;Prize;5P;Purple;;
Nissan_GTRNismoNReward_2017;IAP;5P;Purple;;
Nissan_GTRNismoNReward_2017;IAPSpecial;5P;Purple;;
Nissan_GTRNismoNReward_2017;Collection;5P;Purple;;
Nissan_GTRNismoNRewardRecycled_2017;Gacha;5G;Gold;;
Nissan_GTRNismoNRewardRecycled_2017;Collection;5G;Gold;;
Nissan_GTRNISMOReward_2024;Prize;5P;Purple;;
Nissan_GTRNISMOReward_2024;IAP;5P;Purple;;
Nissan_GTRNISMOReward_2024;IAPSpecial;5P;Purple;;
Nissan_GTRNISMOReward_2024;Collection;5P;Purple;;
Nissan_GTRNISMORewardRecycled_2024;Gacha;5G;Gold;;
Nissan_GTRNISMORewardRecycled_2024;Collection;5G;Gold;;
Nissan_GTRPremium_2015;ShopCash;0G;Gold;;
Nissan_GTRPremium_2015;ShopGold;0G;Gold;;
Nissan_GTRPremium_2015;Gacha;3G;Gold;;
Nissan_GTRR35BensopraF6_2012;Prize;5P;Purple;;
Nissan_GTRR35BensopraF6_2012;IAP;5P;Purple;;
Nissan_GTRR35BensopraF6_2012;IAPSpecial;5P;Purple;;
Nissan_GTRR35BensopraF6_2012;Collection;5P;Purple;;
Nissan_GTRReward_2015;Prize;4P;Purple;;
Nissan_GTRReward_2015;IAP;4P;Purple;;
Nissan_GTRReward_2015;IAPSpecial;4P;Purple;;
Nissan_GTRReward_2015;Collection;4P;Purple;;
Nissan_GTRRewardRecycled_2015;Gacha;4G;Gold;;
Nissan_GTRRewardRecycled_2015;Collection;4G;Gold;;
Nissan_GTRTNR_2017;GenericRewards;5P;Purple;5B;5P
Nissan_JukeR20ConceptReward_2015;Prize;5P;Purple;;
Nissan_JukeR20ConceptReward_2015;IAP;5P;Purple;;
Nissan_JukeR20ConceptReward_2015;IAPSpecial;5P;Purple;;
Nissan_JukeR20ConceptReward_2015;Collection;5P;Purple;;
Nissan_JukeR20ConceptRewardRecycled_2015;Gacha;5G;Gold;;
Nissan_JukeR20ConceptRewardRecycled_2015;Collection;5G;Gold;;
Nissan_KRCJapanGTRR35Reward_2017;Prize;5P;Purple;;
Nissan_KRCJapanGTRR35Reward_2017;IAP;5P;Purple;;
Nissan_KRCJapanGTRR35Reward_2017;IAPSpecial;5P;Purple;;
Nissan_KRCJapanGTRR35Reward_2017;Collection;5P;Purple;;
Nissan_KRCJapanGTRR35RewardRecycled_2017;Gacha;5G;Gold;;
Nissan_KRCJapanGTRR35RewardRecycled_2017;Collection;5G;Gold;;
Nissan_LBER34Skyline_2002;Prize;5P;Purple;;
Nissan_LBER34Skyline_2002;IAPSpecial;5P;Purple;;
Nissan_LBER34Skyline_2002;Collection;5P;Purple;;
Nissan_LBER34Skyline_2002;IAP;5P;Purple;;
Nissan_LBGTRType2_2017;Prize;5P;Purple;;
Nissan_LBGTRType2_2017;IAP;5P;Purple;;
Nissan_LBGTRType2_2017;IAPSpecial;5P;Purple;;
Nissan_LBGTRType2_2017;Collection;5P;Purple;;
Nissan_LBSuperSilhouetteSilviaS15_1999;Prize;5P;Purple;;
Nissan_LBSuperSilhouetteSilviaS15_1999;IAP;5P;Purple;;
Nissan_LBSuperSilhouetteSilviaS15_1999;IAPSpecial;5P;Purple;;
Nissan_LBSuperSilhouetteSilviaS15_1999;Collection;5P;Purple;;
Nissan_PandeMGTRR33Reward_1995;Prize;5P;Purple;;
Nissan_PandeMGTRR33Reward_1995;IAP;5P;Purple;;
Nissan_PandeMGTRR33Reward_1995;IAPSpecial;5P;Purple;;
Nissan_PandeMGTRR33Reward_1995;Collection;5P;Purple;;
Nissan_PandeMGTRR33RewardRecycled_1995;Gacha;5G;Gold;;
Nissan_PandeMGTRR33RewardRecycled_1995;Collection;5G;Gold;;
Nissan_ProtoZ_2020;Gacha;5G;Gold;;
Nissan_ProtoZ_2020;Collection;5G;Gold;;
Nissan_R390GT1_1997;Prize;5P;Purple;;
Nissan_R390GT1_1997;IAP;5P;Purple;;
Nissan_R390GT1_1997;IAPSpecial;5P;Purple;;
Nissan_R390GT1_1997;Collection;5P;Purple;;
Nissan_SilviaS14F1_1997;Prize;5P;Purple;;
Nissan_SilviaS14F1_1997;IAP;5P;Purple;;
Nissan_SilviaS14F1_1997;IAPSpecial;5P;Purple;;
Nissan_SilviaS14F1_1997;Collection;5P;Purple;;
Nissan_SilviaS15Crew_1999;High_Stakes;4P;Purple;;
Nissan_SilviaS15CrewRecycled_1999;Gacha;3G;Gold;;
Nissan_SilviaS15CrewRecycled_1999;Collection;3G;Gold;;
Nissan_SilviaS15F3_1999;Prize;5P;Purple;;
Nissan_SilviaS15F3_1999;IAP;5P;Purple;;
Nissan_SilviaS15F3_1999;IAPSpecial;5P;Purple;;
Nissan_SilviaS15F3_1999;Collection;5P;Purple;;
Nissan_SilviaS15RocketBunny_1999;Gacha;5G;Gold;5G;5G
Nissan_SilviaS15RocketBunny_1999;Collection;5G;Gold;5G;5G
Nissan_SilviaS15TNR_1999;Gacha;5P;Purple;5B;5P
Nissan_SilviaS15TNR_1999;Collection;5P;Purple;5B;5P
Nissan_SilviaS15TNR_1999;Prize;5P;Purple;5B;5P
Nissan_SkylineGTRF4_2002;Prize;5P;Purple;;
Nissan_SkylineGTRF4_2002;IAP;5P;Purple;;
Nissan_SkylineGTRF4_2002;IAPSpecial;5P;Purple;;
Nissan_SkylineGTRF4_2002;Collection;5P;Purple;;
Nissan_SkylineGTRR33F1_1995;Prize;5P;Purple;;
Nissan_SkylineGTRR33F1_1995;IAP;5P;Purple;;
Nissan_SkylineGTRR33F1_1995;IAPSpecial;5P;Purple;;
Nissan_SkylineGTRR33F1_1995;Collection;5P;Purple;;
Nissan_SkylineGTRR34F2_1999;Prize;5P;Purple;;
Nissan_SkylineGTRR34F2_1999;IAP;5P;Purple;;
Nissan_SkylineGTRR34F2_1999;IAPSpecial;5P;Purple;;
Nissan_SkylineGTRR34F2_1999;Collection;5P;Purple;;
Nissan_SkylineGTRR34TNR_2002;GenericRewards;5P;Purple;5B;5P
Nissan_SkylineGTRR34TNR_2002;IAP;5P;Purple;5B;5P
Nissan_SkylineGTRR34TNR_2002;Unknown;5P;Purple;5B;5P
Nissan_SkylineR33NismoSTune_1995;Gacha;5G;Gold;;
Nissan_SkylineR33NismoSTune_1995;Collection;5G;Gold;;
Nissan_StillenMaximaF1_1999;Prize;5P;Purple;;
Nissan_StillenMaximaF1_1999;IAP;5P;Purple;;
Nissan_StillenMaximaF1_1999;IAPSpecial;5P;Purple;;
Nissan_StillenMaximaF1_1999;Collection;5P;Purple;;
Nissan_TopSecret350ZF3_2003;Prize;5P;Purple;;
Nissan_TopSecret350ZF3_2003;IAP;5P;Purple;;
Nissan_TopSecret350ZF3_2003;IAPSpecial;5P;Purple;;
Nissan_TopSecret350ZF3_2003;Collection;5P;Purple;;
Nissan_VeilsideZReward_2023;Prize;4P;Purple;;
Nissan_VeilsideZReward_2023;IAP;4P;Purple;;
Nissan_VeilsideZReward_2023;IAPSpecial;4P;Purple;;
Nissan_VeilsideZReward_2023;Collection;4P;Purple;;
Nissan_VeilsideZRewardRecycled_2023;Gacha;4G;Gold;;
Nissan_VeilsideZRewardRecycled_2023;Collection;4G;Gold;;
Nissan_Zero4Skyline2000GT_1971;Prize;5P;Purple;;
Nissan_Zero4Skyline2000GT_1971;IAP;5P;Purple;;
Nissan_Zero4Skyline2000GT_1971;IAPSpecial;5P;Purple;;
Nissan_Zero4Skyline2000GT_1971;Collection;5P;Purple;;
Nissan_ZNISMOReward_2024;Prize;5P;Purple;;
Nissan_ZNISMOReward_2024;IAP;5P;Purple;;
Nissan_ZNISMOReward_2024;IAPSpecial;5P;Purple;;
Nissan_ZNISMOReward_2024;Collection;5P;Purple;;
Nissan_ZNISMORewardRecycled_2024;Gacha;5G;Gold;;
Nissan_ZNISMORewardRecycled_2024;Collection;5G;Gold;;
Nissan_ZTNR_2023;Gacha;5P;Purple;5B;5P
Nissan_ZTNR_2023;Unknown;5P;Purple;5B;5P
Nissan_ZTNR_2023;Collection;5P;Purple;5B;5P
Nissan_ZTNR_2023;Prize;5P;Purple;5B;5P
Noble_M500_2022;Prize;5P;Purple;;
Noble_M500_2022;IAP;5P;Purple;;
Noble_M500_2022;IAPSpecial;5P;Purple;;
Noble_M500_2022;Collection;5P;Purple;;
Noble_M600CarbonSport_2017;Prize;5P;Purple;;
Noble_M600CarbonSport_2017;IAP;5P;Purple;;
Noble_M600CarbonSport_2017;IAPSpecial;5P;Purple;;
Noble_M600CarbonSport_2017;Collection;5P;Purple;;
Noble_M600F9_2017;Prize;5P;Purple;;
Noble_M600F9_2017;IAP;5P;Purple;;
Noble_M600F9_2017;IAPSpecial;5P;Purple;;
Noble_M600F9_2017;Collection;5P;Purple;;
Noble_M600Reward_2017;Prize;5P;Purple;;
Noble_M600Reward_2017;IAP;5P;Purple;;
Noble_M600Reward_2017;IAPSpecial;5P;Purple;;
Noble_M600Reward_2017;Collection;5P;Purple;;
Noble_M600RewardRecycled_2017;Gacha;5G;Gold;;
Noble_M600RewardRecycled_2017;Collection;5G;Gold;;
Noble_M600SpeedsterReward_2018;Prize;5P;Purple;;
Noble_M600SpeedsterReward_2018;IAP;5P;Purple;;
Noble_M600SpeedsterReward_2018;IAPSpecial;5P;Purple;;
Noble_M600SpeedsterReward_2018;Collection;5P;Purple;;
Noble_M600SpeedsterRewardRecycled_2018;Gacha;5G;Gold;;
Noble_M600SpeedsterRewardRecycled_2018;Collection;5G;Gold;;
Pagani_C10_2023;Prize;5P;Purple;;
Pagani_C10_2023;IAP;5P;Purple;;
Pagani_C10_2023;IAPSpecial;5P;Purple;;
Pagani_C10_2023;Collection;5P;Purple;;
Pagani_C10Reward_2023;Prize;5P;Purple;;
Pagani_C10Reward_2023;IAP;5P;Purple;;
Pagani_C10Reward_2023;IAPSpecial;5P;Purple;;
Pagani_C10Reward_2023;Collection;5P;Purple;;
Pagani_C10RewardRecycled_2023;Gacha;5G;Gold;;
Pagani_C10RewardRecycled_2023;Collection;5G;Gold;;
Pagani_Huayra_2014;Gacha;4G;Gold;;
Pagani_Huayra_2014;Collection;4G;Gold;;
Pagani_HuayraBCReward_2016;Prize;5P;Purple;;
Pagani_HuayraBCReward_2016;IAP;5P;Purple;;
Pagani_HuayraBCReward_2016;IAPSpecial;5P;Purple;;
Pagani_HuayraBCReward_2016;Collection;5P;Purple;;
Pagani_HuayraBCRewardRecycled_2016;Gacha;5G;Gold;;
Pagani_HuayraBCRewardRecycled_2016;Collection;5G;Gold;;
Pagani_HuayraBCRoadster_2019;Gacha;5G;Gold;;
Pagani_HuayraBCRoadster_2019;Collection;5G;Gold;;
Pagani_HuayraBCRoadsterLS_2019;Prize;5P;Purple;;
Pagani_HuayraBCRoadsterLS_2019;IAP;5P;Purple;;
Pagani_HuayraBCRoadsterLS_2019;IAPSpecial;5P;Purple;;
Pagani_HuayraBCRoadsterLS_2019;Collection;5P;Purple;;
Pagani_HuayraBCRoadsterPB_2019;Prize;5P;Purple;;
Pagani_HuayraBCRoadsterPB_2019;IAP;5P;Purple;;
Pagani_HuayraBCRoadsterPB_2019;IAPSpecial;5P;Purple;;
Pagani_HuayraBCRoadsterPB_2019;Collection;5P;Purple;;
Pagani_HuayraCodalunga_2022;Prize;5P;Purple;;
Pagani_HuayraCodalunga_2022;IAP;5P;Purple;;
Pagani_HuayraCodalunga_2022;IAPSpecial;5P;Purple;;
Pagani_HuayraCodalunga_2022;Collection;5P;Purple;;
Pagani_HuayraCodalungaSpeedster_2025;Prize;5P;Purple;;
Pagani_HuayraCodalungaSpeedster_2025;IAPSpecial;5P;Purple;;
Pagani_HuayraCodalungaSpeedster_2025;IAP;5P;Purple;;
Pagani_HuayraCodalungaSpeedster_2025;Collection;5P;Purple;;
Pagani_HuayraElite_2014;High_Stakes;5P;Purple;;
Pagani_HuayraR_2021;Prize;5P;Purple;;
Pagani_HuayraR_2021;IAP;5P;Purple;;
Pagani_HuayraR_2021;IAPSpecial;5P;Purple;;
Pagani_HuayraR_2021;Collection;5P;Purple;;
Pagani_HuayraREvo_2024;Prize;5P;Purple;;
Pagani_HuayraREvo_2024;IAP;5P;Purple;;
Pagani_HuayraREvo_2024;IAPSpecial;5P;Purple;;
Pagani_HuayraREvo_2024;Collection;5P;Purple;;
Pagani_HuayraRoadsterReward_2017;Prize;5P;Purple;;
Pagani_HuayraRoadsterReward_2017;IAP;5P;Purple;;
Pagani_HuayraRoadsterReward_2017;IAPSpecial;5P;Purple;;
Pagani_HuayraRoadsterReward_2017;Collection;5P;Purple;;
Pagani_HuayraRoadsterRewardRecycled_2017;Gacha;5G;Gold;;
Pagani_HuayraRoadsterRewardRecycled_2017;Collection;5G;Gold;;
Pagani_Imola_2021;Prize;5P;Purple;;
Pagani_Imola_2021;IAP;5P;Purple;;
Pagani_Imola_2021;IAPSpecial;5P;Purple;;
Pagani_Imola_2021;Collection;5P;Purple;;
Pagani_ImolaGold_2021;Prize;5P;Purple;;
Pagani_ImolaGold_2021;IAP;5P;Purple;;
Pagani_ImolaGold_2021;IAPSpecial;5P;Purple;;
Pagani_ImolaGold_2021;Collection;5P;Purple;;
Pagani_ImolaRoadster_2023;Prize;5P;Purple;;
Pagani_ImolaRoadster_2023;IAP;5P;Purple;;
Pagani_ImolaRoadster_2023;IAPSpecial;5P;Purple;;
Pagani_ImolaRoadster_2023;Collection;5P;Purple;;
Pagani_UtopiaRoadster_2024;Prize;5P;Purple;;
Pagani_UtopiaRoadster_2024;IAP;5P;Purple;;
Pagani_UtopiaRoadster_2024;IAPSpecial;5P;Purple;;
Pagani_UtopiaRoadster_2024;Collection;5P;Purple;;
Pagani_ZondaBarchetta_2018;Prize;5P;Purple;;
Pagani_ZondaBarchetta_2018;IAP;5P;Purple;;
Pagani_ZondaBarchetta_2018;IAPSpecial;5P;Purple;;
Pagani_ZondaBarchetta_2018;Collection;5P;Purple;;
Pagani_ZondaCinqueCoupe_2009;Prize;5P;Purple;;
Pagani_ZondaCinqueCoupe_2009;IAP;5P;Purple;;
Pagani_ZondaCinqueCoupe_2009;IAPSpecial;5P;Purple;;
Pagani_ZondaCinqueCoupe_2009;Collection;5P;Purple;;
Pagani_ZondaCinqueCoupeReward_2009;Prize;5P;Purple;;
Pagani_ZondaCinqueCoupeReward_2009;IAP;5P;Purple;;
Pagani_ZondaCinqueCoupeReward_2009;IAPSpecial;5P;Purple;;
Pagani_ZondaCinqueCoupeReward_2009;Collection;5P;Purple;;
Pagani_ZondaCinqueCoupeRewardRecycled_2009;Gacha;5G;Gold;;
Pagani_ZondaCinqueCoupeRewardRecycled_2009;Collection;5G;Gold;;
Pagani_ZondaCinqueCoupeRewardRecycled_2009;IAP;5G;Gold;;
Pagani_ZondaCinqueRoadster_2010;Prize;5P;Purple;;
Pagani_ZondaCinqueRoadster_2010;IAP;5P;Purple;;
Pagani_ZondaCinqueRoadster_2010;IAPSpecial;5P;Purple;;
Pagani_ZondaCinqueRoadster_2010;Collection;5P;Purple;;
Pagani_ZondaCinqueRoadsterReward_2010;Prize;5P;Purple;;
Pagani_ZondaCinqueRoadsterReward_2010;IAP;5P;Purple;;
Pagani_ZondaCinqueRoadsterReward_2010;IAPSpecial;5P;Purple;;
Pagani_ZondaCinqueRoadsterReward_2010;Collection;5P;Purple;;
Pagani_ZondaCinqueRoadsterRewardRecycled_2010;Gacha;5G;Gold;;
Pagani_ZondaCinqueRoadsterRewardRecycled_2010;Collection;5G;Gold;;
Pagani_ZondaREvoBarchetta_2021;Prize;5P;Purple;;
Pagani_ZondaREvoBarchetta_2021;IAP;5P;Purple;;
Pagani_ZondaREvoBarchetta_2021;IAPSpecial;5P;Purple;;
Pagani_ZondaREvoBarchetta_2021;Collection;5P;Purple;;
Pagani_ZondaRevolucion_2013;Prize;5P;Purple;;
Pagani_ZondaRevolucion_2013;IAP;5P;Purple;;
Pagani_ZondaRevolucion_2013;IAPSpecial;5P;Purple;;
Pagani_ZondaRevolucion_2013;Collection;5P;Purple;;
Pininfarina_B95_2025;Prize;5P;Purple;;
Pininfarina_B95_2025;IAP;5P;Purple;;
Pininfarina_B95_2025;IAPSpecial;5P;Purple;;
Pininfarina_B95_2025;Collection;5P;Purple;;
Pininfarina_Battista_2020;Prize;5P;Purple;;
Pininfarina_Battista_2020;IAP;5P;Purple;;
Pininfarina_Battista_2020;IAPSpecial;5P;Purple;;
Pininfarina_Battista_2020;Collection;5P;Purple;;
Pininfarina_BattistaNinoFarina_2023;Prize;5P;Purple;;
Pininfarina_BattistaNinoFarina_2023;IAP;5P;Purple;;
Pininfarina_BattistaNinoFarina_2023;IAPSpecial;5P;Purple;;
Pininfarina_BattistaNinoFarina_2023;Collection;5P;Purple;;
Pininfarina_BattistaReward_2022;Prize;5P;Purple;;
Pininfarina_BattistaReward_2022;IAP;5P;Purple;;
Pininfarina_BattistaReward_2022;IAPSpecial;5P;Purple;;
Pininfarina_BattistaReward_2022;Collection;5P;Purple;;
Pininfarina_BattistaRewardRecycled_2022;Gacha;5G;Gold;;
Pininfarina_BattistaRewardRecycled_2022;Collection;5G;Gold;;
Placeholder_CoveredCar_1234;Prize;0G;Gold;;
Placeholder_CoveredCar_1234;IAP;0G;Gold;;
Placeholder_CoveredCar_1234;IAPSpecial;0G;Gold;;
Placeholder_CoveredCar_1234;Collection;0G;Gold;;
Placeholder_CoveredCar_1234;Gacha;0G;Gold;;
Plymouth_FormulaSBarracuda_1968;Gacha;5G;Gold;;
Plymouth_FormulaSBarracuda_1968;Collection;5G;Gold;;
Plymouth_FormulaSBarracudaElite_1968;High_Stakes;5P;Purple;;
Plymouth_FuryJimBelvedere_1958;Prize;5P;Purple;;
Plymouth_FuryJimBelvedere_1958;IAP;5P;Purple;;
Plymouth_FuryJimBelvedere_1958;IAPSpecial;5P;Purple;;
Plymouth_FuryJimBelvedere_1958;Collection;5P;Purple;;
Plymouth_HemiCudaClassic_1971;ShopCash;5B;Gold;5B;5G
Plymouth_HemiCudaClassic_1971;ShopGold;5B;Gold;5B;5G
Plymouth_RidesByKamBarracuda_1970;Prize;5P;Purple;;
Plymouth_RidesByKamBarracuda_1970;IAP;5P;Purple;;
Plymouth_RidesByKamBarracuda_1970;IAPSpecial;5P;Purple;;
Plymouth_RidesByKamBarracuda_1970;Collection;5P;Purple;;
Plymouth_RingbrothersCuda_1970;Prize;5P;Purple;;
Plymouth_RingbrothersCuda_1970;IAP;5P;Purple;;
Plymouth_RingbrothersCuda_1970;IAPSpecial;5P;Purple;;
Plymouth_RingbrothersCuda_1970;Collection;5P;Purple;;
Plymouth_RoadRunnerGTXF8_1971;Prize;5P;Purple;;
Plymouth_RoadRunnerGTXF8_1971;IAP;5P;Purple;;
Plymouth_RoadRunnerGTXF8_1971;IAPSpecial;5P;Purple;;
Plymouth_RoadRunnerGTXF8_1971;Collection;5P;Purple;;
Plymouth_RuffianCoupe_1935;IAP;5P;Purple;;
Plymouth_RuffianCoupe_1935;IAPSpecial;5P;Purple;;
Plymouth_RuffianCoupe_1935;Prize;5P;Purple;;
Plymouth_RuffianCoupe_1935;Collection;5P;Purple;;
Plymouth_SuperbirdLPClassic_1970;ShopCash;5B;Gold;5B;5P
Plymouth_SuperbirdLPClassic_1970;ShopGold;5B;Gold;5B;5P
Plymouth_WeaverCustomsCudaTorcReward4thJuly_2016;Prize;5P;Purple;;
Plymouth_WeaverCustomsCudaTorcReward4thJuly_2016;IAP;5P;Purple;;
Plymouth_WeaverCustomsCudaTorcReward4thJuly_2016;IAPSpecial;5P;Purple;;
Plymouth_WeaverCustomsCudaTorcReward4thJuly_2016;Collection;5P;Purple;;
Plymouth_WeaverCustomsCudaTorcReward_2016;Prize;5P;Purple;;
Plymouth_WeaverCustomsCudaTorcReward_2016;IAP;5P;Purple;;
Plymouth_WeaverCustomsCudaTorcReward_2016;IAPSpecial;5P;Purple;;
Plymouth_WeaverCustomsCudaTorcReward_2016;Collection;5P;Purple;;
Plymouth_WeaverCustomsCudaTorcRewardRecycled_2016;Gacha;5G;Gold;;
Plymouth_WeaverCustomsCudaTorcRewardRecycled_2016;Collection;5G;Gold;;
Pontiac_FieroF9_1986;Prize;5P;Purple;;
Pontiac_FieroF9_1986;IAP;5P;Purple;;
Pontiac_FieroF9_1986;IAPSpecial;5P;Purple;;
Pontiac_FieroF9_1986;Collection;5P;Purple;;
Pontiac_FirebirdTransAm_1977;Prize;5P;Purple;;
Pontiac_FirebirdTransAm_1977;IAP;5P;Purple;;
Pontiac_FirebirdTransAm_1977;IAPSpecial;5P;Purple;;
Pontiac_FirebirdTransAm_1977;Collection;5P;Purple;;
Pontiac_GTOTheJudgeClassic_1969;ShopCash;4B;Gold;4B;4G
Pontiac_GTOTheJudgeClassic_1969;ShopGold;4B;Gold;4B;4G
Pontiac_HorizonMotorsportsTransAm_1973;Prize;5P;Purple;;
Pontiac_HorizonMotorsportsTransAm_1973;IAP;5P;Purple;;
Pontiac_HorizonMotorsportsTransAm_1973;IAPSpecial;5P;Purple;;
Pontiac_HorizonMotorsportsTransAm_1973;Collection;5P;Purple;;
Pontiac_NHRFirebird_1970;Prize;5P;Purple;;
Pontiac_NHRFirebird_1970;IAP;5P;Purple;;
Pontiac_NHRFirebird_1970;IAPSpecial;5P;Purple;;
Pontiac_NHRFirebird_1970;Collection;5P;Purple;;
Pontiac_RyansFirebirdTransAm_1978;Prize;5P;Purple;;
Pontiac_RyansFirebirdTransAm_1978;IAP;5P;Purple;;
Pontiac_RyansFirebirdTransAm_1978;IAPSpecial;5P;Purple;;
Pontiac_RyansFirebirdTransAm_1978;Collection;5P;Purple;;
Porsche_718BoxsterS_2017;ShopCash;0G;Gold;;
Porsche_718BoxsterS_2017;ShopGold;0G;Gold;;
Porsche_718BoxsterS_2017;Gacha;1G;Gold;;
Porsche_718BoxsterSpyder_2020;Gacha;4G;Gold;;
Porsche_718BoxsterSpyder_2020;Collection;4G;Gold;;
Porsche_718CaymanGT4_2020;Gacha;4G;Gold;;
Porsche_718CaymanGT4_2020;Collection;4G;Gold;;
Porsche_718CaymanGT4RS_2022;Gacha;5G;Gold;;
Porsche_718CaymanGT4RS_2022;Collection;5G;Gold;;
Porsche_718SpyderRSReward_2024;Prize;5P;Purple;;
Porsche_718SpyderRSReward_2024;IAP;5P;Purple;;
Porsche_718SpyderRSReward_2024;IAPSpecial;5P;Purple;;
Porsche_718SpyderRSReward_2024;Collection;5P;Purple;;
Porsche_718SpyderRSRewardRecycled_2024;Gacha;5G;Gold;;
Porsche_718SpyderRSRewardRecycled_2024;Collection;5G;Gold;;
Porsche_911Carrera4SCabrioletReward_2020;Prize;5P;Purple;;
Porsche_911Carrera4SCabrioletReward_2020;IAP;5P;Purple;;
Porsche_911Carrera4SCabrioletReward_2020;IAPSpecial;5P;Purple;;
Porsche_911Carrera4SCabrioletReward_2020;Collection;5P;Purple;;
Porsche_911Carrera4SCabrioletRewardRecycled_2020;Gacha;5G;Gold;;
Porsche_911Carrera4SCabrioletRewardRecycled_2020;Collection;5G;Gold;;
Porsche_911CarreraRS27LPClassic_1973;ShopCash;5B;Gold;5B;5P
Porsche_911CarreraRS27LPClassic_1973;ShopGold;5B;Gold;5B;5P
Porsche_911DakarReward_2023;Prize;5P;Purple;;
Porsche_911DakarReward_2023;IAP;5P;Purple;;
Porsche_911DakarReward_2023;IAPSpecial;5P;Purple;;
Porsche_911DakarReward_2023;Collection;5P;Purple;;
Porsche_911DakarRewardRecycled_2023;Gacha;5G;Gold;;
Porsche_911DakarRewardRecycled_2023;Collection;5G;Gold;;
Porsche_911GT1StraBenversion_1996;Prize;5P;Purple;;
Porsche_911GT1StraBenversion_1996;IAP;5P;Purple;;
Porsche_911GT1StraBenversion_1996;IAPSpecial;5P;Purple;;
Porsche_911GT1StraBenversion_1996;Collection;5P;Purple;;
Porsche_911GT2_1993;Prize;5P;Purple;;
Porsche_911GT2_1993;IAP;5P;Purple;;
Porsche_911GT2_1993;IAPSpecial;5P;Purple;;
Porsche_911GT2_1993;Collection;5P;Purple;;
Porsche_911GT2RS_2017;Prize;5P;Purple;;
Porsche_911GT2RS_2017;IAP;5P;Purple;;
Porsche_911GT2RS_2017;IAPSpecial;5P;Purple;;
Porsche_911GT2RS_2017;Collection;5P;Purple;;
Porsche_911GT2RSClubSport_2019;Prize;5P;Purple;;
Porsche_911GT2RSClubSport_2019;IAP;5P;Purple;;
Porsche_911GT2RSClubSport_2019;IAPSpecial;5P;Purple;;
Porsche_911GT2RSClubSport_2019;Collection;5P;Purple;;
Porsche_911GT2RSClubSportSalzburg_2019;Gacha;5G;Gold;;
Porsche_911GT2RSClubSportSalzburg_2019;Collection;5G;Gold;;
Porsche_911GT2RSGold_2017;Gacha;5G;Gold;;
Porsche_911GT2RSGold_2017;Collection;5G;Gold;;
Porsche_911GT2RSVIP_2017;Prize;5P;Purple;;
Porsche_911GT2RSVIP_2017;IAP;5P;Purple;;
Porsche_911GT2RSVIP_2017;IAPSpecial;5P;Purple;;
Porsche_911GT2RSVIP_2017;Collection;5P;Purple;;
Porsche_911GT39922_2025;Prize;5P;Purple;;
Porsche_911GT39922_2025;IAP;5P;Purple;;
Porsche_911GT39922_2025;IAPSpecial;5P;Purple;;
Porsche_911GT39922_2025;Collection;5P;Purple;;
Porsche_911GT3_2022;Prize;5P;Purple;;
Porsche_911GT3_2022;IAP;5P;Purple;;
Porsche_911GT3_2022;IAPSpecial;5P;Purple;;
Porsche_911GT3_2022;Collection;5P;Purple;;
Porsche_911GT3R992_2022;Prize;5P;Purple;;
Porsche_911GT3R992_2022;IAP;5P;Purple;;
Porsche_911GT3R992_2022;IAPSpecial;5P;Purple;;
Porsche_911GT3R992_2022;Collection;5P;Purple;;
Porsche_911GT3Reward_2018;Prize;4P;Purple;;
Porsche_911GT3Reward_2018;IAP;4P;Purple;;
Porsche_911GT3Reward_2018;IAPSpecial;4P;Purple;;
Porsche_911GT3Reward_2018;Collection;4P;Purple;;
Porsche_911GT3RewardRecycled_2018;Gacha;4G;Gold;;
Porsche_911GT3RewardRecycled_2018;Collection;4G;Gold;;
Porsche_911GT3RRennsport_2023;Prize;5P;Purple;;
Porsche_911GT3RRennsport_2023;IAP;5P;Purple;;
Porsche_911GT3RRennsport_2023;IAPSpecial;5P;Purple;;
Porsche_911GT3RRennsport_2023;Collection;5P;Purple;;
Porsche_911GT3RS992_2023;Gacha;5G;Gold;;
Porsche_911GT3RS992_2023;Collection;5G;Gold;;
Porsche_911GT3RS992Tribute_2023;Prize;5P;Purple;;
Porsche_911GT3RS992Tribute_2023;IAP;5P;Purple;;
Porsche_911GT3RS992Tribute_2023;IAPSpecial;5P;Purple;;
Porsche_911GT3RS992Tribute_2023;Collection;5P;Purple;;
Porsche_911GT3RS997_2012;Collection;5P;Purple;;
Porsche_911GT3RS997_2012;IAPSpecial;5P;Purple;;
Porsche_911GT3RS997_2012;IAP;5P;Purple;;
Porsche_911GT3RS997_2012;Prize;5P;Purple;;
Porsche_911GT3RSCrew_2016;High_Stakes;5P;Purple;;
Porsche_911GT3RSCrewRecycled_2016;Gacha;4G;Gold;;
Porsche_911GT3RSCrewRecycled_2016;Collection;4G;Gold;;
Porsche_911GT3RSReward_2018;Prize;4P;Purple;;
Porsche_911GT3RSReward_2018;IAP;4P;Purple;;
Porsche_911GT3RSReward_2018;IAPSpecial;4P;Purple;;
Porsche_911GT3RSReward_2018;Collection;4P;Purple;;
Porsche_911GT3RSRewardRecycled_2018;Gacha;4G;Gold;;
Porsche_911GT3RSRewardRecycled_2018;Collection;4G;Gold;;
Porsche_911GT3TouringReward_2022;Prize;5P;Purple;;
Porsche_911GT3TouringReward_2022;IAP;5P;Purple;;
Porsche_911GT3TouringReward_2022;IAPSpecial;5P;Purple;;
Porsche_911GT3TouringReward_2022;Collection;5P;Purple;;
Porsche_911GT3TouringRewardRecycled_2022;Gacha;5G;Gold;;
Porsche_911GT3TouringRewardRecycled_2022;Collection;5G;Gold;;
Porsche_911RReward_2017;Prize;4P;Purple;;
Porsche_911RReward_2017;IAP;4P;Purple;;
Porsche_911RReward_2017;IAPSpecial;4P;Purple;;
Porsche_911RReward_2017;Collection;4P;Purple;;
Porsche_911RRewardRecycled_2017;Gacha;5G;Gold;4G1B;5G
Porsche_911RRewardRecycled_2017;Collection;5G;Gold;4G1B;5G
Porsche_911RWBReward_1972;Prize;5P;Purple;;
Porsche_911RWBReward_1972;IAP;5P;Purple;;
Porsche_911RWBReward_1972;IAPSpecial;5P;Purple;;
Porsche_911RWBReward_1972;Collection;5P;Purple;;
Porsche_911RWBRewardRecycled_1972;Gacha;5G;Gold;;
Porsche_911RWBRewardRecycled_1972;Collection;5G;Gold;;
Porsche_911SpeedsterReward_2020;Prize;5P;Purple;;
Porsche_911SpeedsterReward_2020;IAP;5P;Purple;;
Porsche_911SpeedsterReward_2020;IAPSpecial;5P;Purple;;
Porsche_911SpeedsterReward_2020;Collection;5P;Purple;;
Porsche_911SpeedsterRewardRecycled_2020;Gacha;5G;Gold;;
Porsche_911SpeedsterRewardRecycled_2020;Collection;5G;Gold;;
Porsche_911STReward_2024;Prize;5P;Purple;;
Porsche_911STReward_2024;IAP;5P;Purple;;
Porsche_911STReward_2024;IAPSpecial;5P;Purple;;
Porsche_911STReward_2024;Collection;5P;Purple;;
Porsche_911STRewardRecycled_2024;Gacha;5G;Gold;;
Porsche_911STRewardRecycled_2024;Collection;5G;Gold;;
Porsche_911STRII_1972;Prize;5P;Purple;;
Porsche_911STRII_1972;IAP;5P;Purple;;
Porsche_911STRII_1972;IAPSpecial;5P;Purple;;
Porsche_911STRII_1972;Collection;5P;Purple;;
Porsche_911Targa4GTSReward_2025;Prize;5P;Purple;;
Porsche_911Targa4GTSReward_2025;IAP;5P;Purple;;
Porsche_911Targa4GTSReward_2025;IAPSpecial;5P;Purple;;
Porsche_911Targa4GTSReward_2025;Collection;5P;Purple;;
Porsche_911Targa4GTSRewardRecycled_2025;Gacha;5G;Gold;;
Porsche_911Targa4GTSRewardRecycled_2025;Collection;5G;Gold;;
Porsche_911Targa4SReward_2021;Prize;5P;Purple;;
Porsche_911Targa4SReward_2021;IAP;5P;Purple;;
Porsche_911Targa4SReward_2021;IAPSpecial;5P;Purple;;
Porsche_911Targa4SReward_2021;Collection;5P;Purple;;
Porsche_911Targa4SRewardRecycled_2021;Gacha;5G;Gold;;
Porsche_911Targa4SRewardRecycled_2021;Collection;5G;Gold;;
Porsche_911Turbo930LPClassic_1977;ShopGold;5B;Gold;5B;5P
Porsche_911TurboFlachbauC_1987;Prize;5P;Purple;;
Porsche_911TurboFlachbauC_1987;IAP;5P;Purple;;
Porsche_911TurboFlachbauC_1987;IAPSpecial;5P;Purple;;
Porsche_911TurboFlachbauC_1987;Collection;5P;Purple;;
Porsche_911TurboSReward_2016;Prize;4P;Purple;;
Porsche_911TurboSReward_2016;IAP;4P;Purple;;
Porsche_911TurboSReward_2016;IAPSpecial;4P;Purple;;
Porsche_911TurboSReward_2016;Collection;4P;Purple;;
Porsche_911TurboSReward_2021;Prize;4P;Purple;;
Porsche_911TurboSReward_2021;IAP;4P;Purple;;
Porsche_911TurboSReward_2021;IAPSpecial;4P;Purple;;
Porsche_911TurboSReward_2021;Collection;4P;Purple;;
Porsche_911TurboSReward_2026;IAPSpecial;5P;Purple;;
Porsche_911TurboSReward_2026;Prize;5P;Purple;;
Porsche_911TurboSReward_2026;Collection;5P;Purple;;
Porsche_911TurboSReward_2026;IAP;5P;Purple;;
Porsche_911TurboSRewardRecycled_2016;Gacha;4G;Gold;;
Porsche_911TurboSRewardRecycled_2016;Collection;4G;Gold;;
Porsche_911TurboSRewardRecycled_2021;Gacha;4G;Gold;;
Porsche_911TurboSRewardRecycled_2021;Collection;4G;Gold;;
Porsche_911TurboSRewardRecycled_2026;Gacha;5G;Gold;;
Porsche_912Hoonipigasus_1966;Prize;5P;Purple;;
Porsche_912Hoonipigasus_1966;IAP;5P;Purple;;
Porsche_912Hoonipigasus_1966;IAPSpecial;5P;Purple;;
Porsche_912Hoonipigasus_1966;Collection;5P;Purple;;
Porsche_917K_1970;Prize;5P;Purple;;
Porsche_917K_1970;IAP;5P;Purple;;
Porsche_917K_1970;IAPSpecial;5P;Purple;;
Porsche_917K_1970;Collection;5P;Purple;;
Porsche_918SpyderGold_2015;Gacha;5G;Gold;;
Porsche_918SpyderGold_2015;Collection;5G;Gold;;
Porsche_918SpyderMartini_2015;Prize;5P;Purple;;
Porsche_918SpyderMartini_2015;IAP;5P;Purple;;
Porsche_918SpyderMartini_2015;IAPSpecial;5P;Purple;;
Porsche_918SpyderMartini_2015;Collection;5P;Purple;;
Porsche_918SpyderReward_2015;Prize;5P;Purple;;
Porsche_918SpyderReward_2015;IAP;5P;Purple;;
Porsche_918SpyderReward_2015;IAPSpecial;5P;Purple;;
Porsche_918SpyderReward_2015;Collection;5P;Purple;;
Porsche_918SpyderRewardRecycled_2015;Gacha;5G;Gold;;
Porsche_918SpyderRewardRecycled_2015;Collection;5G;Gold;;
Porsche_919Street_2020;IAPSpecial;5P;Purple;;
Porsche_919Street_2020;Prize;5P;Purple;;
Porsche_919Street_2020;Collection;5P;Purple;;
Porsche_919Street_2020;IAP;5P;Purple;;
Porsche_935_2019;Prize;5P;Purple;;
Porsche_935_2019;IAP;5P;Purple;;
Porsche_935_2019;IAPSpecial;5P;Purple;;
Porsche_935_2019;Collection;5P;Purple;;
Porsche_935Gold_2019;Prize;5P;Purple;;
Porsche_935Gold_2019;IAP;5P;Purple;;
Porsche_935Gold_2019;IAPSpecial;5P;Purple;;
Porsche_935Gold_2019;Collection;5P;Purple;;
Porsche_935Salzburg_2019;Prize;5P;Purple;;
Porsche_935Salzburg_2019;IAP;5P;Purple;;
Porsche_935Salzburg_2019;IAPSpecial;5P;Purple;;
Porsche_935Salzburg_2019;Collection;5P;Purple;;
Porsche_959_1988;Gacha;5G;Gold;;
Porsche_959_1988;Collection;5G;Gold;;
Porsche_962C_1987;Prize;5P;Purple;;
Porsche_962C_1987;IAP;5P;Purple;;
Porsche_962C_1987;IAPSpecial;5P;Purple;;
Porsche_962C_1987;Collection;5P;Purple;;
Porsche_963LMDh_2023;Prize;5P;Purple;;
Porsche_963LMDh_2023;IAP;5P;Purple;;
Porsche_963LMDh_2023;IAPSpecial;5P;Purple;;
Porsche_963LMDh_2023;Collection;5P;Purple;;
Porsche_Bisimoto935K3V_1984;Prize;5P;Purple;;
Porsche_Bisimoto935K3V_1984;IAP;5P;Purple;;
Porsche_Bisimoto935K3V_1984;IAPSpecial;5P;Purple;;
Porsche_Bisimoto935K3V_1984;Collection;5P;Purple;;
Porsche_Canepa959_1988;Prize;5P;Purple;;
Porsche_Canepa959_1988;IAP;5P;Purple;;
Porsche_Canepa959_1988;IAPSpecial;5P;Purple;;
Porsche_Canepa959_1988;Collection;5P;Purple;;
Porsche_CarreraGTClassic_2003;ShopCash;5B;Gold;5B;5G
Porsche_CarreraGTClassic_2003;ShopGold;5B;Gold;5B;5G
Porsche_CayenneTurboGTReward_2022;Prize;5P;Purple;;
Porsche_CayenneTurboGTReward_2022;IAP;5P;Purple;;
Porsche_CayenneTurboGTReward_2022;IAPSpecial;5P;Purple;;
Porsche_CayenneTurboGTReward_2022;Collection;5P;Purple;;
Porsche_CayenneTurboGTRewardRecycled_2022;Gacha;5G;Gold;;
Porsche_CayenneTurboGTRewardRecycled_2022;Collection;5G;Gold;;
Porsche_CaymanGT4_2016;Gacha;3G;Gold;;
Porsche_CaymanGT4_2016;Collection;3G;Gold;;
Porsche_CaymanGT4Salzburg_2016;Prize;4P;Purple;;
Porsche_CaymanGT4Salzburg_2016;IAP;4P;Purple;;
Porsche_CaymanGT4Salzburg_2016;IAPSpecial;4P;Purple;;
Porsche_CaymanGT4Salzburg_2016;Collection;4P;Purple;;
Porsche_DD911GTRSRReward_2017;Prize;5P;Purple;;
Porsche_DD911GTRSRReward_2017;IAP;5P;Purple;;
Porsche_DD911GTRSRReward_2017;IAPSpecial;5P;Purple;;
Porsche_DD911GTRSRReward_2017;Collection;5P;Purple;;
Porsche_DD911GTRSRRewardRecycled_2017;Gacha;5G;Gold;;
Porsche_DD911GTRSRRewardRecycled_2017;Collection;5G;Gold;;
Porsche_Manthey911GT3RSReward_2024;IAPSpecial;5P;Purple;;
Porsche_Manthey911GT3RSReward_2024;IAP;5P;Purple;;
Porsche_Manthey911GT3RSReward_2024;Collection;5P;Purple;;
Porsche_Manthey911GT3RSReward_2024;Prize;5P;Purple;;
Porsche_Manthey911GT3RSRewardRecycled_2024;Gacha;5G;Gold;;
Porsche_MissionRConcept_2021;Prize;5P;Purple;;
Porsche_MissionRConcept_2021;IAP;5P;Purple;;
Porsche_MissionRConcept_2021;IAPSpecial;5P;Purple;;
Porsche_MissionRConcept_2021;Collection;5P;Purple;;
Porsche_PanameraSportTurismoReward_2021;Prize;5P;Purple;;
Porsche_PanameraSportTurismoReward_2021;IAP;5P;Purple;;
Porsche_PanameraSportTurismoReward_2021;IAPSpecial;5P;Purple;;
Porsche_PanameraSportTurismoReward_2021;Collection;5P;Purple;;
Porsche_PanameraSportTurismoRewardRecycled_2021;Gacha;5G;Gold;;
Porsche_PanameraSportTurismoRewardRecycled_2021;Collection;5G;Gold;;
Porsche_RWB911Turbo_1991;Prize;5P;Purple;;
Porsche_RWB911Turbo_1991;IAP;5P;Purple;;
Porsche_RWB911Turbo_1991;IAPSpecial;5P;Purple;;
Porsche_RWB911Turbo_1991;Collection;5P;Purple;;
Porsche_RWB964Reward_1991;Prize;5P;Purple;;
Porsche_RWB964Reward_1991;IAP;5P;Purple;;
Porsche_RWB964Reward_1991;IAPSpecial;5P;Purple;;
Porsche_RWB964Reward_1991;Collection;5P;Purple;;
Porsche_RWB964RewardRecycled_1991;Gacha;5G;Gold;;
Porsche_RWB964RewardRecycled_1991;Collection;5G;Gold;;
Porsche_RWB993Evo_1993;Prize;5P;Purple;;
Porsche_RWB993Evo_1993;IAP;5P;Purple;;
Porsche_RWB993Evo_1993;IAPSpecial;5P;Purple;;
Porsche_RWB993Evo_1993;Collection;5P;Purple;;
Porsche_RWB993Reward_1993;Prize;5P;Purple;;
Porsche_RWB993Reward_1993;IAP;5P;Purple;;
Porsche_RWB993Reward_1993;IAPSpecial;5P;Purple;;
Porsche_RWB993Reward_1993;Collection;5P;Purple;;
Porsche_RWB993RewardRecycled_1993;Gacha;5G;Gold;;
Porsche_RWB993RewardRecycled_1993;Collection;5G;Gold;;
Porsche_RWB993Rotana_1993;Prize;5P;Purple;;
Porsche_RWB993Rotana_1993;IAP;5P;Purple;;
Porsche_RWB993Rotana_1993;IAPSpecial;5P;Purple;;
Porsche_RWB993Rotana_1993;Collection;5P;Purple;;
Porsche_TaycanTurboGTReward_2025;Prize;5P;Purple;;
Porsche_TaycanTurboGTReward_2025;IAP;5P;Purple;;
Porsche_TaycanTurboGTReward_2025;IAPSpecial;5P;Purple;;
Porsche_TaycanTurboGTReward_2025;Collection;5P;Purple;;
Porsche_TaycanTurboGTRewardRecycled_2025;Gacha;5G;Gold;;
Porsche_TaycanTurboGTRewardRecycled_2025;Collection;5G;Gold;;
Porsche_TaycanTurboSCrossTurismo_2022;Prize;5P;Purple;;
Porsche_TaycanTurboSCrossTurismo_2022;IAP;5P;Purple;;
Porsche_TaycanTurboSCrossTurismo_2022;IAPSpecial;5P;Purple;;
Porsche_TaycanTurboSCrossTurismo_2022;Collection;5P;Purple;;
Porsche_TaycanTurboSPride_2021;Prize;5P;Purple;;
Porsche_TaycanTurboSPride_2021;IAP;5P;Purple;;
Porsche_TaycanTurboSPride_2021;IAPSpecial;5P;Purple;;
Porsche_TaycanTurboSPride_2021;Collection;5P;Purple;;
Porsche_TaycanTurboSReward_2021;Prize;5P;Purple;;
Porsche_TaycanTurboSReward_2021;IAP;5P;Purple;;
Porsche_TaycanTurboSReward_2021;IAPSpecial;5P;Purple;;
Porsche_TaycanTurboSReward_2021;Collection;5P;Purple;;
Porsche_TaycanTurboSRewardRecycled_2021;Gacha;5G;Gold;;
Porsche_TaycanTurboSRewardRecycled_2021;Collection;5G;Gold;;
Porsche_VorsteinerGT4VCS_2016;Gacha;3G;Gold;;
Porsche_VorsteinerGT4VCS_2016;Collection;3G;Gold;;
Radford_Type62GOSH_2021;Prize;5P;Purple;;
Radford_Type62GOSH_2021;IAP;5P;Purple;;
Radford_Type62GOSH_2021;IAPSpecial;5P;Purple;;
Radford_Type62GOSH_2021;Collection;5P;Purple;;
Radford_Type62PikesPeak_2023;Prize;5P;Purple;;
Radford_Type62PikesPeak_2023;IAP;5P;Purple;;
Radford_Type62PikesPeak_2023;IAPSpecial;5P;Purple;;
Radford_Type62PikesPeak_2023;Collection;5P;Purple;;
Radford_Type62Reward_2021;Prize;5P;Purple;;
Radford_Type62Reward_2021;IAP;5P;Purple;;
Radford_Type62Reward_2021;IAPSpecial;5P;Purple;;
Radford_Type62Reward_2021;Collection;5P;Purple;;
Radford_Type62RewardRecycled_2021;Gacha;5G;Gold;;
Radford_Type62RewardRecycled_2021;Collection;5G;Gold;;
RAESR_TachyonSpeed_2024;IAPSpecial;5P;Purple;;
RAESR_TachyonSpeed_2024;IAP;5P;Purple;;
RAESR_TachyonSpeed_2024;Collection;5P;Purple;;
RAESR_TachyonSpeed_2024;Prize;5P;Purple;;
RAM_1500TRX_2021;Gacha;4G;Gold;;
RAM_1500TRX_2021;Collection;4G;Gold;;
RAM_1500TRX_2021;IAP;4G;Gold;;
Renault_ClioV6Phase2_2005;Prize;5P;Purple;;
Renault_ClioV6Phase2_2005;IAP;5P;Purple;;
Renault_ClioV6Phase2_2005;IAPSpecial;5P;Purple;;
Renault_ClioV6Phase2_2005;Collection;5P;Purple;;
Rimac_Nevera_2021;Prize;5P;Purple;;
Rimac_Nevera_2021;IAP;5P;Purple;;
Rimac_Nevera_2021;IAPSpecial;5P;Purple;;
Rimac_Nevera_2021;Collection;5P;Purple;;
Rimac_NeveraR_2025;Prize;5P;Purple;;
Rimac_NeveraR_2025;IAPSpecial;5P;Purple;;
Rimac_NeveraR_2025;Collection;5P;Purple;;
Rimac_NeveraR_2025;IAP;5P;Purple;;
Rimac_NeveraReward_2022;Prize;5P;Purple;;
Rimac_NeveraReward_2022;IAP;5P;Purple;;
Rimac_NeveraReward_2022;IAPSpecial;5P;Purple;;
Rimac_NeveraReward_2022;Collection;5P;Purple;;
Rimac_NeveraRewardrecycled_2022;Gacha;5G;Gold;;
Rimac_NeveraRewardrecycled_2022;Collection;5G;Gold;;
RUF_CTR3EVO_2023;Prize;5P;Purple;;
RUF_CTR3EVO_2023;IAP;5P;Purple;;
RUF_CTR3EVO_2023;IAPSpecial;5P;Purple;;
RUF_CTR3EVO_2023;Collection;5P;Purple;;
Saleen_S1Reward_2018;Prize;4P;Purple;;
Saleen_S1Reward_2018;IAP;4P;Purple;;
Saleen_S1Reward_2018;IAPSpecial;4P;Purple;;
Saleen_S1Reward_2018;Collection;4P;Purple;;
Saleen_S1RewardRecycled_2018;Gacha;4G;Gold;;
Saleen_S1RewardRecycled_2018;Collection;4G;Gold;;
Saleen_S7Classic_2004;ShopCash;5B;Gold;5B;5G
Saleen_S7Classic_2004;ShopGold;5B;Gold;5B;5G
SCG_004CS_2020;Prize;5P;Purple;;
SCG_004CS_2020;IAP;5P;Purple;;
SCG_004CS_2020;IAPSpecial;5P;Purple;;
SCG_004CS_2020;Collection;5P;Purple;;
SCG_007_2021;Prize;5P;Purple;;
SCG_007_2021;IAP;5P;Purple;;
SCG_007_2021;IAPSpecial;5P;Purple;;
SCG_007_2021;Collection;5P;Purple;;
SCG_SCG003S_2017;Prize;5P;Purple;;
SCG_SCG003S_2017;IAP;5P;Purple;;
SCG_SCG003S_2017;IAPSpecial;5P;Purple;;
SCG_SCG003S_2017;Collection;5P;Purple;;
SCG_SCG003SCarbon_2017;Prize;5P;Purple;;
SCG_SCG003SCarbon_2017;IAP;5P;Purple;;
SCG_SCG003SCarbon_2017;IAPSpecial;5P;Purple;;
SCG_SCG003SCarbon_2017;Collection;5P;Purple;;
SCG_SCG004CReward_2019;Prize;5P;Purple;;
SCG_SCG004CReward_2019;IAP;5P;Purple;;
SCG_SCG004CReward_2019;IAPSpecial;5P;Purple;;
SCG_SCG004CReward_2019;Collection;5P;Purple;;
SCG_SCG004CRewardRecycled_2019;Gacha;5G;Gold;;
SCG_SCG004CRewardRecycled_2019;Collection;5G;Gold;;
Shelby_Cobra427SCClassic_1965;ShopCash;4B;Gold;4B;4G
Shelby_Cobra427SCClassic_1965;ShopGold;4B;Gold;4B;4G
Shelby_CobraDaytonaLP_1964;Prize;5P;Purple;5P;5P
Shelby_MustangSuperSnakeR_2025;Collection;5P;Purple;;
Shelby_MustangSuperSnakeR_2025;IAPSpecial;5P;Purple;;
Shelby_MustangSuperSnakeR_2025;IAP;5P;Purple;;
Shelby_MustangSuperSnakeR_2025;Prize;5P;Purple;;
Shelby_SuperSnakeReward_2019;Prize;5P;Purple;;
Shelby_SuperSnakeReward_2019;IAP;5P;Purple;;
Shelby_SuperSnakeReward_2019;IAPSpecial;5P;Purple;;
Shelby_SuperSnakeReward_2019;Collection;5P;Purple;;
Shelby_SuperSnakeRewardRecycled_2019;Gacha;5G;Gold;5G;5G
Shelby_SuperSnakeRewardRecycled_2019;Collection;5G;Gold;5G;5G
Shelby_SuperSnakeS650Reward_2024;Prize;5P;Purple;;
Shelby_SuperSnakeS650Reward_2024;IAP;5P;Purple;;
Shelby_SuperSnakeS650Reward_2024;IAPSpecial;5P;Purple;;
Shelby_SuperSnakeS650Reward_2024;Collection;5P;Purple;;
Shelby_SuperSnakeS650RewardRecycled_2024;Gacha;5G;Gold;;
Shelby_SuperSnakeS650RewardRecycled_2024;Collection;5G;Gold;;
Spyker_C8PreliatorReward_2017;Prize;5P;Purple;;
Spyker_C8PreliatorReward_2017;IAP;5P;Purple;;
Spyker_C8PreliatorReward_2017;IAPSpecial;5P;Purple;;
Spyker_C8PreliatorReward_2017;Collection;5P;Purple;;
Spyker_C8PreliatorRewardRecycled_2017;Gacha;5G;Gold;;
Spyker_C8PreliatorRewardRecycled_2017;Collection;5G;Gold;;
Spyker_C8PreliatorSpyder_2017;Prize;5P;Purple;;
Spyker_C8PreliatorSpyder_2017;IAP;5P;Purple;;
Spyker_C8PreliatorSpyder_2017;IAPSpecial;5P;Purple;;
Spyker_C8PreliatorSpyder_2017;Collection;5P;Purple;;
SSC_Tuatara_2019;Prize;5P;Purple;;
SSC_Tuatara_2019;IAP;5P;Purple;;
SSC_Tuatara_2019;IAPSpecial;5P;Purple;;
SSC_Tuatara_2019;Collection;5P;Purple;;
SSC_TuataraGold_2019;Prize;5P;Purple;;
SSC_TuataraGold_2019;IAP;5P;Purple;;
SSC_TuataraGold_2019;IAPSpecial;5P;Purple;;
SSC_TuataraGold_2019;Collection;5P;Purple;;
SSC_TuataraSilver_2019;Gacha;5G;Gold;;
SSC_TuataraSilver_2019;Collection;5G;Gold;;
SSC_TuataraStriker_2022;Prize;5P;Purple;;
SSC_TuataraStriker_2022;IAP;5P;Purple;;
SSC_TuataraStriker_2022;IAPSpecial;5P;Purple;;
SSC_TuataraStriker_2022;Collection;5P;Purple;;
SSC_TuataraWRE_2020;Prize;5P;Purple;;
SSC_TuataraWRE_2020;IAP;5P;Purple;;
SSC_TuataraWRE_2020;IAPSpecial;5P;Purple;;
SSC_TuataraWRE_2020;Collection;5P;Purple;;
SSC_UltimateAeroTT_2009;Collection;5P;Purple;;
SSC_UltimateAeroTT_2009;IAPSpecial;5P;Purple;;
SSC_UltimateAeroTT_2009;IAP;5P;Purple;;
SSC_UltimateAeroTT_2009;Prize;5P;Purple;;
Subaru_BRZF8_2013;Prize;4P;Purple;;
Subaru_BRZF8_2013;IAP;4P;Purple;;
Subaru_BRZF8_2013;IAPSpecial;4P;Purple;;
Subaru_BRZF8_2013;Collection;4P;Purple;;
Subaru_BRZRocketBunny_2013;Gacha;3G;Gold;;
Subaru_BRZRocketBunny_2013;Collection;3G;Gold;;
Subaru_BRZRocketBunnyVIP_2013;Collection;3G;Gold;;
Subaru_BRZRocketBunnyVIP_2013;Gacha;3G;Gold;;
Subaru_BRZtSReward_2024;Prize;4P;Purple;;
Subaru_BRZtSReward_2024;IAP;4P;Purple;;
Subaru_BRZtSReward_2024;IAPSpecial;4P;Purple;;
Subaru_BRZtSReward_2024;Collection;4P;Purple;;
Subaru_BRZtSRewardRecycled_2024;Gacha;4G;Gold;;
Subaru_BRZtSRewardRecycled_2024;Collection;4G;Gold;;
Subaru_BRZtSTNR_2020;IAP;5P;Purple;5B;5P
Subaru_BRZtSTNR_2020;ShopGold;5P;Purple;5B;5P
Subaru_ImprezaWRXF4_2009;Prize;5P;Purple;;
Subaru_ImprezaWRXF4_2009;IAP;5P;Purple;;
Subaru_ImprezaWRXF4_2009;IAPSpecial;5P;Purple;;
Subaru_ImprezaWRXF4_2009;Collection;5P;Purple;;
Subaru_ImprezaWRXSTI_2014;ShopCash;0G;Gold;;
Subaru_ImprezaWRXSTI_2014;ShopGold;0G;Gold;;
Subaru_ImprezaWRXSTI_2014;Gacha;1G;Gold;;
Subaru_VarisImprezaWRXSTI_2014;Prize;5P;Purple;;
Subaru_VarisImprezaWRXSTI_2014;IAP;5P;Purple;;
Subaru_VarisImprezaWRXSTI_2014;IAPSpecial;5P;Purple;;
Subaru_VarisImprezaWRXSTI_2014;Collection;5P;Purple;;
Subaru_VarisWRXSTICALM_2018;Prize;5P;Purple;;
Subaru_VarisWRXSTICALM_2018;IAP;5P;Purple;;
Subaru_VarisWRXSTICALM_2018;IAPSpecial;5P;Purple;;
Subaru_VarisWRXSTICALM_2018;Collection;5P;Purple;;
Subaru_WRXSTIF8_2018;Prize;5P;Purple;;
Subaru_WRXSTIF8_2018;IAP;5P;Purple;;
Subaru_WRXSTIF8_2018;IAPSpecial;5P;Purple;;
Subaru_WRXSTIF8_2018;Collection;5P;Purple;;
Subaru_WRXSTIGobstopperII_2015;Prize;5P;Purple;;
Subaru_WRXSTIGobstopperII_2015;IAP;5P;Purple;;
Subaru_WRXSTIGobstopperII_2015;IAPSpecial;5P;Purple;;
Subaru_WRXSTIGobstopperII_2015;Collection;5P;Purple;;
Subaru_WRXSTITNR_2018;ShopGold;5P;Purple;5B;5P
Subaru_WRXSTITNR_2018;IAP;5P;Purple;5B;5P
Subaru_WRXSTITNR_2018;GenericRewards;5P;Purple;5B;5P
Toyota_86_2014;ShopCash;0G;Gold;;
Toyota_86_2014;ShopGold;0G;Gold;;
Toyota_86_2014;Gacha;1G;Gold;;
Toyota_86_2014;Tutorial;0G;Gold;;
Toyota_86Boss_2014;High_Stakes;3P;Purple;;
Toyota_CamryNASCAR_2022;Prize;5P;Purple;;
Toyota_CamryNASCAR_2022;IAP;5P;Purple;;
Toyota_CamryNASCAR_2022;IAPSpecial;5P;Purple;;
Toyota_CamryNASCAR_2022;Collection;5P;Purple;;
Toyota_GR86TNR_2023;Unknown;5P;Purple;5B;5P
Toyota_GRSupra_2020;Gacha;4G;Gold;;
Toyota_GRSupra_2020;Collection;4G;Gold;;
Toyota_GRSupraF9_2020;Prize;5P;Purple;;
Toyota_GRSupraF9_2020;IAP;5P;Purple;;
Toyota_GRSupraF9_2020;IAPSpecial;5P;Purple;;
Toyota_GRSupraF9_2020;Collection;5P;Purple;;
Toyota_GRSupraTNR_2020;IAP;5P;Purple;5B;5P
Toyota_GRSupraTNR_2020;GenericRewards;5P;Purple;5B;5P
Toyota_GRSupraV2TNR_2021;Unknown;5P;Purple;3G2B;5P
Toyota_GRSupraV2TNR_2021;GenericRewards;5P;Purple;3G2B;5P
Toyota_GRYarisReward_2021;Prize;5P;Purple;;
Toyota_GRYarisReward_2021;IAP;5P;Purple;;
Toyota_GRYarisReward_2021;IAPSpecial;5P;Purple;;
Toyota_GRYarisReward_2021;Collection;5P;Purple;;
Toyota_GRYarisRewardRecycled_2021;Gacha;5G;Gold;;
Toyota_GRYarisRewardRecycled_2021;Collection;5G;Gold;;
Toyota_LBGRSupraReward_2020;Prize;5P;Purple;;
Toyota_LBGRSupraReward_2020;IAP;5P;Purple;;
Toyota_LBGRSupraReward_2020;IAPSpecial;5P;Purple;;
Toyota_LBGRSupraReward_2020;Collection;5P;Purple;;
Toyota_LBGRSupraRewardRecycled_2020;Gacha;5G;Gold;;
Toyota_LBGRSupraRewardRecycled_2020;Collection;5G;Gold;;
Toyota_PandeMGRSupraV15_2020;Prize;5P;Purple;;
Toyota_PandeMGRSupraV15_2020;IAP;5P;Purple;;
Toyota_PandeMGRSupraV15_2020;IAPSpecial;5P;Purple;;
Toyota_PandeMGRSupraV15_2020;Collection;5P;Purple;;
Toyota_PandeMGRSupraV1_2020;Prize;5P;Purple;;
Toyota_PandeMGRSupraV1_2020;IAP;5P;Purple;;
Toyota_PandeMGRSupraV1_2020;IAPSpecial;5P;Purple;;
Toyota_PandeMGRSupraV1_2020;Collection;5P;Purple;;
Toyota_SprinterTruenoAE86_1980;Prize;5P;Purple;;
Toyota_SprinterTruenoAE86_1980;IAP;5P;Purple;;
Toyota_SprinterTruenoAE86_1980;IAPSpecial;5P;Purple;;
Toyota_SprinterTruenoAE86_1980;Collection;5P;Purple;;
Toyota_SupraMK4TNR_1994;Prize;5P;Purple;5B;5P
Toyota_SupraMK4TNR_1994;Collection;5P;Purple;5B;5P
Toyota_SupraMK4TNR_1994;Unknown;5P;Purple;5B;5P
Toyota_SupraMKIVF1_1994;Prize;5P;Purple;;
Toyota_SupraMKIVF1_1994;IAP;5P;Purple;;
Toyota_SupraMKIVF1_1994;IAPSpecial;5P;Purple;;
Toyota_SupraMKIVF1_1994;Collection;5P;Purple;;
Toyota_SupraMKIVF7_1995;IAPSpecial;5P;Purple;;
Toyota_SupraMKIVF7_1995;Prize;5P;Purple;;
Toyota_SupraMKIVF7_1995;Collection;5P;Purple;;
Toyota_SupraMKIVF7_1995;IAP;5P;Purple;;
Toyota_SupraMKIVVaris_1994;Prize;5P;Purple;;
Toyota_SupraMKIVVaris_1994;IAP;5P;Purple;;
Toyota_SupraMKIVVaris_1994;IAPSpecial;5P;Purple;;
Toyota_SupraMKIVVaris_1994;Collection;5P;Purple;;
TVR_GriffithReward_2019;Prize;5P;Purple;;
TVR_GriffithReward_2019;IAP;5P;Purple;;
TVR_GriffithReward_2019;IAPSpecial;5P;Purple;;
TVR_GriffithReward_2019;Collection;5P;Purple;;
TVR_GriffithRewardRecycled_2019;Gacha;5G;Gold;;
TVR_GriffithRewardRecycled_2019;Collection;5G;Gold;;
TVR_Sagaris_2006;Prize;5P;Purple;;
TVR_Sagaris_2006;IAP;5P;Purple;;
TVR_Sagaris_2006;IAPSpecial;5P;Purple;;
TVR_Sagaris_2006;Collection;5P;Purple;;
TVR_SagarisReward_2006;Prize;5P;Purple;;
TVR_SagarisReward_2006;IAP;5P;Purple;;
TVR_SagarisReward_2006;IAPSpecial;5P;Purple;;
TVR_SagarisReward_2006;Collection;5P;Purple;;
TVR_SagarisRewardRecycled_2006;Gacha;5G;Gold;;
TVR_SagarisRewardRecycled_2006;Collection;5G;Gold;;
Ultima_EVOCoupeReward_2016;Prize;5P;Purple;;
Ultima_EVOCoupeReward_2016;IAP;5P;Purple;;
Ultima_EVOCoupeReward_2016;IAPSpecial;5P;Purple;;
Ultima_EVOCoupeReward_2016;Collection;5P;Purple;;
Ultima_EVOCoupeRewardRecycled_2016;Gacha;5G;Gold;;
Ultima_EVOCoupeRewardRecycled_2016;Collection;5G;Gold;;
Ultima_EVOCoupeSupercharged_2016;Prize;5P;Purple;;
Ultima_EVOCoupeSupercharged_2016;IAP;5P;Purple;;
Ultima_EVOCoupeSupercharged_2016;IAPSpecial;5P;Purple;;
Ultima_EVOCoupeSupercharged_2016;Collection;5P;Purple;;
Ultima_RS_2020;Prize;5P;Purple;;
Ultima_RS_2020;IAP;5P;Purple;;
Ultima_RS_2020;IAPSpecial;5P;Purple;;
Ultima_RS_2020;Collection;5P;Purple;;
Ultima_RSGold_2020;Gacha;5G;Gold;;
Ultima_RSGold_2020;Collection;5G;Gold;;
Volkswagen_GolfGTI_2014;ShopCash;0G;Gold;;
Volkswagen_GolfGTI_2014;ShopGold;0G;Gold;;
Volkswagen_GolfGTI_2014;Gacha;1G;Gold;;
Volkswagen_GolfGTI_2014;Tutorial;0G;Gold;;
Volkswagen_GolfGTICrew_1982;High_Stakes;3P;Purple;;
Volkswagen_GolfGTICrewRecycled_1982;Gacha;2G;Gold;;
Volkswagen_GolfGTICrewRecycled_1982;Collection;2G;Gold;;
Volkswagen_GolfGTIElite_2014;High_Stakes;3P;Purple;;
Volkswagen_IDR_2019;Prize;5P;Purple;;
Volkswagen_IDR_2019;IAP;5P;Purple;;
Volkswagen_IDR_2019;IAPSpecial;5P;Purple;;
Volkswagen_IDR_2019;Collection;5P;Purple;;
Volkswagen_JettaF1_1995;Prize;5P;Purple;;
Volkswagen_JettaF1_1995;IAP;5P;Purple;;
Volkswagen_JettaF1_1995;IAPSpecial;5P;Purple;;
Volkswagen_JettaF1_1995;Collection;5P;Purple;;
Volkswagen_RocketBunnyGolfGTI_2014;Gacha;3G;Gold;;
Volkswagen_RocketBunnyGolfGTI_2014;Collection;3G;Gold;;
Volkswagen_SciroccoR_2015;ShopGold;0G;Gold;;
Volkswagen_SciroccoR_2015;Gacha;1G;Gold;;
VUHL_05RRReward_2019;Prize;5P;Purple;;
VUHL_05RRReward_2019;IAP;5P;Purple;;
VUHL_05RRReward_2019;IAPSpecial;5P;Purple;;
VUHL_05RRReward_2019;Collection;5P;Purple;;
VUHL_05RRRewardRecycled_2019;Gacha;5G;Gold;;
VUHL_05RRRewardRecycled_2019;Collection;5G;Gold;;
WMotors_FenyrSupersportReward_2016;Prize;5P;Purple;;
WMotors_FenyrSupersportReward_2016;IAP;5P;Purple;;
WMotors_FenyrSupersportReward_2016;IAPSpecial;5P;Purple;;
WMotors_FenyrSupersportReward_2016;Collection;5P;Purple;;
WMotors_FenyrSupersportRewardRecycled_2016;Gacha;5G;Gold;;
WMotors_FenyrSupersportRewardRecycled_2016;Collection;5G;Gold;;
WMotors_LykanHyperSportReward_2015;Prize;4P;Purple;;
WMotors_LykanHyperSportReward_2015;IAP;4P;Purple;;
WMotors_LykanHyperSportReward_2015;IAPSpecial;4P;Purple;;
WMotors_LykanHyperSportReward_2015;Collection;4P;Purple;;
WMotors_LykanHyperSportRewardRecycled_2015;Gacha;4G;Gold;;
WMotors_LykanHyperSportRewardRecycled_2015;Collection;4G;Gold;;
Zenvo_AuroraAgil_2024;Prize;5P;Purple;;
Zenvo_AuroraAgil_2024;IAP;5P;Purple;;
Zenvo_AuroraAgil_2024;IAPSpecial;5P;Purple;;
Zenvo_AuroraAgil_2024;Collection;5P;Purple;;
Zenvo_AuroraTur_2024;Prize;5P;Purple;;
Zenvo_AuroraTur_2024;IAP;5P;Purple;;
Zenvo_AuroraTur_2024;IAPSpecial;5P;Purple;;
Zenvo_AuroraTur_2024;Collection;5P;Purple;;
Zenvo_AuroraTurReward_2024;Prize;5P;Purple;;
Zenvo_AuroraTurReward_2024;IAP;5P;Purple;;
Zenvo_AuroraTurReward_2024;IAPSpecial;5P;Purple;;
Zenvo_AuroraTurReward_2024;Collection;5P;Purple;;
Zenvo_AuroraTurRewardRecycled_2024;Gacha;5G;Gold;;
Zenvo_AuroraTurRewardRecycled_2024;Collection;5G;Gold;;
Zenvo_TS1GT_2018;Prize;5P;Purple;;
Zenvo_TS1GT_2018;IAP;5P;Purple;;
Zenvo_TS1GT_2018;IAPSpecial;5P;Purple;;
Zenvo_TS1GT_2018;Collection;5P;Purple;;
Zenvo_TS1GTReward_2018;Prize;5P;Purple;;
Zenvo_TS1GTReward_2018;IAP;5P;Purple;;
Zenvo_TS1GTReward_2018;IAPSpecial;5P;Purple;;
Zenvo_TS1GTReward_2018;Collection;5P;Purple;;
Zenvo_TS1GTRewardRecycled_2018;Gacha;5G;Gold;;
Zenvo_TS1GTRewardRecycled_2018;Collection;5G;Gold;;
Zenvo_TSRGTReward_2023;Prize;5P;Purple;;
Zenvo_TSRGTReward_2023;IAP;5P;Purple;;
Zenvo_TSRGTReward_2023;IAPSpecial;5P;Purple;;
Zenvo_TSRGTReward_2023;Collection;5P;Purple;;
Zenvo_TSRGTRewardRecycled_2023;Gacha;5G;Gold;;
Zenvo_TSRGTRewardRecycled_2023;Collection;5G;Gold;;
Zenvo_TSRS_2019;Prize;5P;Purple;;
Zenvo_TSRS_2019;IAP;5P;Purple;;
Zenvo_TSRS_2019;IAPSpecial;5P;Purple;;
Zenvo_TSRS_2019;Collection;5P;Purple;;
Zenvo_TSRS_2020;Prize;5P;Purple;;
Zenvo_TSRS_2020;IAP;5P;Purple;;
Zenvo_TSRS_2020;IAPSpecial;5P;Purple;;
Zenvo_TSRS_2020;Collection;5P;Purple;;
Zenvo_TSRSGold_2020;Prize;5P;Purple;;
Zenvo_TSRSGold_2020;IAP;5P;Purple;;
Zenvo_TSRSGold_2020;IAPSpecial;5P;Purple;;
Zenvo_TSRSGold_2020;Collection;5P;Purple;;
